step,type,amount,nameOrig,oldbalanceOrg,newbalanceOrig,nameDest,oldbalanceDest,newbalanceDest,isFraud,isFlaggedFraud,hour_of_day,day_of_sim,is_night,amount_log1p,type_CASH_IN,type_CASH_OUT,type_DEBIT,type_PAYMENT,type_TRANSFER,diagnostic_amt_to_oldbalanceOrg_ratio,diagnostic_orig_balance_delta,diagnostic_dest_balance_delta,diagnostic_orig_fully_drained,diagnostic_dest_zero_zero_balance,receiver_txn_count_before,receiver_total_amount_before,receiver_txn_count_last24_before,receiver_avg_amount_before,receiver_steps_since_last,receiver_is_new,sender_txn_count_before,sender_is_new,split
1,PAYMENT,9839.64,C1231006815,170136.0,160296.36,M1979787155,0.0,0.0,0,0,1,1,1,9.194276,0,0,0,1,0,0.057833627,0.0,,0,0,0,0.0,0,0.0,-1,1,0,1,train
1,PAYMENT,1864.28,C1666544295,21249.0,19384.72,M2044282225,0.0,0.0,0,0,1,1,1,7.5311666,0,0,0,1,0,0.087730825,0.0,,0,0,0,0.0,0,0.0,-1,1,0,1,train
1,TRANSFER,181.0,C1305486145,181.0,0.0,C553264065,0.0,0.0,1,0,1,1,1,5.2040067,0,0,0,0,1,0.99450547,0.0,-181.0,1,1,0,0.0,0,0.0,-1,1,0,1,train
1,CASH_OUT,181.0,C840083671,181.0,0.0,C38997010,21182.0,0.0,1,0,1,1,1,5.2040067,0,1,0,0,0,0.99450547,0.0,-21363.0,1,0,0,0.0,0,0.0,-1,1,0,1,train
1,PAYMENT,11668.14,C2048537720,41554.0,29885.86,M1230701703,0.0,0.0,0,0,1,1,1,9.364703,0,0,0,1,0,0.2807879,0.0,,0,0,0,0.0,0,0.0,-1,1,0,1,train
1,PAYMENT,7817.71,C90045638,53860.0,46042.29,M573487274,0.0,0.0,0,0,1,1,1,8.964274,0,0,0,1,0,0.14514603,0.0,,0,0,0,0.0,0,0.0,-1,1,0,1,train
1,PAYMENT,7107.77,C154988899,183195.0,176087.23,M408069119,0.0,0.0,0,0,1,1,1,8.869084,0,0,0,1,0,0.03879872,0.0,,0,0,0,0.0,0,0.0,-1,1,0,1,train
1,PAYMENT,7861.64,C1912850431,176087.23,168225.59,M633326333,0.0,0.0,0,0,1,1,1,8.969877,0,0,0,1,0,0.04464603,0.0,,0,0,0,0.0,0,0.0,-1,1,0,1,train
1,PAYMENT,4024.36,C1265012928,2671.0,0.0,M1176932104,0.0,0.0,0,0,1,1,1,8.300369,0,0,0,1,0,1.5061227,-1353.36,,1,0,0,0.0,0,0.0,-1,1,0,1,train
1,DEBIT,5337.77,C712410124,41720.0,36382.23,C195600860,41898.0,40348.79,0,0,1,1,1,8.58275,0,0,1,0,0,0.12793964,-7.275958e-12,-6886.98,0,0,0,0.0,0,0.0,-1,1,0,1,train
1,DEBIT,9644.94,C1900366749,4465.0,0.0,C997608398,10845.0,157982.12,0,0,1,1,1,9.174293,0,0,1,0,0,2.1596372,-5179.94,137492.19,1,0,0,0.0,0,0.0,-1,1,0,1,train
1,PAYMENT,3099.97,C249177573,20771.0,17671.03,M2096539129,0.0,0.0,0,0,1,1,1,8.039471,0,0,0,1,0,0.14923792,0.0,,0,0,0,0.0,0,0.0,-1,1,0,1,train
1,PAYMENT,2560.74,C1648232591,5070.0,2509.26,M972865270,0.0,0.0,0,0,1,1,1,7.848442,0,0,0,1,0,0.50497735,0.0,,0,0,0,0.0,0,0.0,-1,1,0,1,train
1,PAYMENT,11633.76,C1716932897,10127.0,0.0,M801569151,0.0,0.0,0,0,1,1,1,9.3617525,0,0,0,1,0,1.1486729,-1506.76,,1,0,0,0.0,0,0.0,-1,1,0,1,train
1,PAYMENT,4098.78,C1026483832,503264.0,499165.22,M1635378213,0.0,0.0,0,0,1,1,1,8.318688,0,0,0,1,0,0.008144377,0.0,,0,0,0,0.0,0,0.0,-1,1,0,1,train
1,CASH_OUT,229133.94,C905080434,15325.0,0.0,C476402209,5083.0,51513.44,0,0,1,1,1,12.342067,0,1,0,0,0,14.950668,-213808.94,-182703.5,1,0,0,0.0,0,0.0,-1,1,0,1,train
1,PAYMENT,1563.82,C761750706,450.0,0.0,M1731217984,0.0,0.0,0,0,1,1,1,7.355526,0,0,0,1,0,3.4674501,-1113.82,,1,0,0,0.0,0,0.0,-1,1,0,1,train
1,PAYMENT,1157.86,C1237762639,21156.0,19998.14,M1877062907,0.0,0.0,0,0,1,1,1,7.055192,0,0,0,1,0,0.05472704,0.0,,0,0,0,0.0,0,0.0,-1,1,0,1,train
1,PAYMENT,671.64,C2033524545,15123.0,14451.36,M473053293,0.0,0.0,0,0,1,1,1,6.5112104,0,0,0,1,0,0.044408888,0.0,,0,0,0,0.0,0,0.0,-1,1,0,1,train
1,TRANSFER,215310.3,C1670993182,705.0,0.0,C1100439041,22425.0,0.0,0,0,1,1,1,12.27984,0,0,0,0,1,304.9721,-214605.3,-237735.3,1,0,0,0.0,0,0.0,-1,1,0,1,train
1,PAYMENT,1373.43,C20804602,13854.0,12480.57,M1344519051,0.0,0.0,0,0,1,1,1,7.2257943,0,0,0,1,0,0.099128835,0.0,,0,0,0,0.0,0,0.0,-1,1,0,1,train
1,DEBIT,9302.79,C1566511282,11299.0,1996.21,C1973538135,29832.0,16896.7,0,0,1,1,1,9.138177,0,0,1,0,0,0.8232558,-9.094947e-13,-22238.09,0,0,0,0.0,0,0.0,-1,1,0,1,train
1,DEBIT,1065.41,C1959239586,1817.0,751.59,C515132998,10330.0,0.0,0,0,1,1,1,6.972053,0,0,1,0,0,0.5860341,-1.1368684e-13,-11395.41,0,0,0,0.0,0,0.0,-1,1,0,1,train
1,PAYMENT,3876.41,C504336483,67852.0,63975.59,M1404932042,0.0,0.0,0,0,1,1,1,8.262922,0,0,0,1,0,0.05712953,0.0,,0,0,0,0.0,0,0.0,-1,1,0,1,train
1,TRANSFER,311685.89,C1984094095,10835.0,0.0,C932583850,6267.0,2719172.89,0,0,1,1,1,12.649755,0,0,0,0,1,28.763926,-300850.88,2.40122e+06,1,0,0,0.0,0,0.0,-1,1,0,1,train
1,PAYMENT,6061.13,C1043358826,443.0,0.0,M1558079303,0.0,0.0,0,0,1,1,1,8.709817,0,0,0,1,0,13.651194,-5618.13,,1,0,0,0.0,0,0.0,-1,1,0,1,train
1,PAYMENT,9478.39,C1671590089,116494.0,107015.61,M58488213,0.0,0.0,0,0,1,1,1,9.156876,0,0,0,1,0,0.08136306,0.0,,0,0,0,0.0,0,0.0,-1,1,0,1,train
1,PAYMENT,8009.09,C1053967012,10968.0,2958.91,M295304806,0.0,0.0,0,0,1,1,1,8.988458,0,0,0,1,0,0.7301568,0.0,,0,0,0,0.0,0,0.0,-1,1,0,1,train
1,PAYMENT,8901.99,C1632497828,2958.91,0.0,M33419717,0.0,0.0,0,0,1,1,1,9.094143,0,0,0,1,0,3.0075204,-5943.08,,1,0,0,0.0,0,0.0,-1,1,0,1,train
1,PAYMENT,9920.52,C764826684,0.0,0.0,M1940055334,0.0,0.0,0,0,1,1,1,9.202461,0,0,0,1,0,9920.52,-9920.52,,0,0,0,0.0,0,0.0,-1,1,0,1,train
1,PAYMENT,3448.92,C2103763750,0.0,0.0,M335107734,0.0,0.0,0,0,1,1,1,8.146107,0,0,0,1,0,3448.92,-3448.92,,0,0,0,0.0,0,0.0,-1,1,0,1,train
1,PAYMENT,4206.84,C215078753,0.0,0.0,M1757317128,0.0,0.0,0,0,1,1,1,8.344705,0,0,0,1,0,4206.84,-4206.84,,0,0,0,0.0,0,0.0,-1,1,0,1,train
1,PAYMENT,5885.56,C840514538,0.0,0.0,M1804441305,0.0,0.0,0,0,1,1,1,8.680427,0,0,0,1,0,5885.56,-5885.56,,0,0,0,0.0,0,0.0,-1,1,0,1,train
1,PAYMENT,5307.88,C1768242710,0.0,0.0,M1971783162,0.0,0.0,0,0,1,1,1,8.577136,0,0,0,1,0,5307.88,-5307.88,,0,0,0,0.0,0,0.0,-1,1,0,1,train
1,PAYMENT,5031.22,C247113419,0.0,0.0,M151442075,0.0,0.0,0,0,1,1,1,8.523617,0,0,0,1,0,5031.22,-5031.22,,0,0,0,0.0,0,0.0,-1,1,0,1,train
1,PAYMENT,24213.67,C1238616099,0.0,0.0,M70695990,0.0,0.0,0,0,1,1,1,10.094714,0,0,0,1,0,24213.67,-24213.67,,0,0,0,0.0,0,0.0,-1,1,0,1,train
1,PAYMENT,8603.42,C1608633989,253.0,0.0,M1615617512,0.0,0.0,0,0,1,1,1,9.060031,0,0,0,1,0,33.87173,-8350.42,,1,0,0,0.0,0,0.0,-1,1,0,1,train
1,PAYMENT,2791.42,C923341586,300481.0,297689.58,M107994825,0.0,0.0,0,0,1,1,1,7.934664,0,0,0,1,0,0.009289808,0.0,,0,0,0,0.0,0,0.0,-1,1,0,1,train
1,PAYMENT,7413.54,C1470868839,297689.58,290276.03,M1426725223,0.0,0.0,0,0,1,1,1,8.911199,0,0,0,1,0,0.02490351,0.01,,0,0,0,0.0,0,0.0,-1,1,0,1,train
1,PAYMENT,3295.19,C711197015,233633.0,230337.81,M1384454980,0.0,0.0,0,0,1,1,1,8.100523,0,0,0,1,0,0.014104069,0.0,,0,0,0,0.0,0,0.0,-1,1,0,1,train
1,PAYMENT,1684.81,C1481594086,297.0,0.0,M1569435561,0.0,0.0,0,0,1,1,1,7.4300013,0,0,0,1,0,5.6537247,-1387.81,,1,0,0,0.0,0,0.0,-1,1,0,1,train
1,DEBIT,5758.59,C1466917878,32604.0,26845.41,C1297685781,209699.0,16997.22,0,0,1,1,1,8.658622,0,0,1,0,0,0.17661677,0.0,-198460.38,0,0,0,0.0,0,0.0,-1,1,0,1,train
1,CASH_OUT,110414.71,C768216420,26845.41,0.0,C1509514333,288800.0,2415.16,0,0,1,1,1,11.612008,0,1,0,0,0,4.1128297,-83569.3,-396799.56,1,0,0,0.0,0,0.0,-1,1,0,1,train
1,PAYMENT,7823.46,C260084831,998.0,0.0,M267814113,0.0,0.0,0,0,1,1,1,8.96501,0,0,0,1,0,7.831291,-6825.46,,1,0,0,0.0,0,0.0,-1,1,0,1,train
1,PAYMENT,5086.48,C598357562,0.0,0.0,M1593224710,0.0,0.0,0,0,1,1,1,8.534538,0,0,0,1,0,5086.48,-5086.48,,0,0,0,0.0,0,0.0,-1,1,0,1,train
1,PAYMENT,5281.48,C1440738283,152019.0,146737.52,M1849015357,0.0,0.0,0,0,1,1,1,8.572151,0,0,0,1,0,0.03474201,0.0,,0,0,0,0.0,0,0.0,-1,1,0,1,train
1,PAYMENT,13875.98,C484199463,15818.0,1942.02,M2008106788,0.0,0.0,0,0,1,1,1,9.537987,0,0,0,1,0,0.87717175,4.5474735e-13,,0,0,0,0.0,0,0.0,-1,1,0,1,train
1,CASH_OUT,56953.9,C1570470538,1942.02,0.0,C824009085,70253.0,64106.18,0,0,1,1,1,10.950015,0,1,0,0,0,29.31205,-55011.88,-63100.72,1,0,0,0.0,0,0.0,-1,1,0,1,train
1,CASH_OUT,5346.89,C512549200,0.0,0.0,C248609774,652637.0,6453430.91,0,0,1,1,1,8.584457,0,1,0,0,0,5346.89,-5346.89,5.795447e+06,0,0,0,0.0,0,0.0,-1,1,0,1,train
1,PAYMENT,2204.04,C1615801298,586.0,0.0,M490391704,0.0,0.0,0,0,1,1,1,7.698501,0,0,0,1,0,3.7547529,-1618.04,,1,0,0,0.0,0,0.0,-1,1,0,1,train
1,PAYMENT,2641.47,C460570271,23053.0,20411.53,M1653361344,0.0,0.0,0,0,1,1,1,7.8794694,0,0,0,1,0,0.11457752,0.0,,0,0,0,0.0,0,0.0,-1,1,0,1,train
1,CASH_OUT,23261.3,C2072313080,20411.53,0.0,C2001112025,25742.0,0.0,0,0,1,1,1,10.054589,0,1,0,0,0,1.1395599,-2849.77,-49003.3,1,0,0,0.0,0,0.0,-1,1,0,1,train
1,PAYMENT,2330.64,C816944408,203543.0,201212.36,M909132503,0.0,0.0,0,0,1,1,1,7.7543273,0,0,0,1,0,0.011450301,0.0,,0,0,0,0.0,0,0.0,-1,1,0,1,train
1,PAYMENT,1614.64,C912966811,41276.0,39661.36,M1792384402,0.0,0.0,0,0,1,1,1,7.3874865,0,0,0,1,0,0.039117184,0.0,,0,0,0,0.0,0,0.0,-1,1,0,1,train
1,PAYMENT,9164.71,C1458621573,47235.77,38071.06,M1658980982,0.0,0.0,0,0,1,1,1,9.123224,0,0,0,1,0,0.19401644,0.0,,0,0,0,0.0,0,0.0,-1,1,0,1,train
1,PAYMENT,2970.97,C46941357,38071.06,35100.09,M1152606315,0.0,0.0,0,0,1,1,1,7.99698,0,0,0,1,0,0.078035444,0.0,,0,0,0,0.0,0,0.0,-1,1,0,1,train
1,PAYMENT,38.66,C343345308,16174.0,16135.34,M1714688478,0.0,0.0,0,0,1,1,1,3.6803432,0,0,0,1,0,0.0023901083,0.0,,0,0,0,0.0,0,0.0,-1,1,0,1,train
1,PAYMENT,2252.44,C104716441,1627.0,0.0,M1506951181,0.0,0.0,0,0,1,1,1,7.7202134,0,0,0,1,0,1.3835627,-625.44,,1,0,0,0.0,0,0.0,-1,1,0,1,train
1,TRANSFER,62610.8,C1976401987,79114.0,16503.2,C1937962514,517.0,8383.29,0,0,1,1,1,11.044709,0,0,0,0,1,0.79138976,-3.637979e-12,-54744.51,0,0,0,0.0,0,0.0,-1,1,0,1,train
1,DEBIT,5529.13,C867288517,8547.0,3017.87,C242131142,10206.0,0.0,0,0,1,1,1,8.617967,0,0,1,0,0,0.6468332,0.0,-15735.13,0,0,0,0.0,0,0.0,-1,1,0,1,train
1,CASH_OUT,82940.31,C1528834618,3017.87,0.0,C476800120,132372.0,49864.36,0,0,1,1,1,11.325889,0,1,0,0,0,27.473959,-79922.44,-165447.95,1,0,0,0.0,0,0.0,-1,1,0,1,train
1,DEBIT,4510.22,C280615803,10256.0,5745.78,C1254526270,10697.0,0.0,0,0,1,1,1,8.414323,0,0,1,0,0,0.43972117,0.0,-15207.22,0,0,0,0.0,0,0.0,-1,1,0,1,train
1,DEBIT,8727.74,C166694583,882770.0,874042.26,C1129670968,12636.0,0.0,0,0,1,1,1,9.074376,0,0,1,0,0,0.009886755,0.0,-21363.74,0,0,0,0.0,0,0.0,-1,1,0,1,train
1,PAYMENT,2599.46,C885910946,874042.26,871442.79,M1860591867,0.0,0.0,0,0,1,1,1,7.863444,0,0,0,1,0,0.0029740634,0.01,,0,0,0,0.0,0,0.0,-1,1,0,1,train
1,DEBIT,4874.49,C811207775,153.0,0.0,C1971489295,253104.0,0.0,0,0,1,1,1,8.491976,0,0,1,0,0,31.652533,-4721.49,-257978.48,1,0,0,0.0,0,0.0,-1,1,0,1,train
1,PAYMENT,6440.78,C1161148117,2192.0,0.0,M516875052,0.0,0.0,0,0,1,1,1,8.77056,0,0,0,1,0,2.9369721,-4248.78,,1,0,0,0.0,0,0.0,-1,1,0,1,train
1,PAYMENT,4910.14,C1131592118,41551.0,36640.86,M589987187,0.0,0.0,0,0,1,1,1,8.499261,0,0,0,1,0,0.11816856,0.0,,0,0,0,0.0,0,0.0,-1,1,0,1,train
1,PAYMENT,6444.64,C1262609629,12019.0,5574.36,M587180314,0.0,0.0,0,0,1,1,1,8.771159,0,0,0,1,0,0.53615975,0.0,,0,0,0,0.0,0,0.0,-1,1,0,1,train
1,DEBIT,5149.66,C1955990522,4782.0,0.0,C1330106945,52752.0,24044.18,0,0,1,1,1,8.54688,0,0,1,0,0,1.076659,-367.66,-33857.48,1,0,0,0.0,0,0.0,-1,1,0,1,train
1,PAYMENT,7292.16,C69673470,216827.0,209534.84,M1082411691,0.0,0.0,0,0,1,1,1,8.894692,0,0,0,1,0,0.033631083,0.0,,0,0,0,0.0,0,0.0,-1,1,0,1,train
1,CASH_OUT,47458.86,C527211736,209534.84,162075.98,C2096057945,52120.0,0.0,0,0,1,1,1,10.767639,0,1,0,0,0,0.22649519,-2.910383e-11,-99578.86,0,0,0,0.0,0,0.0,-1,1,0,1,train
1,CASH_OUT,136872.92,C1533123860,162075.98,25203.05,C766572210,217806.0,0.0,0,0,1,1,1,11.826816,0,1,0,0,0,0.84449327,0.01,-354678.9,0,0,0,0.0,0,0.0,-1,1,0,1,train
1,CASH_OUT,94253.33,C1718906711,25203.05,0.0,C977993101,99773.0,965870.05,0,0,1,1,1,11.4537525,0,1,0,0,0,3.7396104,-69050.28,771843.75,1,0,0,0.0,0,0.0,-1,1,0,1,train
1,PAYMENT,2998.04,C71802912,12030.0,9031.96,M2134271532,0.0,0.0,0,0,1,1,1,8.006047,0,0,0,1,0,0.24919292,0.0,,0,0,0,0.0,0,0.0,-1,1,0,1,train
1,PAYMENT,3454.08,C686349795,9031.96,5577.88,M1831010686,0.0,0.0,0,0,1,1,1,8.147601,0,0,0,1,0,0.3823863,-9.094947e-13,,0,0,0,0.0,0,0.0,-1,1,0,1,train
1,PAYMENT,4316.2,C1423768154,10999.0,6682.8,M404222443,0.0,0.0,0,0,1,1,1,8.370362,0,0,0,1,0,0.39238182,0.0,,0,0,0,0.0,0,0.0,-1,1,0,1,train
1,PAYMENT,2131.84,C1987977423,224.0,0.0,M61073295,0.0,0.0,0,0,1,1,1,7.66521,0,0,0,1,0,9.474844,-1907.84,,1,0,0,0.0,0,0.0,-1,1,0,1,train
1,PAYMENT,12986.61,C807322507,23350.0,10363.39,M396485834,0.0,0.0,0,0,1,1,1,9.471751,0,0,0,1,0,0.55614793,0.0,,0,0,0,0.0,0,0.0,-1,1,0,1,train
1,TRANSFER,42712.39,C283039401,10363.39,0.0,C1330106945,57901.66,24044.18,0,0,1,1,1,10.662268,0,0,0,0,1,4.1210713,-32349.0,-76569.87,1,0,0,0.0,0,0.0,-1,1,0,1,train
1,TRANSFER,77957.68,C207471778,0.0,0.0,C1761291320,94900.0,22233.65,0,0,1,1,1,11.263934,0,0,0,0,1,77957.68,-77957.68,-150624.03,0,0,0,0.0,0,0.0,-1,1,0,1,train
1,TRANSFER,17231.46,C1243171897,0.0,0.0,C783286238,24672.0,0.0,0,0,1,1,1,9.75455,0,0,0,0,1,17231.46,-17231.46,-41903.46,0,0,0,0.0,0,0.0,-1,1,0,1,train
1,TRANSFER,78766.03,C1376151044,0.0,0.0,C1749186397,103772.0,277515.05,0,0,1,1,1,11.27425,0,0,0,0,1,78766.03,-78766.03,94977.02,0,0,0,0.0,0,0.0,-1,1,0,1,train
1,TRANSFER,224606.64,C873175411,0.0,0.0,C766572210,354678.92,0.0,0,0,1,1,1,12.32211,0,0,0,0,1,224606.64,-224606.64,-579285.56,0,0,0,0.0,0,0.0,-1,1,0,1,train
1,TRANSFER,125872.53,C1443967876,0.0,0.0,C392292416,348512.0,3420103.09,0,0,1,1,1,11.743033,0,0,0,0,1,125872.53,-125872.53,2.9457185e+06,0,0,0,0.0,0,0.0,-1,1,0,1,train
1,TRANSFER,379856.23,C1449772539,0.0,0.0,C1590550415,900180.0,19169204.93,0,0,1,1,1,12.84755,0,0,0,0,1,379856.22,-379856.22,1.7889168e+07,0,0,0,0.0,0,0.0,-1,1,0,1,train
1,TRANSFER,1505626.01,C926859124,0.0,0.0,C665576141,29031.0,5515763.34,0,0,1,1,1,14.22472,0,0,0,0,1,1.505626e+06,-1.505626e+06,3.9811062e+06,0,0,0,0.0,0,0.0,-1,1,0,1,train
1,TRANSFER,554026.99,C1603696865,0.0,0.0,C766572210,579285.56,0.0,0,0,1,1,1,13.224971,0,0,0,0,1,554027.0,-554027.0,-1.1333125e+06,0,0,0,0.0,0,0.0,-1,1,0,1,train
1,TRANSFER,147543.1,C12905860,0.0,0.0,C1359044626,223220.0,16518.36,0,0,1,1,1,11.901882,0,0,0,0,1,147543.1,-147543.1,-354244.75,0,0,0,0.0,0,0.0,-1,1,0,1,train
1,TRANSFER,761507.39,C412788346,0.0,0.0,C1590550415,1280036.23,19169204.93,0,0,1,1,1,13.5430565,0,0,0,0,1,761507.4,-761507.4,1.7127662e+07,0,0,0,0.0,0,0.0,-1,1,0,1,train
1,TRANSFER,1429051.47,C1520267010,0.0,0.0,C1590550415,2041543.62,19169204.93,0,0,1,1,1,14.172523,0,0,0,0,1,1.4290515e+06,-1.4290515e+06,1.569861e+07,0,0,0,0.0,0,0.0,-1,1,0,1,train
1,TRANSFER,358831.92,C908084672,0.0,0.0,C392292416,474384.53,3420103.09,0,0,1,1,1,12.790612,0,0,0,0,1,358831.9,-358831.9,2.5868868e+06,0,0,0,0.0,0,0.0,-1,1,0,1,train
1,TRANSFER,367768.4,C288306765,0.0,0.0,C1359044626,370763.1,16518.36,0,0,1,1,1,12.815211,0,0,0,0,1,367768.4,-367768.4,-722013.1,0,0,0,0.0,0,0.0,-1,1,0,1,train
1,TRANSFER,209711.11,C1556867940,0.0,0.0,C1509514333,399214.71,2415.16,0,0,1,1,1,12.253491,0,0,0,0,1,209711.11,-209711.11,-606510.7,0,0,0,0.0,0,0.0,-1,1,0,1,train
1,TRANSFER,583848.46,C1839168128,0.0,0.0,C1286084959,667778.0,2107778.11,0,0,1,1,1,13.277398,0,0,0,0,1,583848.44,-583848.44,856151.6,0,0,0,0.0,0,0.0,-1,1,0,1,train
1,TRANSFER,1724887.05,C1495608502,0.0,0.0,C1590550415,3470595.1,19169204.93,0,0,1,1,1,14.360673,0,0,0,0,1,1.724887e+06,-1.724887e+06,1.3973723e+07,0,0,0,0.0,0,0.0,-1,1,0,1,train
1,TRANSFER,710544.77,C835773569,0.0,0.0,C1359044626,738531.5,16518.36,0,0,1,1,1,13.473788,0,0,0,0,1,710544.75,-710544.75,-1.4325579e+06,0,0,0,0.0,0,0.0,-1,1,0,1,train
1,TRANSFER,581294.26,C843299092,0.0,0.0,C1590550415,5195482.15,19169204.93,0,0,1,1,1,13.273014,0,0,0,0,1,581294.25,-581294.25,1.3392429e+07,0,0,0,0.0,0,0.0,-1,1,0,1,train
1,TRANSFER,11996.58,C605982374,0.0,0.0,C1225616405,40255.0,0.0,0,0,1,1,1,9.39246,0,0,0,0,1,11996.58,-11996.58,-52251.58,0,0,0,0.0,0,0.0,-1,1,0,1,train
1,PAYMENT,2875.1,C1412322831,15443.0,12567.9,M1651262695,0.0,0.0,0,0,1,1,1,7.9641905,0,0,0,1,0,0.1861629,0.0,,0,0,0,0.0,0,0.0,-1,1,0,1,train
1,PAYMENT,8586.98,C1305004711,3763.0,0.0,M494077446,0.0,0.0,0,0,1,1,1,9.058119,0,0,0,1,0,2.2813444,-4823.98,,1,0,0,0.0,0,0.0,-1,1,0,1,train
1,PAYMENT,871.75,C1003206025,19869.0,18997.25,M989889899,0.0,0.0,0,0,1,1,1,6.7716494,0,0,0,1,0,0.043872673,0.0,,0,0,0,0.0,0,0.0,-1,1,0,1,train
1,PAYMENT,1035.36,C806813022,71636.0,70600.64,M902860396,0.0,0.0,0,0,1,1,1,6.94347,0,0,0,1,0,0.014452866,0.0,,0,0,0,0.0,0,0.0,-1,1,0,1,train
1,PAYMENT,1063.53,C1406206626,83084.0,82020.47,M1816522350,0.0,0.0,0,0,1,1,1,6.9702888,0,0,0,1,0,0.012800505,0.0,,0,0,0,0.0,0,0.0,-1,1,0,1,train
1,PAYMENT,1019.9,C1799230133,204237.0,203217.1,M1521238608,0.0,0.0,0,0,1,1,1,6.92844,0,0,0,1,0,0.0049936837,0.0,,0,0,0,0.0,0,0.0,-1,1,0,1,train
1,PAYMENT,4059.38,C20156341,26304.0,22244.62,M1111897955,0.0,0.0,0,0,1,1,1,8.3090315,0,0,0,1,0,0.15431972,0.0,,0,0,0,0.0,0,0.0,-1,1,0,1,train
1,PAYMENT,1876.44,C1509309988,182.0,0.0,M1643141512,0.0,0.0,0,0,1,1,1,7.5376644,0,0,0,1,0,10.253771,-1694.44,,1,0,0,0.0,0,0.0,-1,1,0,1,train
1,CASH_OUT,28404.6,C2091072548,0.0,0.0,C1282788025,51744.0,0.0,0,0,1,1,1,10.254341,0,1,0,0,0,28404.6,-28404.6,-80148.6,0,0,0,0.0,0,0.0,-1,1,0,1,train
1,CASH_OUT,75405.1,C263053820,0.0,0.0,C1870252780,104209.0,46462.23,0,0,1,1,1,11.230643,0,1,0,0,0,75405.1,-75405.1,-133151.88,0,0,0,0.0,0,0.0,-1,1,0,1,train
1,CASH_OUT,50101.88,C1740826931,0.0,0.0,C97730845,67684.0,9940339.29,0,0,1,1,1,10.821834,0,1,0,0,0,50101.88,-50101.88,9.822553e+06,0,0,0,0.0,0,0.0,-1,1,0,1,train
1,CASH_OUT,14121.82,C69062746,0.0,0.0,C100555887,52679.0,10963.66,0,0,1,1,1,9.555547,0,1,0,0,0,14121.82,-14121.82,-55837.16,0,0,0,0.0,0,0.0,-1,1,0,1,train
1,CASH_OUT,78292.91,C1631227617,0.0,0.0,C1983747920,121112.0,95508.95,0,0,1,1,1,11.268225,0,1,0,0,0,78292.91,-78292.91,-103895.96,0,0,0,0.0,0,0.0,-1,1,0,1,train
1,CASH_OUT,176149.9,C24650043,0.0,0.0,C736709391,259813.0,46820.71,0,0,1,1,1,12.079096,0,1,0,0,0,176149.9,-176149.9,-389142.2,0,0,0,0.0,0,0.0,-1,1,0,1,train
1,CASH_OUT,212228.35,C1896074070,0.0,0.0,C401424608,429747.0,1178808.14,0,0,1,1,1,12.265423,0,1,0,0,0,212228.34,-212228.34,536832.8,0,0,0,0.0,0,0.0,-1,1,0,1,train
1,CASH_OUT,85423.63,C460741164,0.0,0.0,C1590550415,5776776.41,19169204.93,0,0,1,1,1,11.35539,0,1,0,0,0,85423.63,-85423.63,1.3307005e+07,0,0,0,0.0,0,0.0,-1,1,0,1,train
1,CASH_OUT,11648.5,C781091365,0.0,0.0,C985934102,260976.0,971418.91,0,0,1,1,1,9.363019,0,1,0,0,0,11648.5,-11648.5,698794.44,0,0,0,0.0,0,0.0,-1,1,0,1,train
1,PAYMENT,6165.58,C1858015030,20925.0,14759.42,M25764044,0.0,0.0,0,0,1,1,1,8.7269,0,0,0,1,0,0.2946373,0.0,,0,0,0,0.0,0,0.0,-1,1,0,1,train
1,PAYMENT,3705.83,C671596011,41903.46,38197.63,M1925352804,0.0,0.0,0,0,1,1,1,8.217933,0,0,0,1,0,0.08843522,0.0,,0,0,0,0.0,0,0.0,-1,1,0,1,train
1,CASH_OUT,419801.4,C1687354037,38197.63,0.0,C33524623,499962.0,1517262.16,0,0,1,1,1,12.947539,0,1,0,0,0,10.98996,-381603.78,597498.75,1,0,0,0.0,0,0.0,-1,1,0,1,train
1,CASH_OUT,335416.51,C743778731,144478.0,0.0,C575335780,295.0,52415.15,0,0,1,1,1,12.723131,0,1,0,0,0,2.321559,-190938.52,-283296.38,1,0,0,0.0,0,0.0,-1,1,0,1,train
1,PAYMENT,3372.29,C967323951,41398.0,38025.71,M1600594643,0.0,0.0,0,0,1,1,1,8.123644,0,0,0,1,0,0.08145825,0.0,,0,0,0,0.0,0,0.0,-1,1,0,1,train
1,PAYMENT,661.43,C743648472,14078.0,13416.57,M692998280,0.0,0.0,0,0,1,1,1,6.495915,0,0,0,1,0,0.0469799,0.0,,0,0,0,0.0,0,0.0,-1,1,0,1,train
1,DEBIT,864.68,C1368862151,69836.0,68971.32,C20671747,12040.0,43691.09,0,0,1,1,1,6.7635155,0,0,1,0,0,0.012381403,0.0,30786.41,0,0,0,0.0,0,0.0,-1,1,0,1,train
1,PAYMENT,1203.44,C922807452,29941.0,28737.56,M33563464,0.0,0.0,0,0,1,1,1,7.09377,0,0,0,1,0,0.040192373,0.0,,0,0,0,0.0,0,0.0,-1,1,0,1,train
1,TRANSFER,330757.04,C1494346128,103657.0,0.0,C564160838,79676.0,1254956.07,0,0,1,1,1,12.709143,0,0,0,0,1,3.190849,-227100.05,844523.0,1,0,0,0.0,0,0.0,-1,1,0,1,train
1,PAYMENT,1915.43,C822087264,11450.0,9534.57,M30699728,0.0,0.0,0,0,1,1,1,7.5582194,0,0,0,1,0,0.16727185,0.0,,0,0,0,0.0,0,0.0,-1,1,0,1,train
1,PAYMENT,8.73,C38603201,81313.0,81304.27,M1422273905,0.0,0.0,0,0,1,1,1,2.275214,0,0,0,1,0,0.000107361586,0.0,,0,0,0,0.0,0,0.0,-1,1,0,1,train
1,DEBIT,3058.8,C1694784135,18138.0,15079.2,C801197928,11054.0,8917.54,0,0,1,1,1,8.026105,0,0,1,0,0,0.16863112,0.0,-5195.26,0,0,0,0.0,0,0.0,-1,1,0,1,train
1,PAYMENT,5154.97,C1207231495,9476.0,4321.03,M756936249,0.0,0.0,0,0,1,1,1,8.547911,0,0,0,1,0,0.5439453,0.0,,0,0,0,0.0,0,0.0,-1,1,0,1,train
1,PAYMENT,5213.25,C1221981006,36380.0,31166.75,M264394929,0.0,0.0,0,0,1,1,1,8.559151,0,0,0,1,0,0.14329594,0.0,,0,0,0,0.0,0,0.0,-1,1,0,1,train
1,PAYMENT,5392.75,C1878413714,50757.0,45364.25,M769132147,0.0,0.0,0,0,1,1,1,8.592997,0,0,0,1,0,0.10624433,0.0,,0,0,0,0.0,0,0.0,-1,1,0,1,train
1,PAYMENT,25.12,C1257299717,61663.0,61637.88,M1474957626,0.0,0.0,0,0,1,1,1,3.2627013,0,0,0,1,0,0.00040736896,0.0,,0,0,0,0.0,0,0.0,-1,1,0,1,train
1,PAYMENT,17150.89,C181252244,61637.88,44486.99,M1733022752,0.0,0.0,0,0,1,1,1,9.749864,0,0,0,1,0,0.27824792,0.0,,0,0,0,0.0,0,0.0,-1,1,0,1,train
1,TRANSFER,679502.24,C722417467,290.0,0.0,C451111351,171866.0,3940085.21,0,0,1,1,1,13.429117,0,0,0,0,1,2335.0593,-679212.25,3.088717e+06,1,0,0,0.0,0,0.0,-1,1,0,1,train
1,TRANSFER,177652.91,C753631393,23720.0,0.0,C716157500,55.0,4894.45,0,0,1,1,1,12.087593,0,0,0,0,1,7.4892673,-153932.9,-172813.45,1,0,0,0.0,0,0.0,-1,1,0,1,train
1,PAYMENT,5443.26,C1262869688,236997.0,231553.74,M1914108708,0.0,0.0,0,0,1,1,1,8.602317,0,0,0,1,0,0.022967536,0.0,,0,0,0,0.0,0,0.0,-1,1,0,1,train
1,PAYMENT,244.87,C544386226,257978.49,257733.62,M1357700757,0.0,0.0,0,0,1,1,1,5.5048027,0,0,0,1,0,0.000949184,0.0,,0,0,0,0.0,0,0.0,-1,1,0,1,train
1,PAYMENT,8281.57,C900298796,257733.62,249452.05,M1889757798,0.0,0.0,0,0,1,1,1,9.021909,0,0,0,1,0,0.03213216,0.0,,0,0,0,0.0,0,0.0,-1,1,0,1,train
1,PAYMENT,1175.59,C1166106620,20509.0,19333.41,M1932470703,0.0,0.0,0,0,1,1,1,7.070376,0,0,0,1,0,0.057317894,0.0,,0,0,0,0.0,0,0.0,-1,1,0,1,train
1,PAYMENT,1097.74,C221861886,24866.0,23768.26,M1713568869,0.0,0.0,0,0,1,1,1,7.0019193,0,0,0,1,0,0.044144448,0.0,,0,0,0,0.0,0,0.0,-1,1,0,1,train
1,TRANSFER,184986.8,C697508322,39588.0,0.0,C1688019098,52340.0,97263.78,0,0,1,1,1,12.128045,0,0,0,0,1,4.672682,-145398.8,-140063.02,1,0,0,0.0,0,0.0,-1,1,0,1,train
1,PAYMENT,1718.29,C603658030,117811.0,116092.71,M1689924104,0.0,0.0,0,0,1,1,1,7.4496665,0,0,0,1,0,0.014585017,0.0,,0,0,0,0.0,0,0.0,-1,1,0,1,train
1,PAYMENT,3671.32,C361380654,100094.0,96422.68,M631673932,0.0,0.0,0,0,1,1,1,8.208579,0,0,0,1,0,0.036678355,0.0,,0,0,0,0.0,0,0.0,-1,1,0,1,train
1,DEBIT,3580.26,C1579132337,2565.0,0.0,C1321640594,21185.0,18910.85,0,0,1,1,1,8.18347,0,0,1,0,0,1.3952689,-1015.26,-5854.41,1,0,0,0.0,0,0.0,-1,1,0,1,train
1,PAYMENT,8550.9,C1795225096,40060.0,31509.1,M790094605,0.0,0.0,0,0,1,1,1,9.053908,0,0,0,1,0,0.21344699,0.0,,0,0,0,0.0,0,0.0,-1,1,0,1,train
1,PAYMENT,9753.55,C1048712791,60829.0,51075.45,M487792155,0.0,0.0,0,0,1,1,1,9.185489,0,0,0,1,0,0.16034111,0.0,,0,0,0,0.0,0,0.0,-1,1,0,1,train
1,PAYMENT,3026.98,C1909398279,31139.0,28112.02,M1632670136,0.0,0.0,0,0,1,1,1,8.015651,0,0,0,1,0,0.09720553,0.0,,0,0,0,0.0,0,0.0,-1,1,0,1,train
1,CASH_OUT,467177.03,C1338905451,28112.02,0.0,C1170794006,975121.0,22190.99,0,0,1,1,1,13.054465,0,1,0,0,0,16.617817,-439065.0,-1.420107e+06,1,0,0,0.0,0,0.0,-1,1,0,1,train
1,DEBIT,3875.99,C1252540239,259138.0,255262.01,C1509514333,608925.82,2415.16,0,0,1,1,1,8.2628145,0,0,1,0,0,0.014957185,0.0,-610386.6,0,0,0,0.0,0,0.0,-1,1,0,1,train
1,PAYMENT,2148.89,C1136005694,31213.0,29064.11,M638486177,0.0,0.0,0,0,1,1,1,7.673172,0,0,0,1,0,0.06884379,0.0,,0,0,0,0.0,0,0.0,-1,1,0,1,train
1,PAYMENT,466.97,C426019904,80030.0,79563.03,M314411620,0.0,0.0,0,0,1,1,1,6.148404,0,0,0,1,0,0.005834864,0.0,,0,0,0,0.0,0,0.0,-1,1,0,1,train
1,CASH_OUT,154139.72,C1642679791,79563.03,0.0,C564160838,410433.04,1254956.07,0,0,1,1,1,11.9456215,0,1,0,0,0,1.9373041,-74576.69,690383.3,1,0,0,0.0,0,0.0,-1,1,0,1,train
1,CASH_OUT,82685.93,C855700733,0.0,0.0,C392292416,833216.44,3420103.09,0,0,1,1,1,11.322817,0,1,0,0,0,82685.93,-82685.93,2.5042008e+06,0,0,0,0.0,0,0.0,-1,1,0,1,train
1,CASH_OUT,83857.23,C247162961,0.0,0.0,C1297685781,215457.59,16997.22,0,0,1,1,1,11.336883,0,1,0,0,0,83857.23,-83857.23,-282317.6,0,0,0,0.0,0,0.0,-1,1,0,1,train
1,CASH_OUT,99109.77,C1890266440,0.0,0.0,C1297685781,299314.82,16997.22,0,0,1,1,1,11.503993,0,1,0,0,0,99109.77,-99109.77,-381427.38,0,0,0,0.0,0,0.0,-1,1,0,1,train
1,CASH_OUT,187726.67,C1527152775,0.0,0.0,C747464370,190573.0,1567434.81,0,0,1,1,1,12.142748,0,1,0,0,0,187726.67,-187726.67,1.1891351e+06,0,0,0,0.0,0,0.0,-1,1,0,1,train
1,CASH_OUT,281339.92,C1863655430,0.0,0.0,C1509514333,612801.81,2415.16,0,0,1,1,1,12.547322,0,1,0,0,0,281339.9,-281339.9,-891726.56,0,0,0,0.0,0,0.0,-1,1,0,1,train
1,CASH_OUT,186447.51,C976827477,0.0,0.0,C1590550415,5862200.03,19169204.93,0,0,1,1,1,12.13591,0,1,0,0,0,186447.52,-186447.52,1.3120557e+07,0,0,0,0.0,0,0.0,-1,1,0,1,train
1,CASH_OUT,81029.86,C324112183,0.0,0.0,C288665596,105343.0,8496.61,0,0,1,1,1,11.302586,0,1,0,0,0,81029.86,-81029.86,-177876.25,0,0,0,0.0,0,0.0,-1,1,0,1,train
1,CASH_OUT,139054.95,C2092709730,0.0,0.0,C1749186397,182538.03,277515.05,0,0,1,1,1,11.842631,0,1,0,0,0,139054.95,-139054.95,-44077.93,0,0,0,0.0,0,0.0,-1,1,0,1,train
1,CASH_OUT,154716.2,C980364771,0.0,0.0,C453211571,187433.0,3461666.05,0,0,1,1,1,11.949354,0,1,0,0,0,154716.2,-154716.2,3.1195168e+06,0,0,0,0.0,0,0.0,-1,1,0,1,train
1,CASH_OUT,53631.83,C1233595751,0.0,0.0,C757108857,83244.0,0.0,0,0,1,1,1,10.889916,0,1,0,0,0,53631.83,-53631.83,-136875.83,0,0,0,0.0,0,0.0,-1,1,0,1,train
1,CASH_OUT,289645.52,C1446001495,0.0,0.0,C1023714065,871442.79,1412484.09,0,0,1,1,1,12.576417,0,1,0,0,0,289645.53,-289645.53,251395.78,0,0,0,0.0,0,0.0,-1,1,0,1,train
1,CASH_OUT,267148.82,C1261044180,0.0,0.0,C401424608,641975.35,1178808.14,0,0,1,1,1,12.495564,0,1,0,0,0,267148.8,-267148.8,269683.97,0,0,0,0.0,0,0.0,-1,1,0,1,train
1,CASH_OUT,47913.58,C141110631,0.0,0.0,C240650537,51304.0,0.0,0,0,1,1,1,10.777175,0,1,0,0,0,47913.58,-47913.58,-99217.58,0,0,0,0.0,0,0.0,-1,1,0,1,train
1,CASH_OUT,193605.38,C2029372696,0.0,0.0,C1971489295,249452.05,0.0,0,0,1,1,1,12.173582,0,1,0,0,0,193605.38,-193605.38,-443057.44,0,0,0,0.0,0,0.0,-1,1,0,1,train
1,CASH_OUT,344464.4,C793293778,0.0,0.0,C766572210,1133312.56,0.0,0,0,1,1,1,12.749749,0,1,0,0,0,344464.4,-344464.4,-1.477777e+06,0,0,0,0.0,0,0.0,-1,1,0,1,train
1,CASH_OUT,169409.87,C888611662,0.0,0.0,C401424608,909124.16,1178808.14,0,0,1,1,1,12.040082,0,1,0,0,0,169409.88,-169409.88,100274.11,0,0,0,0.0,0,0.0,-1,1,0,1,train
1,CASH_OUT,25793.74,C1966355106,0.0,0.0,C476800120,215312.31,49864.36,0,0,1,1,1,10.157926,0,1,0,0,0,25793.74,-25793.74,-191241.69,0,0,0,0.0,0,0.0,-1,1,0,1,train
1,CASH_OUT,114712.48,C599782425,0.0,0.0,C1209271652,145400.0,0.0,0,0,1,1,1,11.650193,0,1,0,0,0,114712.48,-114712.48,-260112.48,0,0,0,0.0,0,0.0,-1,1,0,1,train
1,CASH_OUT,89038.75,C1233327519,0.0,0.0,C2083562754,189808.0,1186556.81,0,0,1,1,1,11.396838,0,1,0,0,0,89038.75,-89038.75,907710.06,0,0,0,0.0,0,0.0,-1,1,0,1,train
1,CASH_OUT,1341.58,C1155769010,0.0,0.0,C557041912,80341.0,557537.26,0,0,1,1,1,7.202348,0,1,0,0,0,1341.58,-1341.58,475854.7,0,0,0,0.0,0,0.0,-1,1,0,1,train
1,CASH_OUT,44443.08,C269892014,0.0,0.0,C1590550415,6048647.54,19169204.93,0,0,1,1,1,10.701987,0,1,0,0,0,44443.08,-44443.08,1.3076114e+07,0,0,0,0.0,0,0.0,-1,1,0,1,train
1,CASH_OUT,34729.64,C1280641161,0.0,0.0,C1435804085,44853.0,96.88,0,0,1,1,1,10.455378,0,1,0,0,0,34729.64,-34729.64,-79485.76,0,0,0,0.0,0,0.0,-1,1,0,1,train
1,CASH_OUT,105979.34,C489411441,0.0,0.0,C736709391,435962.9,46820.71,0,0,1,1,1,11.571009,0,1,0,0,0,105979.34,-105979.34,-495121.53,0,0,0,0.0,0,0.0,-1,1,0,1,train
1,CASH_OUT,57794.61,C1141113940,0.0,0.0,C240650537,99217.58,0.0,0,0,1,1,1,10.964668,0,1,0,0,0,57794.61,-57794.61,-157012.19,0,0,0,0.0,0,0.0,-1,1,0,1,train
1,CASH_OUT,15918.79,C1711185459,0.0,0.0,C1854778591,24553.0,0.0,0,0,1,1,1,9.675319,0,1,0,0,0,15918.79,-15918.79,-40471.79,0,0,0,0.0,0,0.0,-1,1,0,1,train
1,CASH_OUT,19162.08,C25936709,0.0,0.0,C885951223,60169.0,215851.28,0,0,1,1,1,9.860741,0,1,0,0,0,19162.08,-19162.08,136520.2,0,0,0,0.0,0,0.0,-1,1,0,1,train
1,CASH_OUT,220691.42,C1123559518,0.0,0.0,C1590550415,6093090.62,19169204.93,0,0,1,1,1,12.304525,0,1,0,0,0,220691.42,-220691.42,1.2855423e+07,0,0,0,0.0,0,0.0,-1,1,0,1,train
1,CASH_OUT,9536.54,C649769713,0.0,0.0,C1060830840,49161.0,130747.56,0,0,1,1,1,9.162991,0,1,0,0,0,9536.54,-9536.54,72050.02,0,0,0,0.0,0,0.0,-1,1,0,1,train
1,CASH_OUT,29784.06,C925150995,0.0,0.0,C920011586,63553.0,0.0,0,0,1,1,1,10.301763,0,1,0,0,0,29784.06,-29784.06,-93337.06,0,0,0,0.0,0,0.0,-1,1,0,1,train
1,CASH_OUT,190445.51,C1760219993,0.0,0.0,C1360767589,203679.0,2107965.39,0,0,1,1,1,12.157126,0,1,0,0,0,190445.52,-190445.52,1.7138409e+06,0,0,0,0.0,0,0.0,-1,1,0,1,train
1,CASH_OUT,57279.11,C1800649922,0.0,0.0,C824009085,127206.9,64106.18,0,0,1,1,1,10.9557085,0,1,0,0,0,57279.11,-57279.11,-120379.83,0,0,0,0.0,0,0.0,-1,1,0,1,train
1,CASH_OUT,112086.81,C403547747,0.0,0.0,C1531333864,292728.0,55974.56,0,0,1,1,1,11.627038,0,1,0,0,0,112086.81,-112086.81,-348840.25,0,0,0,0.0,0,0.0,-1,1,0,1,train
1,CASH_OUT,80311.89,C172215878,0.0,0.0,C434091818,87408.0,63112.23,0,0,1,1,1,11.293685,0,1,0,0,0,80311.89,-80311.89,-104607.66,0,0,0,0.0,0,0.0,-1,1,0,1,train
1,CASH_OUT,151829.91,C873309260,0.0,0.0,C1023714065,1161088.31,1412484.09,0,0,1,1,1,11.930523,0,1,0,0,0,151829.9,-151829.9,99565.87,0,0,0,0.0,0,0.0,-1,1,0,1,train
1,CASH_OUT,26004.52,C1112456099,0.0,0.0,C1225616405,52251.58,0.0,0,0,1,1,1,10.166064,0,1,0,0,0,26004.52,-26004.52,-78256.1,0,0,0,0.0,0,0.0,-1,1,0,1,train
1,CASH_OUT,3146.16,C923083575,0.0,0.0,C1504109395,9471.0,593737.38,0,0,1,1,1,8.0542555,0,1,0,0,0,3146.16,-3146.16,581120.25,0,0,0,0.0,0,0.0,-1,1,0,1,train
1,CASH_OUT,296752.75,C589363823,0.0,0.0,C1531333864,404814.81,55974.56,0,0,1,1,1,12.600658,0,1,0,0,0,296752.75,-296752.75,-645593.0,0,0,0,0.0,0,0.0,-1,1,0,1,train
1,CASH_OUT,191702.06,C2052457859,0.0,0.0,C985934102,272624.5,971418.91,0,0,1,1,1,12.163703,0,1,0,0,0,191702.06,-191702.06,507092.34,0,0,0,0.0,0,0.0,-1,1,0,1,train
1,CASH_OUT,365510.05,C1299327689,0.0,0.0,C564160838,564572.76,1254956.07,0,0,1,1,1,12.8090515,0,1,0,0,0,365510.06,-365510.06,324873.25,0,0,0,0.0,0,0.0,-1,1,0,1,train
1,CASH_OUT,202332.08,C1408279755,0.0,0.0,C453211571,342149.2,3461666.05,0,0,1,1,1,12.21767,0,1,0,0,0,202332.08,-202332.08,2.9171848e+06,0,0,0,0.0,0,0.0,-1,1,0,1,train
1,CASH_OUT,55105.9,C2007486296,0.0,0.0,C932583850,317952.89,2719172.89,0,0,1,1,1,10.91703,0,1,0,0,0,55105.9,-55105.9,2.346114e+06,0,0,0,0.0,0,0.0,-1,1,0,1,train
1,CASH_OUT,171508.59,C1033348658,0.0,0.0,C1971489295,443057.43,0.0,0,0,1,1,1,12.052395,0,1,0,0,0,171508.6,-171508.6,-614566.0,0,0,0,0.0,0,0.0,-1,1,0,1,train
1,CASH_OUT,178439.26,C1634723627,0.0,0.0,C2083562754,278846.75,1186556.81,0,0,1,1,1,12.09201,0,1,0,0,0,178439.27,-178439.27,729270.8,0,0,0,0.0,0,0.0,-1,1,0,1,train
1,CASH_OUT,88834.86,C938463537,0.0,0.0,C985934102,464326.57,971418.91,0,0,1,1,1,11.394546,0,1,0,0,0,88834.86,-88834.86,418257.47,0,0,0,0.0,0,0.0,-1,1,0,1,train
1,CASH_OUT,210370.09,C2121995675,0.0,0.0,C1170794006,1442298.03,22190.99,0,0,1,1,1,12.256628,0,1,0,0,0,210370.1,-210370.1,-1.6304771e+06,0,0,0,0.0,0,0.0,-1,1,0,1,train
1,CASH_OUT,36437.06,C2120063568,0.0,0.0,C1740000325,154606.0,1363368.51,0,0,1,1,1,10.503369,0,1,0,0,0,36437.06,-36437.06,1.1723255e+06,0,0,0,0.0,0,0.0,-1,1,0,1,train
1,CASH_OUT,82691.56,C1620409359,0.0,0.0,C248609774,657983.89,6453430.91,0,0,1,1,1,11.322885,0,1,0,0,0,82691.56,-82691.56,5.7127555e+06,0,0,0,0.0,0,0.0,-1,1,0,1,train
1,CASH_OUT,338767.1,C691691381,0.0,0.0,C453211571,544481.28,3461666.05,0,0,1,1,1,12.733071,0,1,0,0,0,338767.1,-338767.1,2.5784178e+06,0,0,0,0.0,0,0.0,-1,1,0,1,train
1,CASH_OUT,187728.59,C264978436,0.0,0.0,C1360767589,394124.51,2107965.39,0,0,1,1,1,12.142757,0,1,0,0,0,187728.6,-187728.6,1.5261122e+06,0,0,0,0.0,0,0.0,-1,1,0,1,train
1,CASH_OUT,271002.7,C500618423,0.0,0.0,C451111351,851368.24,3940085.21,0,0,1,1,1,12.509888,0,1,0,0,0,271002.7,-271002.7,2.8177142e+06,0,0,0,0.0,0,0.0,-1,1,0,1,train
1,CASH_OUT,323105.08,C1458091526,0.0,0.0,C747464370,378299.67,1567434.81,0,0,1,1,1,12.685736,0,1,0,0,0,323105.1,-323105.1,866030.06,0,0,0,0.0,0,0.0,-1,1,0,1,train
1,CASH_OUT,10782.94,C768776793,0.0,0.0,C796533847,100585.0,0.0,0,0,1,1,1,9.285813,0,1,0,0,0,10782.94,-10782.94,-111367.94,0,0,0,0.0,0,0.0,-1,1,0,1,train
1,CASH_OUT,89962.11,C2018260103,0.0,0.0,C240650537,157012.19,0.0,0,0,1,1,1,11.407155,0,1,0,0,0,89962.11,-89962.11,-246974.3,0,0,0,0.0,0,0.0,-1,1,0,1,train
1,CASH_OUT,101940.14,C1393828949,0.0,0.0,C357863579,105362.0,92307.65,0,0,1,1,1,11.532151,0,1,0,0,0,101940.14,-101940.14,-114994.49,0,0,0,0.0,0,0.0,-1,1,0,1,train
1,CASH_OUT,163100.34,C1088417975,0.0,0.0,C401424608,1078534.03,1178808.14,0,0,1,1,1,12.002127,0,1,0,0,0,163100.34,-163100.34,-62826.23,0,0,0,0.0,0,0.0,-1,1,0,1,train
1,CASH_OUT,136030.66,C2036775591,0.0,0.0,C757108857,136875.83,0.0,0,0,1,1,1,11.820642,0,1,0,0,0,136030.66,-136030.66,-272906.5,0,0,0,0.0,0,0.0,-1,1,0,1,train
1,CASH_OUT,68912.23,C1620529408,0.0,0.0,C1688019098,237326.8,97263.78,0,0,1,1,1,11.140603,0,1,0,0,0,68912.23,-68912.23,-208975.25,0,0,0,0.0,0,0.0,-1,1,0,1,train
1,CASH_OUT,73464.06,C307488715,0.0,0.0,C1789550256,444779.0,4619798.56,0,0,1,1,1,11.204565,0,1,0,0,0,73464.06,-73464.06,4.1015555e+06,0,0,0,0.0,0,0.0,-1,1,0,1,train
1,CASH_OUT,106117.28,C758572926,0.0,0.0,C476402209,234216.94,51513.44,0,0,1,1,1,11.5723095,0,1,0,0,0,106117.28,-106117.28,-288820.78,0,0,0,0.0,0,0.0,-1,1,0,1,train
1,CASH_OUT,503333.79,C1640612861,0.0,0.0,C985934102,553161.42,971418.91,0,0,1,1,1,13.129011,0,1,0,0,0,503333.78,-503333.78,-85076.3,0,0,0,0.0,0,0.0,-1,1,0,1,train
1,CASH_OUT,71991.42,C990679445,0.0,0.0,C557041912,81682.58,557537.26,0,0,1,1,1,11.184316,0,1,0,0,0,71991.42,-71991.42,403863.25,0,0,0,0.0,0,0.0,-1,1,0,1,train
1,CASH_OUT,91379.93,C913065088,0.0,0.0,C401424608,1241634.38,1178808.14,0,0,1,1,1,11.422792,0,1,0,0,0,91379.93,-91379.93,-154206.17,0,0,0,0.0,0,0.0,-1,1,0,1,train
1,CASH_OUT,26759.05,C746280996,0.0,0.0,C1360767589,581853.1,2107965.39,0,0,1,1,1,10.194665,0,1,0,0,0,26759.05,-26759.05,1.4993532e+06,0,0,0,0.0,0,0.0,-1,1,0,1,train
1,CASH_OUT,128487.35,C50503805,0.0,0.0,C747464370,701404.75,1567434.81,0,0,1,1,1,11.763594,0,1,0,0,0,128487.35,-128487.35,737542.7,0,0,0,0.0,0,0.0,-1,1,0,1,train
1,CASH_OUT,252908.87,C1557989809,0.0,0.0,C33524623,919763.4,1517262.16,0,0,1,1,1,12.440788,0,1,0,0,0,252908.88,-252908.88,344589.88,0,0,0,0.0,0,0.0,-1,1,0,1,train
1,CASH_OUT,64489.64,C146874094,0.0,0.0,C1297685781,398424.59,16997.22,0,0,1,1,1,11.074275,0,1,0,0,0,64489.64,-64489.64,-445917.0,0,0,0,0.0,0,0.0,-1,1,0,1,train
1,CASH_OUT,171369.73,C2123222442,0.0,0.0,C451111351,1122370.94,3940085.21,0,0,1,1,1,12.051584,0,1,0,0,0,171369.73,-171369.73,2.6463445e+06,0,0,0,0.0,0,0.0,-1,1,0,1,train
1,PAYMENT,4493.29,C1746570062,8258.0,3764.71,M1555990397,0.0,0.0,0,0,1,1,1,8.4105625,0,0,0,1,0,0.5440477,0.0,,0,0,0,0.0,0,0.0,-1,1,0,1,train
1,PAYMENT,12121.5,C1544078442,97058.0,84936.5,M1291367132,0.0,0.0,0,0,1,1,1,9.402819,0,0,0,1,0,0.12488796,0.0,,0,0,0,0.0,0,0.0,-1,1,0,1,train
1,PAYMENT,2278.19,C1887699190,290.0,0.0,M1479140596,0.0,0.0,0,0,1,1,1,7.7315755,0,0,0,1,0,7.8288317,-1988.19,,1,0,0,0.0,0,0.0,-1,1,0,1,train
1,PAYMENT,7707.44,C1108889615,99827.0,92119.56,M1275028674,0.0,0.0,0,0,1,1,1,8.950071,0,0,0,1,0,0.07720719,0.0,,0,0,0,0.0,0,0.0,-1,1,0,1,train
1,PAYMENT,4013.02,C455888635,92119.56,88106.55,M204805934,0.0,0.0,0,0,1,1,1,8.297548,0,0,0,1,0,0.043562695,-0.01,,0,0,0,0.0,0,0.0,-1,1,0,1,train
1,PAYMENT,5775.15,C204322447,132329.0,126553.85,M1019484860,0.0,0.0,0,0,1,1,1,8.661492,0,0,0,1,0,0.043642033,0.0,,0,0,0,0.0,0,0.0,-1,1,0,1,train
1,PAYMENT,4843.93,C1164365897,51718.0,46874.07,M1640899500,0.0,0.0,0,0,1,1,1,8.485688,0,0,0,1,0,0.09365862,0.0,,0,0,0,0.0,0,0.0,-1,1,0,1,train
1,PAYMENT,2397.82,C3565780,20421.0,18023.18,M473666452,0.0,0.0,0,0,1,1,1,7.782732,0,0,0,1,0,0.11741357,0.0,,0,0,0,0.0,0,0.0,-1,1,0,1,train
1,PAYMENT,4391.44,C1865219266,228.0,0.0,M2138005960,0.0,0.0,0,0,1,1,1,8.38764,0,0,0,1,0,19.176594,-4163.44,,1,0,0,0.0,0,0.0,-1,1,0,1,train
1,DEBIT,4497.87,C1278002745,107388.0,102890.13,C510113906,19053.0,5417.23,0,0,1,1,1,8.411582,0,0,1,0,0,0.041883897,0.0,-18133.64,0,0,0,0.0,0,0.0,-1,1,0,1,train
1,PAYMENT,7452.89,C214649627,102397.0,94944.11,M67730604,0.0,0.0,0,0,1,1,1,8.9164915,0,0,0,1,0,0.07278355,0.0,,0,0,0,0.0,0,0.0,-1,1,0,1,train
1,PAYMENT,3930.81,C15477956,6032.0,2101.19,M710623214,0.0,0.0,0,0,1,1,1,8.276855,0,0,0,1,0,0.6515515,0.0,,0,0,0,0.0,0,0.0,-1,1,0,1,train
1,CASH_OUT,71532.24,C2082351661,2101.19,0.0,C1810132623,74956.0,97128.19,0,0,1,1,1,11.1779175,0,1,0,0,0,34.027485,-69431.05,-49360.05,1,0,0,0.0,0,0.0,-1,1,0,1,train
1,CASH_OUT,61159.51,C859690270,0.0,0.0,C476402209,340334.22,51513.44,0,0,1,1,1,11.021257,0,1,0,0,0,61159.51,-61159.51,-349980.28,0,0,0,0.0,0,0.0,-1,1,0,1,train
1,CASH_OUT,12401.9,C1389774257,0.0,0.0,C1096283470,349763.0,0.0,0,0,1,1,1,9.425686,0,1,0,0,0,12401.9,-12401.9,-362164.9,0,0,0,0.0,0,0.0,-1,1,0,1,train
1,CASH_OUT,32702.61,C553759818,0.0,0.0,C75457651,253053.0,31469.78,0,0,1,1,1,10.395241,0,1,0,0,0,32702.61,-32702.61,-254285.83,0,0,0,0.0,0,0.0,-1,1,0,1,train
1,PAYMENT,6926.67,C751021317,152927.0,146000.33,M1896552614,0.0,0.0,0,0,1,1,1,8.843279,0,0,0,1,0,0.045293666,0.0,,0,0,0,0.0,0,0.0,-1,1,0,1,train
1,PAYMENT,893.57,C294658299,10676.0,9782.43,M1033856359,0.0,0.0,0,0,1,1,1,6.7963433,0,0,0,1,0,0.08369111,0.0,,0,0,0,0.0,0,0.0,-1,1,0,1,train
1,TRANSFER,480222.51,C201677908,11110.0,0.0,C451111351,1293740.67,3940085.21,0,0,1,1,1,13.082006,0,0,0,0,1,43.22046,-469112.5,2.166122e+06,1,0,0,0.0,0,0.0,-1,1,0,1,train
1,PAYMENT,3608.41,C635611994,11150.0,7541.59,M904253669,0.0,0.0,0,0,1,1,1,8.191299,0,0,0,1,0,0.3235952,0.0,,0,0,0,0.0,0,0.0,-1,1,0,1,train
1,PAYMENT,5946.79,C1930903395,7541.59,1594.8,M1431710377,0.0,0.0,0,0,1,1,1,8.690775,0,0,0,1,0,0.7884281,2.2737368e-13,,0,0,0,0.0,0,0.0,-1,1,0,1,train
1,PAYMENT,6099.96,C1700721442,42133.0,36033.04,M2116511124,0.0,0.0,0,0,1,1,1,8.716202,0,0,0,1,0,0.14477524,0.0,,0,0,0,0.0,0,0.0,-1,1,0,1,train
1,PAYMENT,372.34,C872522004,65254.0,64881.66,M1348916831,0.0,0.0,0,0,1,1,1,5.9224896,0,0,0,1,0,0.005705923,0.0,,0,0,0,0.0,0,0.0,-1,1,0,1,train
1,PAYMENT,4635.18,C1110698130,6313782.05,6309146.87,M125644421,0.0,0.0,0,0,1,1,1,8.441646,0,0,0,1,0,0.00073413673,0.0,,0,0,0,0.0,0,0.0,-1,1,0,1,train
1,PAYMENT,1267.97,C1053632127,6309146.87,6307878.9,M1493158871,0.0,0.0,0,0,1,1,1,7.145961,0,0,0,1,0,0.00020097326,0.0,,0,0,0,0.0,0,0.0,-1,1,0,1,train
1,PAYMENT,6911.99,C89509666,6307878.9,6300966.92,M1806880779,0.0,0.0,0,0,1,1,1,8.841158,0,0,0,1,0,0.0010957707,-0.01,,0,0,0,0.0,0,0.0,-1,1,0,1,train
1,PAYMENT,1795.67,C1016856028,6300966.92,6299171.25,M446445803,0.0,0.0,0,0,1,1,1,7.49369,0,0,0,1,0,0.0002849832,0.0,,0,0,0,0.0,0,0.0,-1,1,0,1,train
1,PAYMENT,3199.06,C832292933,6299171.25,6295972.18,M1280603381,0.0,0.0,0,0,1,1,1,8.070925,0,0,0,1,0,0.00050785404,0.010000001,,0,0,0,0.0,0,0.0,-1,1,0,1,train
1,PAYMENT,10265.17,C792855998,6295972.18,6285707.02,M1424108509,0.0,0.0,0,0,1,1,1,9.236609,0,0,0,1,0,0.0016304342,-0.01,,0,0,0,0.0,0,0.0,-1,1,0,1,train
1,PAYMENT,9029.12,C1003755748,25480.0,16450.88,M1414013111,0.0,0.0,0,0,1,1,1,9.108321,0,0,0,1,0,0.35434717,-3.637979e-12,,0,0,0,0.0,0,0.0,-1,1,0,1,train
1,PAYMENT,7600.57,C1805164661,50747.0,43146.43,M778162712,0.0,0.0,0,0,1,1,1,8.9361105,0,0,0,1,0,0.14977083,0.0,,0,0,0,0.0,0,0.0,-1,1,0,1,train
1,PAYMENT,2057.71,C896138248,25132.0,23074.29,M548482954,0.0,0.0,0,0,1,1,1,7.6298347,0,0,0,1,0,0.081872836,0.0,,0,0,0,0.0,0,0.0,-1,1,0,1,train
1,PAYMENT,3823.08,C243575009,10382.0,6558.92,M777341499,0.0,0.0,0,0,1,1,1,8.249073,0,0,0,1,0,0.36820573,0.0,,0,0,0,0.0,0,0.0,-1,1,0,1,train
1,TRANSFER,2806.0,C1420196421,2806.0,0.0,C972765878,0.0,0.0,1,0,1,1,1,7.939872,0,0,0,0,1,0.99964374,0.0,-2806.0,1,1,0,0.0,0,0.0,-1,1,0,1,train
1,CASH_OUT,2806.0,C2101527076,2806.0,0.0,C1007251739,26202.0,0.0,1,0,1,1,1,7.939872,0,1,0,0,0,0.99964374,0.0,-29008.0,1,0,0,0.0,0,0.0,-1,1,0,1,train
1,PAYMENT,6737.2,C1454026445,624.0,0.0,M1378497201,0.0,0.0,0,0,1,1,1,8.815548,0,0,0,1,0,10.77952,-6113.2,,1,0,0,0.0,0,0.0,-1,1,0,1,train
1,PAYMENT,9161.98,C892931811,11128.0,1966.02,M1577167234,0.0,0.0,0,0,1,1,1,9.122927,0,0,0,1,0,0.82325274,4.5474735e-13,,0,0,0,0.0,0,0.0,-1,1,0,1,train
1,PAYMENT,1239.06,C1574873161,396386.0,395146.94,M1591916281,0.0,0.0,0,0,1,1,1,7.1229153,0,0,0,1,0,0.0031258846,0.0,,0,0,0,0.0,0,0.0,-1,1,0,1,train
1,PAYMENT,365.0,C600958416,319.0,0.0,M1884231057,0.0,0.0,0,0,1,1,1,5.902633,0,0,0,1,0,1.140625,-46.0,,1,0,0,0.0,0,0.0,-1,1,0,1,train
1,PAYMENT,5237.54,C1492875057,27105.0,21867.46,M333793193,0.0,0.0,0,0,1,1,1,8.563798,0,0,0,1,0,0.19322439,0.0,,0,0,0,0.0,0,0.0,-1,1,0,1,train
1,PAYMENT,2618.76,C1068945248,21867.46,19248.7,M937277082,0.0,0.0,0,0,1,1,1,7.870838,0,0,0,1,0,0.119750544,-3.637979e-12,,0,0,0,0.0,0,0.0,-1,1,0,1,train
1,PAYMENT,339.82,C882646447,12076.0,11736.18,M234740890,0.0,0.0,0,0,1,1,1,5.8313546,0,0,0,1,0,0.028137783,0.0,,0,0,0,0.0,0,0.0,-1,1,0,1,train
1,DEBIT,1393.46,C79290250,100068.0,98674.54,C1076835071,26446.0,318637.36,0,0,1,1,1,7.2402625,0,0,1,0,0,0.013924992,0.0,290797.9,0,0,0,0.0,0,0.0,-1,1,0,1,train
1,PAYMENT,2731.37,C1586151649,17540.0,14808.63,M179294202,0.0,0.0,0,0,1,1,1,7.912925,0,0,0,1,0,0.15571347,1.8189894e-12,,0,0,0,0.0,0,0.0,-1,1,0,1,train
1,PAYMENT,8364.73,C1767230265,81.0,0.0,M593103894,0.0,0.0,0,0,1,1,1,9.0318985,0,0,0,1,0,102.0089,-8283.73,,1,0,0,0.0,0,0.0,-1,1,0,1,train
1,PAYMENT,6598.71,C727666004,16392.0,9793.29,M1601935322,0.0,0.0,0,0,1,1,1,8.794781,0,0,0,1,0,0.4025322,0.0,,0,0,0,0.0,0,0.0,-1,1,0,1,train
1,PAYMENT,4304.58,C414225167,10708.0,6403.42,M1803093683,0.0,0.0,0,0,1,1,1,8.367667,0,0,0,1,0,0.4019591,0.0,,0,0,0,0.0,0,0.0,-1,1,0,1,train
1,PAYMENT,2867.14,C975033189,943.0,0.0,M962287291,0.0,0.0,0,0,1,1,1,7.961419,0,0,0,1,0,3.0372245,-1924.14,,1,0,0,0.0,0,0.0,-1,1,0,1,train
1,PAYMENT,2946.38,C628064884,0.0,0.0,M109069556,0.0,0.0,0,0,1,1,1,7.988672,0,0,0,1,0,2946.38,-2946.38,,0,0,0,0.0,0,0.0,-1,1,0,1,train
1,PAYMENT,507.12,C1389509050,87005.0,86497.88,M828326869,0.0,0.0,0,0,1,1,1,6.2307177,0,0,0,1,0,0.0058285636,0.0,,0,0,0,0.0,0,0.0,-1,1,0,1,train
1,PAYMENT,3020.86,C1761217448,50361.0,47340.14,M1817789863,0.0,0.0,0,0,1,1,1,8.013628,0,0,0,1,0,0.059982922,0.0,,0,0,0,0.0,0,0.0,-1,1,0,1,train
1,PAYMENT,8948.03,C788905599,11137.0,2188.97,M1678709153,0.0,0.0,0,0,1,1,1,9.0993,0,0,0,1,0,0.8033785,-4.5474735e-13,,0,0,0,0.0,0,0.0,-1,1,0,1,train
1,CASH_OUT,280877.92,C1544614339,2188.97,0.0,C1297685781,462914.23,16997.22,0,0,1,1,1,12.545679,0,1,0,0,0,128.25652,-278688.94,-726794.94,1,0,0,0.0,0,0.0,-1,1,0,1,train
1,PAYMENT,1084.9,C2059592603,13727.0,12642.1,M2016828666,0.0,0.0,0,0,1,1,1,6.9901643,0,0,0,1,0,0.07902826,0.0,,0,0,0,0.0,0,0.0,-1,1,0,1,train
1,PAYMENT,9456.69,C1688782916,12642.1,3185.41,M1064154107,0.0,0.0,0,0,1,1,1,9.154583,0,0,0,1,0,0.7479724,0.0,,0,0,0,0.0,0,0.0,-1,1,0,1,train
1,PAYMENT,5812.36,C1390301622,3185.41,0.0,M415565467,0.0,0.0,0,0,1,1,1,8.667914,0,0,0,1,0,1.8241093,-2626.95,,1,0,0,0.0,0,0.0,-1,1,0,1,train
1,TRANSFER,157883.07,C973936431,46547.0,0.0,C1335050193,72793.0,353532.56,0,0,1,1,1,11.969616,0,0,0,0,1,3.3918335,-111336.07,122856.49,1,0,0,0.0,0,0.0,-1,1,0,1,train
1,PAYMENT,2734.77,C1756207614,4511.0,1776.23,M1214133948,0.0,0.0,0,0,1,1,1,7.9141684,0,0,0,1,0,0.6061104,0.0,,0,0,0,0.0,0,0.0,-1,1,0,1,train
1,CASH_OUT,102153.86,C2015301874,1776.23,0.0,C1335050193,230676.07,353532.56,0,0,1,1,1,11.5342455,0,1,0,0,0,57.479256,-100377.63,20702.63,1,0,0,0.0,0,0.0,-1,1,0,1,train
1,PAYMENT,584.52,C712627377,15479.0,14894.48,M782228073,0.0,0.0,0,0,1,1,1,6.3725004,0,0,0,1,0,0.03775969,0.0,,0,0,0,0.0,0,0.0,-1,1,0,1,train
1,PAYMENT,6113.14,C399373008,15629.0,9515.86,M391506011,0.0,0.0,0,0,1,1,1,8.718359,0,0,0,1,0,0.3911158,0.0,,0,0,0,0.0,0,0.0,-1,1,0,1,train
1,CASH_OUT,369989.2,C1936550492,9515.86,0.0,C1789550256,518243.06,4619798.56,0,0,1,1,1,12.821232,0,1,0,0,0,38.877235,-360473.34,3.7315662e+06,1,0,0,0.0,0,0.0,-1,1,0,1,train
1,CASH_OUT,215338.28,C594651850,0.0,0.0,C75457651,285755.61,31469.78,0,0,1,1,1,12.27997,0,1,0,0,0,215338.28,-215338.28,-469624.12,0,0,0,0.0,0,0.0,-1,1,0,1,train
1,CASH_OUT,65521.42,C1532139270,0.0,0.0,C920011586,93337.06,0.0,0,0,1,1,1,11.090148,0,1,0,0,0,65521.42,-65521.42,-158858.48,0,0,0,0.0,0,0.0,-1,1,0,1,train
1,CASH_OUT,116977.58,C1677568775,0.0,0.0,C1740000325,191043.06,1363368.51,0,0,1,1,1,11.669746,0,1,0,0,0,116977.58,-116977.58,1.0553479e+06,0,0,0,0.0,0,0.0,-1,1,0,1,train
1,CASH_OUT,262392.36,C2069500590,0.0,0.0,C2083562754,457286.01,1186556.81,0,0,1,1,1,12.4776,0,1,0,0,0,262392.38,-262392.38,466878.44,0,0,0,0.0,0,0.0,-1,1,0,1,train
1,CASH_OUT,51121.05,C1431556341,0.0,0.0,C1740000325,308020.64,1363368.51,0,0,1,1,1,10.841971,0,1,0,0,0,51121.05,-51121.05,1.0042268e+06,0,0,0,0.0,0,0.0,-1,1,0,1,train
1,CASH_OUT,202624.59,C452364286,0.0,0.0,C985934102,1056495.21,971418.91,0,0,1,1,1,12.219115,0,1,0,0,0,202624.6,-202624.6,-287700.88,0,0,0,0.0,0,0.0,-1,1,0,1,train
1,CASH_OUT,118235.16,C350069300,0.0,0.0,C1335050193,332829.93,353532.56,0,0,1,1,1,11.680439,0,1,0,0,0,118235.16,-118235.16,-97532.53,0,0,0,0.0,0,0.0,-1,1,0,1,train
1,CASH_OUT,118056.71,C1060703587,0.0,0.0,C757108857,272906.49,0.0,0,0,1,1,1,11.678928,0,1,0,0,0,118056.71,-118056.71,-390963.2,0,0,0,0.0,0,0.0,-1,1,0,1,train
1,CASH_OUT,498960.91,C1957078537,0.0,0.0,C1360767589,608612.15,2107965.39,0,0,1,1,1,13.120285,0,1,0,0,0,498960.9,-498960.9,1.0003923e+06,0,0,0,0.0,0,0.0,-1,1,0,1,train
1,CASH_OUT,691738.36,C1514214932,0.0,0.0,C1590550415,6285707.02,19169204.93,0,0,1,1,1,13.446964,0,1,0,0,0,691738.4,-691738.4,1.219176e+07,0,0,0,0.0,0,0.0,-1,1,0,1,train
1,CASH_OUT,58820.08,C594858858,0.0,0.0,C1360767589,1107573.06,2107965.39,0,0,1,1,1,10.982256,0,1,0,0,0,58820.08,-58820.08,941572.25,0,0,0,0.0,0,0.0,-1,1,0,1,train
1,PAYMENT,4419.04,C1423016050,52951.0,48531.96,M352776719,0.0,0.0,0,0,1,1,1,8.393904,0,0,0,1,0,0.08345369,0.0,,0,0,0,0.0,0,0.0,-1,1,0,1,train
1,PAYMENT,4270.02,C1202042637,9516.0,5245.98,M1112527632,0.0,0.0,0,0,1,1,1,8.359608,0,0,0,1,0,0.4486729,0.0,,0,0,0,0.0,0,0.0,-1,1,0,1,train
1,PAYMENT,3007.83,C440736059,49905.0,46897.17,M955324150,0.0,0.0,0,0,1,1,1,8.009307,0,0,0,1,0,0.060269907,0.0,,0,0,0,0.0,0,0.0,-1,1,0,1,train
1,PAYMENT,1824.59,C1384563514,25138.0,23313.41,M1852661033,0.0,0.0,0,0,1,1,1,7.5096583,0,0,0,1,0,0.072580054,0.0,,0,0,0,0.0,0,0.0,-1,1,0,1,train
1,PAYMENT,993.46,C1548946718,19448.0,18454.54,M1814423236,0.0,0.0,0,0,1,1,1,6.9021997,0,0,0,1,0,0.05108026,0.0,,0,0,0,0.0,0,0.0,-1,1,0,1,train
1,CASH_OUT,302693.14,C140404585,18454.54,0.0,C1688019098,306239.03,97263.78,0,0,1,1,1,12.620478,0,1,0,0,0,16.401207,-284238.6,-511668.38,1,0,0,0.0,0,0.0,-1,1,0,1,train
1,PAYMENT,1445.06,C207546206,10892.0,9446.94,M1218519094,0.0,0.0,0,0,1,1,1,7.276598,0,0,0,1,0,0.13265951,0.0,,0,0,0,0.0,0,0.0,-1,1,0,1,train
1,PAYMENT,4059.25,C200404000,4186.0,126.75,M1894758168,0.0,0.0,0,0,1,1,1,8.309,0,0,0,1,0,0.9694889,0.0,,0,0,0,0.0,0,0.0,-1,1,0,1,train
1,PAYMENT,3417.18,C191945292,126.75,0.0,M1242688388,0.0,0.0,0,0,1,1,1,8.136864,0,0,0,1,0,26.748962,-3290.43,,1,0,0,0.0,0,0.0,-1,1,0,1,train
1,DEBIT,3428.95,C1317375498,147798.0,144369.05,C665576141,1534657.01,5515763.34,0,0,1,1,1,8.140301,0,0,1,0,0,0.02320009,0.0,3.9776775e+06,0,0,0,0.0,0,0.0,-1,1,0,1,train
1,PAYMENT,5580.98,C1130346421,7781.0,2200.02,M1316005672,0.0,0.0,0,0,1,1,1,8.627298,0,0,0,1,0,0.71716523,4.5474735e-13,,0,0,0,0.0,0,0.0,-1,1,0,1,train
1,DEBIT,3455.85,C192428201,3509.0,53.15,C401424608,1333014.31,1178808.14,0,0,1,1,1,8.148113,0,0,1,0,0,0.98457265,9.2370556e-14,-157662.02,0,0,0,0.0,0,0.0,-1,1,0,1,train
1,PAYMENT,7265.63,C1768882706,14508.0,7242.37,M1463022229,0.0,0.0,0,0,1,1,1,8.8910475,0,0,0,1,0,0.5007671,0.0,,0,0,0,0.0,0,0.0,-1,1,0,1,train
1,PAYMENT,3852.64,C472991420,1449076.27,1445223.63,M1455855843,0.0,0.0,0,0,1,1,1,8.256773,0,0,0,1,0,0.002658685,2.3283064e-10,,0,0,0,0.0,0,0.0,-1,1,0,1,train
1,PAYMENT,7870.29,C1202220987,1445223.63,1437353.34,M256346753,0.0,0.0,0,0,1,1,1,8.970977,0,0,0,1,0,0.005445721,-2.3283064e-10,,0,0,0,0.0,0,0.0,-1,1,0,1,train
1,DEBIT,12872.92,C425015667,11197.0,0.0,C466505482,51885.0,0.0,0,0,1,1,1,9.462959,0,0,1,0,0,1.1495731,-1675.92,-64757.92,1,0,0,0.0,0,0.0,-1,1,0,1,train
1,PAYMENT,6675.34,C2075568954,10107.0,3431.66,M2145896000,0.0,0.0,0,0,1,1,1,8.806325,0,0,0,1,0,0.66040164,0.0,,0,0,0,0.0,0,0.0,-1,1,0,1,train
1,CASH_OUT,410201.89,C1279740095,21448.0,0.0,C1750905143,61613.0,424250.45,0,0,1,1,1,12.924407,0,1,0,0,0,19.124523,-388753.88,-47564.44,1,0,0,0.0,0,0.0,-1,1,0,1,train
1,PAYMENT,13310.78,C2095677157,0.0,0.0,M852026681,0.0,0.0,0,0,1,1,1,9.496405,0,0,0,1,0,13310.78,-13310.78,,0,0,0,0.0,0,0.0,-1,1,0,1,train
1,PAYMENT,664.35,C1943855334,102983.0,102318.65,M94919826,0.0,0.0,0,0,1,1,1,6.5003133,0,0,0,1,0,0.0064510023,0.0,,0,0,0,0.0,0,0.0,-1,1,0,1,train
1,PAYMENT,2130.3,C847320212,10958.0,8827.7,M1201004240,0.0,0.0,0,0,1,1,1,7.6644874,0,0,0,1,0,0.19438818,0.0,,0,0,0,0.0,0,0.0,-1,1,0,1,train
1,PAYMENT,7771.4,C1406848276,8827.7,1056.3,M349259569,0.0,0.0,0,0,1,1,1,8.958334,0,0,0,1,0,0.8802428,1.1368684e-12,,0,0,0,0.0,0,0.0,-1,1,0,1,train
1,PAYMENT,36349.35,C785306763,1056.3,0.0,M1204088028,0.0,0.0,0,0,1,1,1,10.500959,0,0,0,1,0,34.37941,-35293.05,,1,0,0,0.0,0,0.0,-1,1,0,1,train
1,PAYMENT,749.34,C1123236701,0.0,0.0,M1552221437,0.0,0.0,0,0,1,1,1,6.6205263,0,0,0,1,0,749.34,-749.34,,0,0,0,0.0,0,0.0,-1,1,0,1,train
1,PAYMENT,2340.34,C79161706,0.0,0.0,M1685407532,0.0,0.0,0,0,1,1,1,7.7584786,0,0,0,1,0,2340.34,-2340.34,,0,0,0,0.0,0,0.0,-1,1,0,1,train
1,PAYMENT,9686.85,C1057468716,0.0,0.0,M1272051933,0.0,0.0,0,0,1,1,1,9.178628,0,0,0,1,0,9686.85,-9686.85,,0,0,0,0.0,0,0.0,-1,1,0,1,train
1,PAYMENT,15785.85,C1888924788,0.0,0.0,M1041547629,0.0,0.0,0,0,1,1,1,9.666933,0,0,0,1,0,15785.85,-15785.85,,0,0,0,0.0,0,0.0,-1,1,0,1,train
1,PAYMENT,9006.78,C1016633682,0.0,0.0,M2018220300,0.0,0.0,0,0,1,1,1,9.105844,0,0,0,1,0,9006.78,-9006.78,,0,0,0,0.0,0,0.0,-1,1,0,1,train
1,PAYMENT,9014.95,C1027319653,0.0,0.0,M633079302,0.0,0.0,0,0,1,1,1,9.1067505,0,0,0,1,0,9014.95,-9014.95,,0,0,0,0.0,0,0.0,-1,1,0,1,train
1,PAYMENT,14420.66,C1561745898,0.0,0.0,M2033268925,0.0,0.0,0,0,1,1,1,9.576487,0,0,0,1,0,14420.66,-14420.66,,0,0,0,0.0,0,0.0,-1,1,0,1,train
1,PAYMENT,4802.31,C424786033,0.0,0.0,M1545077099,0.0,0.0,0,0,1,1,1,8.47706,0,0,0,1,0,4802.31,-4802.31,,0,0,0,0.0,0,0.0,-1,1,0,1,train
1,PAYMENT,28527.44,C867093003,0.0,0.0,M1135278099,0.0,0.0,0,0,1,1,1,10.2586565,0,0,0,1,0,28527.44,-28527.44,,0,0,0,0.0,0,0.0,-1,1,0,1,train
1,PAYMENT,4182.93,C1470911015,0.0,0.0,M1268974304,0.0,0.0,0,0,1,1,1,8.339006,0,0,0,1,0,4182.93,-4182.93,,0,0,0,0.0,0,0.0,-1,1,0,1,train
1,PAYMENT,4088.21,C244872973,0.0,0.0,M451312813,0.0,0.0,0,0,1,1,1,8.316107,0,0,0,1,0,4088.21,-4088.21,,0,0,0,0.0,0,0.0,-1,1,0,1,train
1,PAYMENT,8491.9,C795748540,0.0,0.0,M2081000371,0.0,0.0,0,0,1,1,1,9.046986,0,0,0,1,0,8491.9,-8491.9,,0,0,0,0.0,0,0.0,-1,1,0,1,train
1,DEBIT,6666.78,C837073696,11876.0,5209.22,C655381473,24777.0,189534.74,0,0,1,1,1,8.805042,0,0,1,0,0,0.5613185,0.0,158090.95,0,0,0,0.0,0,0.0,-1,1,0,1,train
1,PAYMENT,6536.86,C416201381,17319.0,10782.14,M1178290888,0.0,0.0,0,0,1,1,1,8.785365,0,0,0,1,0,0.37741685,0.0,,0,0,0,0.0,0,0.0,-1,1,0,1,train
1,CASH_OUT,40684.97,C1985938863,10782.14,0.0,C1291286504,49530.0,66575.5,0,0,1,1,1,10.613639,0,1,0,0,0,3.773017,-29902.83,-23639.47,1,0,0,0.0,0,0.0,-1,1,0,1,train
1,PAYMENT,1553.21,C1660325375,31516.0,29962.79,M251664534,0.0,0.0,0,0,1,1,1,7.3487225,0,0,0,1,0,0.049281657,0.0,,0,0,0,0.0,0,0.0,-1,1,0,1,train
1,DEBIT,7344.92,C334593716,0.0,0.0,C485041780,185432.0,0.0,0,0,1,1,1,8.9019,0,0,1,0,0,7344.92,-7344.92,-192776.92,0,0,0,0.0,0,0.0,-1,1,0,1,train
1,CASH_OUT,106267.21,C487416600,0.0,0.0,C476800120,241106.05,49864.36,0,0,1,1,1,11.573722,0,1,0,0,0,106267.21,-106267.21,-297508.9,0,0,0,0.0,0,0.0,-1,1,0,1,train
1,PAYMENT,5491.5,C1271041075,36605.0,31113.5,M1141500277,0.0,0.0,0,0,1,1,1,8.611138,0,0,0,1,0,0.1500164,0.0,,0,0,0,0.0,0,0.0,-1,1,0,1,train
1,PAYMENT,3666.42,C1544895390,48117.0,44450.58,M712410791,0.0,0.0,0,0,1,1,1,8.207244,0,0,0,1,0,0.07619643,0.0,,0,0,0,0.0,0,0.0,-1,1,0,1,train
1,PAYMENT,5507.18,C1971991758,36030.0,30522.82,M2126723403,0.0,0.0,0,0,1,1,1,8.61399,0,0,0,1,0,0.1528456,0.0,,0,0,0,0.0,0,0.0,-1,1,0,1,train
1,DEBIT,4565.14,C201274566,30265.0,25699.86,C747464370,829892.09,1567434.81,0,0,1,1,1,8.426423,0,0,1,0,0,0.15083393,0.0,732977.56,0,0,0,0.0,0,0.0,-1,1,0,1,train
1,PAYMENT,11348.71,C354605216,734899.0,723550.29,M824881806,0.0,0.0,0,0,1,1,1,9.336947,0,0,0,1,0,0.015442523,0.0,,0,0,0,0.0,0,0.0,-1,1,0,1,train
1,TRANSFER,123179.97,C1447353473,7215.0,0.0,C20671747,12904.68,43691.09,0,0,1,1,1,11.72141,0,0,0,0,1,17.070395,-115964.97,-92393.56,1,0,0,0.0,0,0.0,-1,1,0,1,train
1,PAYMENT,7073.6,C611289995,0.0,0.0,M663466110,0.0,0.0,0,0,1,1,1,8.864266,0,0,0,1,0,7073.6,-7073.6,,0,0,0,0.0,0,0.0,-1,1,0,1,train
1,PAYMENT,2803.83,C1129433283,0.0,0.0,M864138492,0.0,0.0,0,0,1,1,1,7.9390984,0,0,0,1,0,2803.83,-2803.83,,0,0,0,0.0,0,0.0,-1,1,0,1,train
1,PAYMENT,106.81,C1810518740,0.0,0.0,M295180183,0.0,0.0,0,0,1,1,1,4.6803703,0,0,0,1,0,106.81,-106.81,,0,0,0,0.0,0,0.0,-1,1,0,1,train
1,PAYMENT,6297.71,C1547883191,762.0,0.0,M1650113431,0.0,0.0,0,0,1,1,1,8.7481,0,0,0,1,0,8.25388,-5535.71,,1,0,0,0.0,0,0.0,-1,1,0,1,train
1,PAYMENT,2610.01,C1528769018,58697.54,56087.54,M183155105,0.0,0.0,0,0,1,1,1,7.867492,0,0,0,1,0,0.044464648,-0.01,,0,0,0,0.0,0,0.0,-1,1,0,1,train
1,PAYMENT,5320.1,C1089930529,56087.54,50767.43,M2001115307,0.0,0.0,0,0,1,1,1,8.579435,0,0,0,1,0,0.09485182,0.01,,0,0,0,0.0,0,0.0,-1,1,0,1,train
1,PAYMENT,1460.63,C1429483328,1132.0,0.0,M172794870,0.0,0.0,0,0,1,1,1,7.2873077,0,0,0,1,0,1.2891704,-328.63,,1,0,0,0.0,0,0.0,-1,1,0,1,train
1,TRANSFER,522264.81,C1927963027,24.0,0.0,C1234776885,11361.0,2025098.66,0,0,1,1,1,13.165932,0,0,0,0,1,20890.592,-522240.8,1.4914729e+06,1,0,0,0.0,0,0.0,-1,1,0,1,train
1,DEBIT,3584.21,C833240229,135496.0,131911.79,C1330106945,100614.05,24044.18,0,0,1,1,1,8.184572,0,0,1,0,0,0.02645232,0.0,-80154.08,0,0,0,0.0,0,0.0,-1,1,0,1,train
1,PAYMENT,3704.97,C1167088639,24553.0,20848.03,M707531688,0.0,0.0,0,0,1,1,1,8.2177,0,0,0,1,0,0.1508907,0.0,,0,0,0,0.0,0,0.0,-1,1,0,1,train
1,PAYMENT,2773.61,C191568263,14332.0,11558.39,M1799635803,0.0,0.0,0,0,1,1,1,7.9282656,0,0,0,1,0,0.19351217,0.0,,0,0,0,0.0,0,0.0,-1,1,0,1,train
1,PAYMENT,3896.42,C751608431,11558.39,7661.97,M1723290893,0.0,0.0,0,0,1,1,1,8.26807,0,0,0,1,0,0.33707833,-9.094947e-13,,0,0,0,0.0,0,0.0,-1,1,0,1,train
1,PAYMENT,18781.84,C893640573,7661.97,0.0,M2085886997,0.0,0.0,0,0,1,1,1,9.840699,0,0,0,1,0,2.450987,-11119.87,,1,0,0,0.0,0,0.0,-1,1,0,1,train
1,PAYMENT,6660.33,C893523498,17710.0,11049.67,M1770070706,0.0,0.0,0,0,1,1,1,8.804074,0,0,0,1,0,0.37605613,0.0,,0,0,0,0.0,0,0.0,-1,1,0,1,train
1,TRANSFER,26923.42,C1108517064,11049.67,0.0,C1983747920,199404.91,95508.95,0,0,1,1,1,10.2007885,0,0,0,0,1,2.4363608,-15873.75,-130819.38,1,0,0,0.0,0,0.0,-1,1,0,1,train
1,TRANSFER,53783.57,C511354923,0.0,0.0,C1899073220,75514.0,420946.86,0,0,1,1,1,10.892742,0,0,0,0,1,53783.57,-53783.57,291649.28,0,0,0,0.0,0,0.0,-1,1,0,1,train
1,TRANSFER,80333.28,C992743048,0.0,0.0,C1749186397,321592.98,277515.05,0,0,1,1,1,11.293952,0,0,0,0,1,80333.28,-80333.28,-124411.21,0,0,0,0.0,0,0.0,-1,1,0,1,train
1,TRANSFER,211075.91,C1540894701,0.0,0.0,C564160838,930082.81,1254956.07,0,0,1,1,1,12.259978,0,0,0,0,1,211075.9,-211075.9,113797.35,0,0,0,0.0,0,0.0,-1,1,0,1,train
1,TRANSFER,100677.86,C203149502,0.0,0.0,C1531333864,701567.56,55974.56,0,0,1,1,1,11.519691,0,0,0,0,1,100677.86,-100677.86,-746270.9,0,0,0,0.0,0,0.0,-1,1,0,1,train
1,TRANSFER,473499.51,C1198197478,0.0,0.0,C453211571,883248.39,3461666.05,0,0,1,1,1,13.067908,0,0,0,0,1,473499.5,-473499.5,2.1049182e+06,0,0,0,0.0,0,0.0,-1,1,0,1,train
1,TRANSFER,1538200.39,C476579021,0.0,0.0,C1590550415,6977445.38,19169204.93,0,0,1,1,1,14.246124,0,0,0,0,1,1.5382004e+06,-1.5382004e+06,1.0653559e+07,0,0,0,0.0,0,0.0,-1,1,0,1,train
1,TRANSFER,2421578.09,C106297322,0.0,0.0,C1590550415,8515645.77,19169204.93,0,0,1,1,1,14.69993,0,0,0,0,1,2.421578e+06,-2.421578e+06,8.231981e+06,0,0,0,0.0,0,0.0,-1,1,0,1,train
1,TRANSFER,1349670.68,C1419332030,0.0,0.0,C665576141,1538085.96,5515763.34,0,0,1,1,1,14.115372,0,0,0,0,1,1.3496706e+06,-1.3496706e+06,2.6280068e+06,0,0,0,0.0,0,0.0,-1,1,0,1,train
1,TRANSFER,314403.14,C1262110193,0.0,0.0,C1789550256,888232.25,4619798.56,0,0,1,1,1,12.658435,0,0,0,0,1,314403.12,-314403.12,3.4171632e+06,0,0,0,0.0,0,0.0,-1,1,0,1,train
1,TRANSFER,1457213.54,C396918327,0.0,0.0,C1590550415,10937223.86,19169204.93,0,0,1,1,1,14.192038,0,0,0,0,1,1.4572135e+06,-1.4572135e+06,6.7747675e+06,0,0,0,0.0,0,0.0,-1,1,0,1,train
1,TRANSFER,180368.84,C1055601039,0.0,0.0,C1359044626,1437353.34,16518.36,0,0,1,1,1,12.102765,0,0,0,0,1,180368.84,-180368.84,-1.6012039e+06,0,0,0,0.0,0,0.0,-1,1,0,1,train
1,TRANSFER,445038.71,C547441493,0.0,0.0,C1531333864,802245.42,55974.56,0,0,1,1,1,13.0059185,0,0,0,0,1,445038.72,-445038.72,-1.1913096e+06,0,0,0,0.0,0,0.0,-1,1,0,1,train
1,TRANSFER,1123206.66,C967677821,0.0,0.0,C451111351,1773963.18,3940085.21,0,0,1,1,1,13.931699,0,0,0,0,1,1.1232066e+06,-1.1232066e+06,1.0429154e+06,0,0,0,0.0,0,0.0,-1,1,0,1,train
1,DEBIT,996.0,C1839206329,46132.0,45136.0,C998351292,88106.55,1015132.48,0,0,1,1,1,6.904751,0,0,1,0,0,0.021589752,0.0,926029.94,0,0,0,0.0,0,0.0,-1,1,0,1,train
1,TRANSFER,176334.26,C169880779,45136.0,0.0,C1286084959,1251626.46,2107778.11,0,0,1,1,1,12.080142,0,0,0,0,1,3.9066455,-131198.27,679817.4,1,0,0,0.0,0,0.0,-1,1,0,1,train
1,TRANSFER,161217.61,C552674617,0.0,0.0,C909295153,199733.0,5602234.95,0,0,1,1,1,11.990517,0,0,0,0,1,161217.61,-161217.61,5.2412845e+06,0,0,0,0.0,0,0.0,-1,1,0,1,train
1,TRANSFER,108443.61,C1974622245,0.0,0.0,C240650537,246974.3,0.0,0,0,1,1,1,11.593995,0,0,0,0,1,108443.61,-108443.61,-355417.9,0,0,0,0.0,0,0.0,-1,1,0,1,train
1,TRANSFER,75442.68,C402808045,0.0,0.0,C1318822808,80469.0,500631.71,0,0,1,1,1,11.231142,0,0,0,0,1,75442.68,-75442.68,344720.03,0,0,0,0.0,0,0.0,-1,1,0,1,train
1,TRANSFER,55536.86,C332365138,0.0,0.0,C392292416,915902.37,3420103.09,0,0,1,1,1,10.92482,0,0,0,0,1,55536.86,-55536.86,2.4486638e+06,0,0,0,0.0,0,0.0,-1,1,0,1,train
1,TRANSFER,438437.09,C977160959,0.0,0.0,C248609774,740675.45,6453430.91,0,0,1,1,1,12.990973,0,0,0,0,1,438437.1,-438437.1,5.2743185e+06,0,0,0,0.0,0,0.0,-1,1,0,1,train
1,TRANSFER,928722.69,C1563053805,0.0,0.0,C985934102,1259119.8,971418.91,0,0,1,1,1,13.741567,0,0,0,0,1,928722.7,-928722.7,-1.2164236e+06,0,0,0,0.0,0,0.0,-1,1,0,1,train
1,TRANSFER,1478772.04,C1464177809,0.0,0.0,C1170794006,1652668.12,22190.99,0,0,1,1,1,14.206723,0,0,0,0,1,1.478772e+06,-1.478772e+06,-3.1092492e+06,0,0,0,0.0,0,0.0,-1,1,0,1,train
1,TRANSFER,2545478.01,C1057507014,0.0,0.0,C1590550415,12394437.4,19169204.93,0,0,1,1,1,14.749829,0,0,0,0,1,2.545478e+06,-2.545478e+06,4.2292895e+06,0,0,0,0.0,0,0.0,-1,1,0,1,train
1,TRANSFER,2061082.82,C2007599722,0.0,0.0,C1590550415,14939915.42,19169204.93,0,0,1,1,1,14.538742,0,0,0,0,1,2.0610829e+06,-2.0610829e+06,2.1682068e+06,0,0,0,0.0,0,0.0,-1,1,0,1,train
1,TRANSFER,983479.66,C2029780820,0.0,0.0,C1170794006,3131440.16,22190.99,0,0,1,1,1,13.798853,0,0,0,0,1,983479.7,-983479.7,-4.0927288e+06,0,0,0,0.0,0,0.0,-1,1,0,1,train
1,TRANSFER,635507.97,C65080774,0.0,0.0,C747464370,834457.23,1567434.81,0,0,1,1,1,13.362182,0,0,0,0,1,635508.0,-635508.0,97469.61,0,0,0,0.0,0,0.0,-1,1,0,1,train
1,TRANSFER,848231.57,C2116179210,0.0,0.0,C1170794006,4114919.82,22190.99,0,0,1,1,1,13.65091,0,0,0,0,1,848231.56,-848231.56,-4.9409605e+06,0,0,0,0.0,0,0.0,-1,1,0,1,train
1,TRANSFER,739112.93,C1172535934,0.0,0.0,C564160838,1141158.73,1254956.07,0,0,1,1,1,13.513207,0,0,0,0,1,739112.94,-739112.94,-625315.56,0,0,0,0.0,0,0.0,-1,1,0,1,train
1,TRANSFER,324397.94,C1648700617,0.0,0.0,C932583850,373058.79,2719172.89,0,0,1,1,1,12.68973,0,0,0,0,1,324397.94,-324397.94,2.0217161e+06,0,0,0,0.0,0,0.0,-1,1,0,1,train
1,TRANSFER,982862.81,C1765900922,0.0,0.0,C985934102,2187842.49,971418.91,0,0,1,1,1,13.798225,0,0,0,0,1,982862.8,-982862.8,-2.1992865e+06,0,0,0,0.0,0,0.0,-1,1,0,1,train
1,TRANSFER,955855.0,C94830685,0.0,0.0,C248609774,1179112.54,6453430.91,0,0,1,1,1,13.770363,0,0,0,0,1,955855.0,-955855.0,4.3184635e+06,0,0,0,0.0,0,0.0,-1,1,0,1,train
1,TRANSFER,179253.24,C1539947037,0.0,0.0,C1870252780,179614.1,46462.23,0,0,1,1,1,12.0965605,0,0,0,0,1,179253.23,-179253.23,-312405.12,0,0,0,0.0,0,0.0,-1,1,0,1,train
1,PAYMENT,5446.88,C270661321,666.0,0.0,M1964434661,0.0,0.0,0,0,1,1,1,8.602982,0,0,0,1,0,8.166237,-4780.88,,1,0,0,0.0,0,0.0,-1,1,0,1,train
1,PAYMENT,648.64,C1217312754,873.0,224.36,M1585571244,0.0,0.0,0,0,1,1,1,6.4764185,0,0,0,1,0,0.742151,0.0,,0,0,0,0.0,0,0.0,-1,1,0,1,train
1,PAYMENT,8494.71,C1099552523,11129.0,2634.29,M66724371,0.0,0.0,0,0,1,1,1,9.047317,0,0,0,1,0,0.7632264,9.094947e-13,,0,0,0,0.0,0,0.0,-1,1,0,1,train
1,CASH_OUT,373068.26,C1047934137,20034.0,0.0,C1286084959,1427960.73,2107778.11,0,0,1,1,1,12.829519,0,1,0,0,0,18.620827,-353034.25,306749.12,1,0,0,0.0,0,0.0,-1,1,0,1,train
1,CASH_IN,143236.26,C1862994526,0.0,143236.26,C1688019098,608932.17,97263.78,0,0,1,1,1,11.872257,1,0,0,0,0,143236.27,-286472.53,-654904.6,0,0,0,0.0,0,0.0,-1,1,0,1,train
1,CASH_IN,228451.89,C1614133563,143236.26,371688.15,C2083562754,719678.38,1186556.81,0,0,1,1,1,12.339086,1,0,0,0,0,1.5949194,-456903.78,238426.55,0,0,0,0.0,0,0.0,-1,1,0,1,train
1,CASH_IN,35902.49,C839771540,371688.15,407590.65,C2001112025,49003.3,0.0,0,0,1,1,1,10.48859,1,0,0,0,0,0.096592784,-71804.99,-84905.79,0,0,0,0.0,0,0.0,-1,1,0,1,train
1,CASH_IN,232953.64,C1037163664,407590.65,640544.28,C33524623,1172672.27,1517262.16,0,0,1,1,1,12.358599,1,0,0,0,0,0.57153684,-465907.28,111636.25,0,0,0,0.0,0,0.0,-1,1,0,1,train
1,CASH_IN,65912.95,C180316302,640544.28,706457.23,C1330106945,104198.26,24044.18,0,0,1,1,1,11.096106,1,0,0,0,0,0.10290131,-131825.9,-146067.03,0,0,0,0.0,0,0.0,-1,1,0,1,train
1,CASH_IN,193492.68,C1200546947,706457.23,899949.91,C1531333864,1247284.13,55974.56,0,0,1,1,1,12.173,1,0,0,0,0,0.27389118,-386985.38,-1.3848022e+06,0,0,0,0.0,0,0.0,-1,1,0,1,train
1,CASH_IN,60836.64,C443713699,899949.91,960786.56,C488044861,143436.0,5203.54,0,0,1,1,1,11.015964,1,0,0,0,0,0.06759995,-121673.29,-199069.1,0,0,0,0.0,0,0.0,-1,1,0,1,train
1,CASH_IN,62325.15,C695530017,960786.56,1023111.71,C564160838,1880271.66,1254956.07,0,0,1,1,1,11.040136,1,0,0,0,0,0.064868815,-124650.3,-687640.75,0,0,0,0.0,0,0.0,-1,1,0,1,train
1,CASH_IN,349640.51,C1493042329,1023111.71,1372752.22,C909295153,360950.61,5602234.95,0,0,1,1,1,12.764664,1,0,0,0,0,0.34174192,-699281.0,4.891644e+06,0,0,0,0.0,0,0.0,-1,1,0,1,train
1,CASH_IN,135324.19,C1751403001,1372752.22,1508076.41,C453211571,1356747.89,3461666.05,0,0,1,1,1,11.815436,1,0,0,0,0,0.09857867,-270648.38,1.969594e+06,0,0,0,0.0,0,0.0,-1,1,0,1,train
1,CASH_IN,380015.14,C1717433286,1508076.41,1888091.55,C401424608,1336470.16,1178808.14,0,0,1,1,1,12.847969,1,0,0,0,0,0.2519865,-760030.25,-537677.2,0,0,0,0.0,0,0.0,-1,1,0,1,train
1,CASH_IN,418688.27,C1756819670,1888091.55,2306779.82,C401424608,956455.03,1178808.14,0,0,1,1,1,12.944884,1,0,0,0,0,0.22175199,-837376.56,-196335.16,0,0,0,0.0,0,0.0,-1,1,0,1,train
1,CASH_IN,311023.52,C1078262677,2306779.82,2617803.34,C766572210,1477776.96,0.0,0,0,1,1,1,12.647627,1,0,0,0,0,0.13483012,-622047.06,-1.7888005e+06,0,0,0,0.0,0,0.0,-1,1,0,1,train
1,CASH_IN,151862.38,C178604517,2617803.34,2769665.72,C920011586,158858.48,0.0,0,0,1,1,1,11.930737,1,0,0,0,0,0.058011357,-303724.75,-310720.88,0,0,0,0.0,0,0.0,-1,1,0,1,train
1,CASH_IN,228710.05,C57624756,2769665.72,2998375.78,C1297685781,743792.14,16997.22,0,0,1,1,1,12.340215,1,0,0,0,0,0.08257674,-457420.12,-955505.0,0,0,0,0.0,0,0.0,-1,1,0,1,train
1,CASH_IN,220431.09,C1543518287,2998375.78,3218806.87,C451111351,2897169.84,3940085.21,0,0,1,1,1,12.303345,1,0,0,0,0,0.07351681,-440862.2,822484.25,0,0,0,0.0,0,0.0,-1,1,0,1,train
1,CASH_IN,182861.45,C998242313,3218806.87,3401668.32,C485041780,192776.92,0.0,0,0,1,1,1,12.116489,1,0,0,0,0,0.056810305,-365722.9,-375638.38,0,0,0,0.0,0,0.0,-1,1,0,1,train
1,CASH_IN,231881.5,C464872674,3401668.32,3633549.82,C1509514333,894141.72,2415.16,0,0,1,1,1,12.353986,1,0,0,0,0,0.06816697,-463763.0,-1.123608e+06,0,0,0,0.0,0,0.0,-1,1,0,1,train
1,CASH_IN,38071.17,C1659286984,3633549.82,3671620.98,C601893033,122487.0,54985.05,0,0,1,1,1,10.547239,1,0,0,0,0,0.010477676,-76142.33,-105573.12,0,0,0,0.0,0,0.0,-1,1,0,1,train
1,CASH_IN,87117.29,C1064905627,3671620.98,3758738.27,C75457651,501093.89,31469.78,0,0,1,1,1,11.375022,1,0,0,0,0,0.023727195,-174234.58,-556741.4,0,0,0,0.0,0,0.0,-1,1,0,1,train
1,CASH_IN,114271.72,C2072130509,3758738.27,3873009.99,C985934102,3170705.3,971418.91,0,0,1,1,1,11.646343,1,0,0,0,0,0.030401608,-228543.44,-2.313558e+06,0,0,0,0.0,0,0.0,-1,1,0,1,train
1,CASH_IN,73199.1,C1260440107,3873009.99,3946209.08,C1749186397,401926.25,277515.05,0,0,1,1,1,11.200953,1,0,0,0,0,0.018899791,-146398.19,-197610.3,0,0,0,0.0,0,0.0,-1,1,0,1,train
1,CASH_IN,764772.98,C482307698,3946209.08,4710982.07,C985934102,3056433.58,971418.91,0,0,1,1,1,13.547336,1,0,0,0,0,0.19379936,-1.529546e+06,-2.8497878e+06,0,0,0,0.0,0,0.0,-1,1,0,1,train
1,CASH_IN,106847.36,C1793899405,4710982.07,4817829.42,C575335780,335711.51,52415.15,0,0,1,1,1,11.579165,1,0,0,0,0,0.02268048,-213694.7,-390143.72,0,0,0,0.0,0,0.0,-1,1,0,1,train
1,CASH_IN,6287.28,C1765702,4817829.42,4824116.71,C1651855867,11274.0,0.0,0,0,1,1,1,8.746443,1,0,0,0,0,0.0013050024,-12574.57,-17561.28,0,0,0,0.0,0,0.0,-1,1,0,1,train
1,CASH_IN,24936.34,C1302725372,4824116.71,4849053.05,C660143728,104408.0,42450.71,0,0,1,1,1,10.124122,1,0,0,0,0,0.0051690987,-49872.68,-86893.63,0,0,0,0.0,0,0.0,-1,1,0,1,train
1,CASH_IN,55837.16,C713898436,4849053.05,4904890.21,C100555887,66800.82,10963.66,0,0,1,1,1,10.930213,1,0,0,0,0,0.011515062,-111674.32,-111674.32,0,0,0,0.0,0,0.0,-1,1,0,1,train
1,CASH_IN,63255.29,C632475595,4904890.21,4968145.5,C1100439041,237735.3,0.0,0,0,1,1,1,11.05495,1,0,0,0,0,0.012896369,-126510.58,-300990.6,0,0,0,0.0,0,0.0,-1,1,0,1,train
1,CASH_IN,104605.78,C1920305914,4968145.5,5072751.28,C357863579,207302.14,92307.65,0,0,1,1,1,11.557963,1,0,0,0,0,0.021055292,-209211.56,-219600.27,0,0,0,0.0,0,0.0,-1,1,0,1,train
1,CASH_IN,154160.82,C263833514,5072751.28,5226912.1,C503195940,157376.0,0.0,0,0,1,1,1,11.945758,1,0,0,0,0,0.030389976,-308321.62,-311536.8,0,0,0,0.0,0,0.0,-1,1,0,1,train
1,CASH_IN,257348.03,C1278839936,5226912.1,5484260.13,C985934102,2291660.6,971418.91,0,0,1,1,1,12.458189,1,0,0,0,0,0.049235184,-514696.06,-1.5775898e+06,0,0,0,0.0,0,0.0,-1,1,0,1,train
1,CASH_IN,201073.81,C2143739483,5484260.13,5685333.94,C401424608,537766.76,1178808.14,0,0,1,1,1,12.211432,1,0,0,0,0,0.036663793,-402147.62,439967.56,0,0,0,0.0,0,0.0,-1,1,0,1,train
1,CASH_IN,53560.68,C565881091,5685333.94,5738894.62,C1761291320,172857.68,22233.65,0,0,1,1,1,10.888589,1,0,0,0,0,0.009420848,-107121.36,-204184.7,0,0,0,0.0,0,0.0,-1,1,0,1,train
1,CASH_IN,334234.39,C1618984457,5738894.62,6073129.01,C1870252780,358867.35,46462.23,0,0,1,1,1,12.719601,1,0,0,0,0,0.058240194,-668468.75,-646639.5,0,0,0,0.0,0,0.0,-1,1,0,1,train
1,CASH_IN,227335.16,C1621254922,6073129.01,6300464.17,C564160838,1817946.5,1254956.07,0,0,1,1,1,12.334185,1,0,0,0,0,0.037432946,-454670.3,-790325.56,0,0,0,0.0,0,0.0,-1,1,0,1,train
1,CASH_IN,134426.08,C702500163,6300464.17,6434890.26,C575335780,228864.16,52415.15,0,0,1,1,1,11.808777,1,0,0,0,0,0.021335898,-268852.16,-310875.1,0,0,0,0.0,0,0.0,-1,1,0,1,train
1,CASH_IN,2643.45,C1574509514,6434890.26,6437533.71,C215145189,49974.0,1891.79,0,0,1,1,1,7.8802185,1,0,0,0,0,0.0004107995,-5286.9,-50725.66,0,0,0,0.0,0,0.0,-1,1,0,1,train
1,CASH_IN,134977.11,C1087072654,6437533.71,6572510.82,C1750905143,471814.89,424250.45,0,0,1,1,1,11.812868,1,0,0,0,0,0.020967204,-269954.22,-182541.55,0,0,0,0.0,0,0.0,-1,1,0,1,train
1,CASH_IN,25090.03,C864221358,6572510.82,6597600.85,C1282788025,80148.6,0.0,0,0,1,1,1,10.130265,1,0,0,0,0,0.0038174188,-50180.06,-105238.63,0,0,0,0.0,0,0.0,-1,1,0,1,train
1,CASH_IN,147388.67,C1617174216,6597600.85,6744989.53,C824009085,184486.01,64106.18,0,0,1,1,1,11.900835,1,0,0,0,0,0.022339733,-294777.34,-267768.5,0,0,0,0.0,0,0.0,-1,1,0,1,train
1,CASH_IN,217615.09,C1979080261,6744989.53,6962604.61,C392292416,971439.24,3420103.09,0,0,1,1,1,12.290487,1,0,0,0,0,0.032263216,-435230.16,2.2310488e+06,0,0,0,0.0,0,0.0,-1,1,0,1,train
1,CASH_IN,355294.5,C1860886124,6962604.61,7317899.11,C747464370,1469965.2,1567434.81,0,0,1,1,1,12.780705,1,0,0,0,0,0.051028956,-710589.0,-257824.89,0,0,0,0.0,0,0.0,-1,1,0,1,train
1,CASH_IN,12336.48,C1250499735,7317899.11,7330235.59,C990398217,21024.0,83845.22,0,0,1,1,1,9.420397,1,0,0,0,0,0.001685795,-24672.96,50484.74,0,0,0,0.0,0,0.0,-1,1,0,1,train
1,CASH_IN,349505.89,C173791568,7330235.59,7679741.48,C1590550415,17000998.23,19169204.93,0,0,1,1,1,12.764278,1,0,0,0,0,0.047680028,-699011.75,1.8187008e+06,0,0,0,0.0,0,0.0,-1,1,0,1,train
1,CASH_IN,285185.34,C1293462056,7679741.48,7964926.82,C1335050193,451065.09,353532.56,0,0,1,1,1,12.560898,1,0,0,0,0,0.03713475,-570370.7,-382717.88,0,0,0,0.0,0,0.0,-1,1,0,1,train
1,CASH_IN,132953.45,C1966670937,7964926.82,8097880.27,C1359044626,1617722.17,16518.36,0,0,1,1,1,11.797762,1,0,0,0,0,0.01669236,-265906.9,-1.7341572e+06,0,0,0,0.0,0,0.0,-1,1,0,1,train
1,CASH_IN,214851.41,C2002174925,8097880.27,8312731.68,C33524623,939718.63,1517262.16,0,0,1,1,1,12.277706,1,0,0,0,0,0.026531806,-429702.8,362692.12,0,0,0,0.0,0,0.0,-1,1,0,1,train
1,CASH_IN,54988.56,C588449070,8312731.68,8367720.25,C11003494,60870.0,10588885.27,0,0,1,1,1,10.914899,1,0,0,0,0,0.00661498,-109977.13,1.0473027e+07,0,0,0,0.0,0,0.0,-1,1,0,1,train
1,CASH_IN,62871.06,C735228558,8367720.25,8430591.3,C716157500,177707.91,4894.45,0,0,1,1,1,11.048857,1,0,0,0,0,0.007513522,-125742.11,-235684.52,0,0,0,0.0,0,0.0,-1,1,0,1,train
1,CASH_IN,61150.85,C376725601,8430591.3,8491742.16,C1360767589,1166393.13,2107965.39,0,0,1,1,1,11.021115,1,0,0,0,0,0.0072534466,-122301.71,880421.44,0,0,0,0.0,0,0.0,-1,1,0,1,train
1,CASH_IN,131409.27,C1476235721,8491742.16,8623151.43,C1068824137,290276.03,265092.36,0,0,1,1,1,11.786079,1,0,0,0,0,0.015474946,-262818.53,-156592.94,0,0,0,0.0,0,0.0,-1,1,0,1,train
1,CASH_IN,10844.33,C1828508781,8623151.43,8633995.76,C2083117811,42274.0,290772.6,0,0,1,1,1,9.29149,1,0,0,0,0,0.001257583,-21688.66,237654.27,0,0,0,0.0,0,0.0,-1,1,0,1,train
1,PAYMENT,2054.84,C1376017854,22195.0,20140.16,M1732663543,0.0,0.0,0,0,1,1,1,7.62844,0,0,0,1,0,0.09257704,0.0,,0,0,0,0.0,0,0.0,-1,1,0,1,train
1,CASH_IN,313373.56,C1552870927,20140.16,333513.72,C985934102,2034312.57,971418.91,0,0,1,1,1,12.655154,1,0,0,0,0,15.558864,-626747.1,-1.3762672e+06,0,0,0,0.0,0,0.0,-1,1,0,1,train
1,CASH_IN,13289.87,C1448805967,333513.72,346803.59,C1225616405,78256.1,0.0,0,0,1,1,1,9.494833,1,0,0,0,0,0.039847925,-26579.74,-91545.97,0,0,0,0.0,0,0.0,-1,1,0,1,train
1,CASH_IN,27070.11,C641882263,346803.59,373873.7,C1568059495,70595.0,122750.49,0,0,1,1,1,10.206223,1,0,0,0,0,0.0780558,-54140.22,25085.38,0,0,0,0.0,0,0.0,-1,1,0,1,train
1,CASH_IN,127954.7,C1930837320,373873.7,501828.4,C564160838,1590611.34,1254956.07,0,0,1,1,1,11.759439,1,0,0,0,0,0.34223953,-255909.4,-463609.97,0,0,0,0.0,0,0.0,-1,1,0,1,train
1,CASH_IN,197031.04,C1489193907,501828.4,698859.44,C1297685781,515082.09,16997.22,0,0,1,1,1,12.191122,1,0,0,0,0,0.39262554,-394062.1,-695115.94,0,0,0,0.0,0,0.0,-1,1,0,1,train
1,CASH_IN,144366.64,C1453606810,698859.44,843226.08,C985934102,1720939.01,971418.91,0,0,1,1,1,11.880118,1,0,0,0,0,0.20657435,-288733.28,-893886.75,0,0,0,0.0,0,0.0,-1,1,0,1,train
1,CASH_IN,7965.49,C1645624121,843226.08,851191.57,C195600860,35100.09,40348.79,0,0,1,1,1,8.982999,1,0,0,0,0,0.009446436,-15930.98,-2716.79,0,0,0,0.0,0,0.0,-1,1,0,1,train
1,CASH_IN,123103.74,C547923534,851191.57,974295.31,C736709391,541942.24,46820.71,0,0,1,1,1,11.720791,1,0,0,0,0,0.14462502,-246207.48,-618225.25,0,0,0,0.0,0,0.0,-1,1,0,1,train
1,CASH_IN,106634.77,C1660223291,974295.31,1080930.07,C1170794006,4963151.39,22190.99,0,0,1,1,1,11.577174,1,0,0,0,0,0.109447986,-213269.53,-5.047595e+06,0,0,0,0.0,0,0.0,-1,1,0,1,train
1,CASH_IN,74933.22,C379124840,1080930.07,1155863.3,C1023714065,1312918.22,1412484.09,0,0,1,1,1,11.224366,1,0,0,0,0,0.06932285,-149866.45,24632.65,0,0,0,0.0,0,0.0,-1,1,0,1,train
1,CASH_IN,120234.99,C1157943921,1155863.3,1276098.29,C977993101,194026.33,965870.05,0,0,1,1,1,11.697211,1,0,0,0,0,0.10402172,-240469.98,651608.75,0,0,0,0.0,0,0.0,-1,1,0,1,train
1,CASH_IN,5763.99,C544966217,1276098.29,1281862.28,C1870252780,24632.95,46462.23,0,0,1,1,1,8.659558,1,0,0,0,0,0.004516882,-11527.98,16065.29,0,0,0,0.0,0,0.0,-1,1,0,1,train
1,CASH_IN,156922.36,C1706272858,1281862.28,1438784.65,C665576141,2887756.64,5515763.34,0,0,1,1,1,11.963512,1,0,0,0,0,0.12241739,-313844.72,2.4710842e+06,0,0,0,0.0,0,0.0,-1,1,0,1,train
1,CASH_IN,162665.98,C882471736,1438784.65,1601450.63,C1096283470,362164.9,0.0,0,0,1,1,1,11.99946,1,0,0,0,0,0.11305783,-325331.97,-524830.9,0,0,0,0.0,0,0.0,-1,1,0,1,train
1,CASH_IN,110226.34,C1475192960,1601450.63,1601450.63,C1816757085,1601450.63,10681238.79,0,0,1,1,1,11.6103,1,0,0,0,0,0.068829015,-110226.34,8.969562e+06,0,0,0,0.0,0,0.0,-1,1,0,1,train
1,CASH_IN,142577.44,C727197178,1601450.63,1744028.07,C1100439041,174480.01,0.0,0,0,1,1,1,11.867647,1,0,0,0,0,0.089030124,-285154.88,-317057.44,0,0,0,0.0,0,0.0,-1,1,0,1,train
1,CASH_IN,6915.38,C1406253491,1744028.07,1750943.45,C85777802,49685.0,0.0,0,0,1,1,1,8.841648,1,0,0,0,0,0.003965175,-13830.76,-56600.38,0,0,0,0.0,0,0.0,-1,1,0,1,train
1,CASH_IN,157108.01,C749604930,1750943.45,1908051.46,C985934102,1576572.37,971418.91,0,0,1,1,1,11.964695,1,0,0,0,0,0.08972758,-314216.03,-762261.5,0,0,0,0.0,0,0.0,-1,1,0,1,train
1,CASH_IN,223555.14,C373097727,1908051.46,2131606.6,C564160838,1462656.64,1254956.07,0,0,1,1,1,12.317418,1,0,0,0,0,0.117164046,-447110.28,-431255.72,0,0,0,0.0,0,0.0,-1,1,0,1,train
1,CASH_IN,146331.12,C2082509879,2131606.6,2277937.72,C1531333864,1053791.45,55974.56,0,0,1,1,1,11.893634,1,0,0,0,0,0.06864824,-292662.25,-1.144148e+06,0,0,0,0.0,0,0.0,-1,1,0,1,train
1,CASH_IN,141131.23,C576894497,2277937.72,2419068.96,C985934102,1419464.36,971418.91,0,0,1,1,1,11.857452,1,0,0,0,0,0.061955675,-282262.47,-589176.7,0,0,0,0.0,0,0.0,-1,1,0,1,train
1,CASH_IN,222711.47,C2123533871,2419068.96,2641780.43,C1590550415,16651492.34,19169204.93,0,0,1,1,1,12.313637,1,0,0,0,0,0.09206492,-445422.94,2.295001e+06,0,0,0,0.0,0,0.0,-1,1,0,1,train
1,CASH_IN,84980.31,C16148478,2641780.43,2726760.74,C1335050193,165879.75,353532.56,0,0,1,1,1,11.350186,1,0,0,0,0,0.032167803,-169960.62,102672.5,0,0,0,0.0,0,0.0,-1,1,0,1,train
1,CASH_IN,628719.07,C2022689531,2726760.74,3355479.81,C1359044626,1484768.73,16518.36,0,0,1,1,1,13.351441,1,0,0,0,0,0.23057352,-1.2574381e+06,-2.0969695e+06,0,0,0,0.0,0,0.0,-1,1,0,1,train
1,CASH_IN,79285.8,C1340848245,3355479.81,3434765.61,C1170794006,4856516.62,22190.99,0,0,1,1,1,11.280827,1,0,0,0,0,0.023628745,-158571.6,-4.9136115e+06,0,0,0,0.0,0,0.0,-1,1,0,1,train
1,CASH_IN,57809.81,C635610193,3434765.61,3492575.42,C1454031203,59666.0,0.0,0,0,1,1,1,10.9649315,1,0,0,0,0,0.016830783,-115619.62,-117475.81,0,0,0,0.0,0,0.0,-1,1,0,1,train
1,CASH_IN,75043.17,C379121284,3492575.42,3567618.59,C1511785794,156547.0,0.0,0,0,1,1,1,11.225832,1,0,0,0,0,0.02148648,-150086.34,-231590.17,0,0,0,0.0,0,0.0,-1,1,0,1,train
1,CASH_IN,248196.92,C281421502,3567618.59,3815815.51,C1297685781,318051.05,16997.22,0,0,1,1,1,12.421982,1,0,0,0,0,0.069569334,-496393.84,-549250.75,0,0,0,0.0,0,0.0,-1,1,0,1,train
1,CASH_IN,18851.44,C50072771,3815815.51,3834666.95,C215145189,47330.55,1891.79,0,0,1,1,1,9.844398,1,0,0,0,0,0.004940342,-37702.88,-64290.2,0,0,0,0.0,0,0.0,-1,1,0,1,train
1,CASH_IN,403418.39,C848097505,3834666.95,4238085.34,C1286084959,1801028.99,2107778.11,0,0,1,1,1,12.907732,1,0,0,0,0,0.10520295,-806836.75,-96669.27,0,0,0,0.0,0,0.0,-1,1,0,1,train
1,CASH_IN,235564.81,C1672598778,4238085.34,4473650.15,C451111351,2676738.75,3940085.21,0,0,1,1,1,12.369745,1,0,0,0,0,0.055582825,-471129.62,1.0277816e+06,0,0,0,0.0,0,0.0,-1,1,0,1,train
1,CASH_IN,32325.24,C1122233828,4473650.15,4505975.39,C1068824137,158866.76,265092.36,0,0,1,1,1,10.383635,1,0,0,0,0,0.007225695,-64650.48,73900.36,0,0,0,0.0,0,0.0,-1,1,0,1,train
1,CASH_IN,345347.7,C538667887,4505975.39,4851323.08,C240650537,355417.92,0.0,0,0,1,1,1,12.75231,1,0,0,0,0,0.07664215,-690695.4,-700765.6,0,0,0,0.0,0,0.0,-1,1,0,1,train
1,CASH_IN,355500.25,C1967496309,4851323.08,5206823.33,C766572210,1166753.44,0.0,0,0,1,1,1,12.781284,1,0,0,0,0,0.073279016,-711000.5,-1.5222538e+06,0,0,0,0.0,0,0.0,-1,1,0,1,train
1,CASH_IN,103005.78,C406749219,5206823.33,5309829.12,C716157500,114836.85,4894.45,0,0,1,1,1,11.54255,1,0,0,0,0,0.019782841,-206011.56,-212948.19,0,0,0,0.0,0,0.0,-1,1,0,1,train
1,CASH_IN,108803.98,C1173340685,5309829.12,5418633.09,C766572210,811253.19,0.0,0,0,1,1,1,11.597312,1,0,0,0,0,0.020491047,-217607.95,-920057.2,0,0,0,0.0,0,0.0,-1,1,0,1,train
1,CASH_IN,259753.27,C1045731788,5418633.09,5678386.36,C1209271652,260112.48,0.0,0,0,1,1,1,12.467491,1,0,0,0,0,0.04793704,-519506.53,-519865.75,0,0,0,0.0,0,0.0,-1,1,0,1,train
1,CASH_IN,234094.24,C1739267143,5678386.36,5912480.6,C985934102,1278333.12,971418.91,0,0,1,1,1,12.363483,1,0,0,0,0,0.041225478,-468188.47,-541008.44,0,0,0,0.0,0,0.0,-1,1,0,1,train
1,CASH_IN,273305.73,C192456457,5912480.6,6185786.33,C1023714065,1237985.0,1412484.09,0,0,1,1,1,12.51835,1,0,0,0,0,0.046225216,-546611.44,-98806.64,0,0,0,0.0,0,0.0,-1,1,0,1,train
1,CASH_IN,186838.95,C817689537,6185786.33,6372625.28,C736709391,418838.5,46820.71,0,0,1,1,1,12.138008,1,0,0,0,0,0.030204555,-373677.9,-558856.75,0,0,0,0.0,0,0.0,-1,1,0,1,train
1,CASH_IN,193161.04,C708613859,6372625.28,6565786.32,C451111351,2441173.94,3940085.21,0,0,1,1,1,12.171285,1,0,0,0,0,0.030311057,-386322.1,1.3057502e+06,0,0,0,0.0,0,0.0,-1,1,0,1,train
1,CASH_IN,152823.85,C365625031,6565786.32,6718610.17,C1789550256,1202635.39,4619798.56,0,0,1,1,1,11.937048,1,0,0,0,0,0.023275785,-305647.7,3.2643392e+06,0,0,0,0.0,0,0.0,-1,1,0,1,train
1,CASH_IN,91457.82,C1531200408,6718610.17,6810067.99,C1509514333,662260.23,2415.16,0,0,1,1,1,11.423644,1,0,0,0,0,0.013612608,-182915.64,-751302.9,0,0,0,0.0,0,0.0,-1,1,0,1,train
1,CASH_IN,277807.48,C212963786,6810067.99,7087875.47,C1531333864,907460.33,55974.56,0,0,1,1,1,12.534687,1,0,0,0,0,0.040793635,-555614.94,-1.1292932e+06,0,0,0,0.0,0,0.0,-1,1,0,1,train
1,CASH_IN,8679.13,C1123321137,7087875.47,7096554.61,C575335780,94438.08,52415.15,0,0,1,1,1,9.068791,1,0,0,0,0,0.0012245036,-17358.27,-50702.06,0,0,0,0.0,0,0.0,-1,1,0,1,train
1,CASH_IN,2099.59,C685934,7096554.61,7098654.2,C1854778591,40471.79,0.0,0,0,1,1,1,7.6499734,1,0,0,0,0,0.00029586043,-4199.18,-42571.38,0,0,0,0.0,0,0.0,-1,1,0,1,train
1,CASH_IN,221693.08,C2032909428,7098654.2,7320347.28,C1531333864,629652.85,55974.56,0,0,1,1,1,12.309053,1,0,0,0,0,0.031230293,-443386.16,-795371.4,0,0,0,0.0,0,0.0,-1,1,0,1,train
1,CASH_IN,206097.65,C2031377754,7320347.28,7526444.93,C564160838,1239101.5,1254956.07,0,0,1,1,1,12.236111,1,0,0,0,0,0.028154077,-412195.3,-190243.08,0,0,0,0.0,0,0.0,-1,1,0,1,train
1,CASH_IN,22384.21,C523211332,7526444.93,7548829.13,C459857341,42211.0,387263.02,0,0,1,1,1,10.016156,1,0,0,0,0,0.0029740743,-44768.41,322667.8,0,0,0,0.0,0,0.0,-1,1,0,1,train
1,CASH_IN,73210.99,C1280124872,7548829.13,7622040.12,C1435804085,79582.64,96.88,0,0,1,1,1,11.201115,1,0,0,0,0,0.009698323,-146421.98,-152696.75,0,0,0,0.0,0,0.0,-1,1,0,1,train
1,CASH_IN,236747.6,C1747053097,7622040.12,7858787.73,C757108857,390963.21,0.0,0,0,1,1,1,12.374754,1,0,0,0,0,0.03106092,-473495.22,-627710.8,0,0,0,0.0,0,0.0,-1,1,0,1,train
1,CASH_IN,6284.18,C864326906,7858787.73,7865071.9,C1749186397,328727.16,277515.05,0,0,1,1,1,8.74595,1,0,0,0,0,0.00079963723,-12568.35,-57496.29,0,0,0,0.0,0,0.0,-1,1,0,1,train
1,CASH_IN,100198.77,C1348115836,7865071.9,7965270.68,C1750905143,336837.78,424250.45,0,0,1,1,1,11.514921,1,0,0,0,0,0.012739712,-200397.55,-12786.1,0,0,0,0.0,0,0.0,-1,1,0,1,train
1,CASH_IN,160347.32,C1972143064,7965270.68,8125617.99,C33524623,724867.22,1517262.16,0,0,1,1,1,11.985104,1,0,0,0,0,0.020130804,-320694.62,632047.6,0,0,0,0.0,0,0.0,-1,1,0,1,train
1,CASH_IN,289272.75,C312168418,8125617.99,8414890.75,C75457651,413976.6,31469.78,0,0,1,1,1,12.575129,1,0,0,0,0,0.03560009,-578545.5,-671779.56,0,0,0,0.0,0,0.0,-1,1,0,1,train
1,CASH_IN,63189.26,C95369743,8414890.75,8478080.0,C1860513229,101925.0,0.0,0,0,1,1,1,11.0539055,1,0,0,0,0,0.0075092185,-126378.51,-165114.27,0,0,0,0.0,0,0.0,-1,1,0,1,train
1,CASH_IN,196725.32,C26928827,8478080.0,8674805.32,C451111351,2248012.9,3940085.21,0,0,1,1,1,12.1895685,1,0,0,0,0,0.023203991,-393450.62,1.495347e+06,0,0,0,0.0,0,0.0,-1,1,0,1,train
1,PAYMENT,5882.32,C278476563,10252.0,4369.68,M1479909053,0.0,0.0,0,0,1,1,1,8.679876,0,0,0,1,0,0.57371694,0.0,,0,0,0,0.0,0,0.0,-1,1,0,1,train
1,DEBIT,625.92,C615954678,30165.0,29539.08,C811587677,1042.0,0.0,0,0,1,1,1,6.440819,0,0,1,0,0,0.020749187,0.0,-1667.92,0,0,0,0.0,0,0.0,-1,1,0,1,train
1,PAYMENT,5937.72,C1926180325,21779.0,15841.28,M733461760,0.0,0.0,0,0,1,1,1,8.689249,0,0,0,1,0,0.2726226,-1.8189894e-12,,0,0,0,0.0,0,0.0,-1,1,0,1,train
1,PAYMENT,9796.29,C1594039997,274658.0,264861.71,M1323531427,0.0,0.0,0,0,1,1,1,9.189861,0,0,0,1,0,0.0356671,0.0,,0,0,0,0.0,0,0.0,-1,1,0,1,train
1,PAYMENT,13449.95,C1170788511,11080.0,0.0,M1400973979,0.0,0.0,0,0,1,1,1,9.506805,0,0,0,1,0,1.2137848,-2369.95,,1,0,0,0.0,0,0.0,-1,1,0,1,train
1,PAYMENT,4749.6,C347091104,8038.0,3288.4,M1105416433,0.0,0.0,0,0,1,1,1,8.466026,0,0,0,1,0,0.5908198,-4.5474735e-13,,0,0,0,0.0,0,0.0,-1,1,0,1,train
1,PAYMENT,6460.86,C1110195322,31009.0,24548.14,M404947798,0.0,0.0,0,0,1,1,1,8.773672,0,0,0,1,0,0.20834763,0.0,,0,0,0,0.0,0,0.0,-1,1,0,1,train
1,PAYMENT,3605.26,C226690498,10120.0,6514.74,M1455204443,0.0,0.0,0,0,1,1,1,8.190427,0,0,0,1,0,0.35621578,0.0,,0,0,0,0.0,0,0.0,-1,1,0,1,train
1,PAYMENT,624.61,C1976602906,52594.0,51969.39,M1978209605,0.0,0.0,0,0,1,1,1,6.4387274,0,0,0,1,0,0.011875844,0.0,,0,0,0,0.0,0,0.0,-1,1,0,1,train
1,PAYMENT,3854.92,C1624351535,9241.0,5386.08,M1394356510,0.0,0.0,0,0,1,1,1,8.257365,0,0,0,1,0,0.41710886,0.0,,0,0,0,0.0,0,0.0,-1,1,0,1,train
1,TRANSFER,420532.33,C582300198,5386.08,0.0,C1971489295,614566.02,0.0,0,0,1,1,1,12.949279,0,0,0,0,1,78.06313,-415146.25,-1.0350984e+06,1,0,0,0.0,0,0.0,-1,1,0,1,train
1,PAYMENT,4402.86,C533415944,4469.0,66.14,M1919834117,0.0,0.0,0,0,1,1,1,8.390237,0,0,0,1,0,0.98497987,3.2684966e-13,,0,0,0,0.0,0,0.0,-1,1,0,1,train
1,CASH_OUT,147804.02,C1086849943,66.14,0.0,C1182461167,158919.0,23508.22,0,0,1,1,1,11.903649,0,1,0,0,0,2201.4302,-147737.88,-283214.8,1,0,0,0.0,0,0.0,-1,1,0,1,train
1,PAYMENT,151.2,C1265053098,1904.0,1752.8,M246003654,0.0,0.0,0,0,1,1,1,5.0251956,0,0,0,1,0,0.07937008,0.0,,0,0,0,0.0,0,0.0,-1,1,0,1,train
1,PAYMENT,58.21,C235370598,14506.0,14447.79,M248710794,0.0,0.0,0,0,1,1,1,4.0810905,0,0,0,1,0,0.0040125456,0.0,,0,0,0,0.0,0,0.0,-1,1,0,1,train
1,PAYMENT,5936.82,C2083217543,741.0,0.0,M1073741635,0.0,0.0,0,0,1,1,1,8.689097,0,0,0,1,0,8.001105,-5195.82,,1,0,0,0.0,0,0.0,-1,1,0,1,train
1,CASH_OUT,145944.67,C177104018,24376.0,0.0,C1123629720,222.0,46393.85,0,0,1,1,1,11.890989,0,1,0,0,0,5.9869823,-121568.67,-99772.82,1,0,0,0.0,0,0.0,-1,1,0,1,train
1,TRANSFER,7206.33,C478139423,24932.0,17725.67,C1032986144,21308.0,18161.79,0,0,1,1,1,8.8828535,0,0,0,0,1,0.28902778,0.0,-10352.54,0,0,0,0.0,0,0.0,-1,1,0,1,train
1,DEBIT,5581.55,C997695567,530.0,0.0,C1282788025,55058.57,0.0,0,0,1,1,1,8.627401,0,0,1,0,0,10.511394,-5051.55,-60640.12,1,0,0,0.0,0,0.0,-1,1,0,1,train
1,DEBIT,5853.21,C2066892165,5039.0,0.0,C662736689,20018.0,4891090.56,0,0,1,1,1,8.674916,0,0,1,0,0,1.1613512,-814.21,4.8652195e+06,1,0,0,0.0,0,0.0,-1,1,0,1,train
1,PAYMENT,2528.1,C48305285,5037.0,2508.9,M1625090026,0.0,0.0,0,0,1,1,1,7.835619,0,0,0,1,0,0.50180626,0.0,,0,0,0,0.0,0,0.0,-1,1,0,1,train
1,PAYMENT,5655.17,C1714378342,9522.0,3866.83,M265824587,0.0,0.0,0,0,1,1,1,8.640502,0,0,0,1,0,0.59384334,0.0,,0,0,0,0.0,0,0.0,-1,1,0,1,train
1,PAYMENT,1456.09,C93798665,101018.0,99561.91,M41092582,0.0,0.0,0,0,1,1,1,7.2841964,0,0,0,1,0,0.014414021,0.0,,0,0,0,0.0,0,0.0,-1,1,0,1,train
1,PAYMENT,4252.82,C519303080,5545.0,1292.18,M1345265484,0.0,0.0,0,0,1,1,1,8.355573,0,0,0,1,0,0.76682657,2.2737368e-13,,0,0,0,0.0,0,0.0,-1,1,0,1,train
1,TRANSFER,276460.62,C1871680329,595.0,0.0,C1360767589,1105242.28,2107965.39,0,0,1,1,1,12.529827,0,0,0,0,1,463.8601,-275865.62,726262.5,1,0,0,0.0,0,0.0,-1,1,0,1,train
1,PAYMENT,8811.67,C1976166251,30848.0,22036.33,M1950800085,0.0,0.0,0,0,1,1,1,9.083945,0,0,0,1,0,0.28563875,0.0,,0,0,0,0.0,0,0.0,-1,1,0,1,train
1,PAYMENT,12666.68,C1547398254,891.0,0.0,M1337829755,0.0,0.0,0,0,1,1,1,9.446809,0,0,0,1,0,14.200314,-11775.68,,1,0,0,0.0,0,0.0,-1,1,0,1,train
1,CASH_OUT,95636.49,C1979055448,0.0,0.0,C1740000325,359141.7,1363368.51,0,0,1,1,1,11.46832,0,1,0,0,0,95636.49,-95636.49,908590.3,0,0,0,0.0,0,0.0,-1,1,0,1,train
1,CASH_OUT,195314.34,C934740803,0.0,0.0,C2083562754,491226.48,1186556.81,0,0,1,1,1,12.18237,0,1,0,0,0,195314.34,-195314.34,500016.0,0,0,0,0.0,0,0.0,-1,1,0,1,train
1,PAYMENT,6049.09,C812143047,1.0,0.0,M314364096,0.0,0.0,0,0,1,1,1,8.7078285,0,0,0,1,0,3024.545,-6048.09,,1,0,0,0.0,0,0.0,-1,1,0,1,train
1,PAYMENT,14306.8,C1215951090,0.0,0.0,M1205559205,0.0,0.0,0,0,1,1,1,9.56856,0,0,0,1,0,14306.8,-14306.8,,0,0,0,0.0,0,0.0,-1,1,0,1,train
1,PAYMENT,1117.34,C894421232,35611.0,34493.66,M1098986569,0.0,0.0,0,0,1,1,1,7.019601,0,0,0,1,0,0.03137538,0.0,,0,0,0,0.0,0,0.0,-1,1,0,1,train
1,DEBIT,3179.7,C1182311147,124703.85,121524.14,C1540270363,20767.0,0.0,0,0,1,1,1,8.064857,0,0,1,0,0,0.025497805,0.01,-23946.7,0,0,0,0.0,0,0.0,-1,1,0,1,train
1,PAYMENT,2880.68,C1531182070,121524.14,118643.46,M276869158,0.0,0.0,0,0,1,1,1,7.966129,0,0,0,1,0,0.023704397,0.0,,0,0,0,0.0,0,0.0,-1,1,0,1,train
1,PAYMENT,3060.54,C1491860739,118643.46,115582.92,M1527214863,0.0,0.0,0,0,1,1,1,8.026673,0,0,0,1,0,0.025795896,1.4551915e-11,,0,0,0,0.0,0,0.0,-1,1,0,1,train
1,PAYMENT,879.42,C534753234,115582.92,114703.5,M172699023,0.0,0.0,0,0,1,1,1,6.780399,0,0,0,1,0,0.007608498,0.0,,0,0,0,0.0,0,0.0,-1,1,0,1,train
1,PAYMENT,3486.78,C231725600,114703.5,111216.72,M1831882653,0.0,0.0,0,0,1,1,1,8.157021,0,0,0,1,0,0.030397935,0.0,,0,0,0,0.0,0,0.0,-1,1,0,1,train
1,PAYMENT,21530.96,C259251414,111216.72,89685.77,M1552400354,0.0,0.0,0,0,1,1,1,9.977294,0,0,0,1,0,0.19359289,-0.01,,0,0,0,0.0,0,0.0,-1,1,0,1,train
1,PAYMENT,2426.31,C803893384,89685.77,87259.46,M1078566479,0.0,0.0,0,0,1,1,1,7.794539,0,0,0,1,0,0.027053153,0.0,,0,0,0,0.0,0,0.0,-1,1,0,1,train
1,PAYMENT,5110.1,C1372422140,87259.46,82149.35,M819245704,0.0,0.0,0,0,1,1,1,8.53917,0,0,0,1,0,0.05856146,0.01,,0,0,0,0.0,0,0.0,-1,1,0,1,train
1,PAYMENT,207.75,C1288108586,82149.35,81941.6,M1089584667,0.0,0.0,0,0,1,1,1,5.3411374,0,0,0,1,0,0.0025288998,0.0,,0,0,0,0.0,0,0.0,-1,1,0,1,train
1,PAYMENT,18437.04,C2054757222,81941.6,63504.55,M1865201235,0.0,0.0,0,0,1,1,1,9.822171,0,0,0,1,0,0.22499946,0.01,,0,0,0,0.0,0,0.0,-1,1,0,1,train
1,PAYMENT,8690.69,C348132918,63504.55,54813.86,M1493988307,0.0,0.0,0,0,1,1,1,9.070123,0,0,0,1,0,0.1368493,0.0,,0,0,0,0.0,0,0.0,-1,1,0,1,train
1,PAYMENT,4946.03,C1805443519,54813.86,49867.83,M1636322481,0.0,0.0,0,0,1,1,1,8.506542,0,0,0,1,0,0.09023155,0.0,,0,0,0,0.0,0,0.0,-1,1,0,1,train
1,PAYMENT,5432.09,C1978504976,49867.83,44435.75,M1338368149,0.0,0.0,0,0,1,1,1,8.600264,0,0,0,1,0,0.10892756,-0.01,,0,0,0,0.0,0,0.0,-1,1,0,1,train
1,PAYMENT,7649.41,C1129869771,44435.75,36786.34,M1620459733,0.0,0.0,0,0,1,1,1,8.942514,0,0,0,1,0,0.17214152,0.0,,0,0,0,0.0,0,0.0,-1,1,0,1,train
1,PAYMENT,3943.17,C2044337856,36786.34,32843.16,M435914790,0.0,0.0,0,0,1,1,1,8.279994,0,0,0,1,0,0.10718823,0.01,,0,0,0,0.0,0,0.0,-1,1,0,1,train
1,PAYMENT,3101.33,C422409467,32843.16,29741.84,M1273958371,0.0,0.0,0,0,1,1,1,8.039908,0,0,0,1,0,0.09442561,-0.01,,0,0,0,0.0,0,0.0,-1,1,0,1,train
1,TRANSFER,51719.13,C1659515968,882.0,0.0,C1629911510,59670.0,15375.37,0,0,1,1,1,10.853602,0,0,0,0,1,58.57206,-50837.13,-96013.76,1,0,0,0.0,0,0.0,-1,1,0,1,train
1,PAYMENT,13465.91,C664091267,0.0,0.0,M1433208870,0.0,0.0,0,0,1,1,1,9.507991,0,0,0,1,0,13465.91,-13465.91,,0,0,0,0.0,0,0.0,-1,1,0,1,train
1,PAYMENT,19561.05,C1724814719,0.0,0.0,M1437988306,0.0,0.0,0,0,1,1,1,9.881347,0,0,0,1,0,19561.05,-19561.05,,0,0,0,0.0,0,0.0,-1,1,0,1,train
1,PAYMENT,9762.28,C1543146693,129.0,0.0,M1718322084,0.0,0.0,0,0,1,1,1,9.186383,0,0,0,1,0,75.09446,-9633.28,,1,0,0,0.0,0,0.0,-1,1,0,1,train
1,PAYMENT,9778.81,C1956415355,18824.0,9045.19,M251520863,0.0,0.0,0,0,1,1,1,9.188075,0,0,0,1,0,0.5194587,0.0,,0,0,0,0.0,0,0.0,-1,1,0,1,train
1,CASH_OUT,562903.81,C24039137,9045.19,0.0,C33524623,564519.9,1517262.16,0,0,1,1,1,13.240866,0,1,0,0,0,62.225513,-553858.6,389838.44,1,0,0,0.0,0,0.0,-1,1,0,1,train
1,PAYMENT,5055.94,C992086987,30295.0,25239.06,M731243659,0.0,0.0,0,0,1,1,1,8.528517,0,0,0,1,0,0.16688474,0.0,,0,0,0,0.0,0,0.0,-1,1,0,1,train
1,PAYMENT,2858.89,C1244867001,21820.0,18961.11,M1037955032,0.0,0.0,0,0,1,1,1,7.9585385,0,0,0,1,0,0.13101554,0.0,,0,0,0,0.0,0,0.0,-1,1,0,1,train
1,PAYMENT,8531.42,C369805307,18961.11,10429.69,M314562573,0.0,0.0,0,0,1,1,1,9.051628,0,0,0,1,0,0.44991934,0.0,,0,0,0,0.0,0,0.0,-1,1,0,1,train
1,PAYMENT,84.22,C1100109058,25828.0,25743.78,M333693383,0.0,0.0,0,0,1,1,1,4.445236,0,0,0,1,0,0.003260676,0.0,,0,0,0,0.0,0,0.0,-1,1,0,1,train
1,CASH_OUT,227478.01,C1394010463,25743.78,0.0,C1590550415,16428780.87,19169204.93,0,0,1,1,1,12.334813,0,1,0,0,0,8.835889,-201734.23,2.512946e+06,1,0,0,0.0,0,0.0,-1,1,0,1,train
1,PAYMENT,5033.02,C1057307776,23946.7,18913.68,M1819038759,0.0,0.0,0,0,1,1,1,8.523974,0,0,0,1,0,0.21016715,0.0,,0,0,0,0.0,0,0.0,-1,1,0,1,train
1,TRANSFER,100588.8,C1636588948,18913.68,0.0,C2050019814,105223.0,0.0,0,0,1,1,1,11.518806,0,0,0,0,1,5.318028,-81675.12,-205811.8,1,0,0,0.0,0,0.0,-1,1,0,1,train
1,PAYMENT,9374.72,C95685867,21064.0,11689.28,M331596257,0.0,0.0,0,0,1,1,1,9.145879,0,0,0,1,0,0.44503775,0.0,,0,0,0,0.0,0,0.0,-1,1,0,1,train
1,PAYMENT,598.24,C494953170,102631.0,102032.76,M509864971,0.0,0.0,0,0,1,1,1,6.3956623,0,0,0,1,0,0.0058289813,0.0,,0,0,0,0.0,0,0.0,-1,1,0,1,train
1,PAYMENT,4531.55,C999647352,20125.0,15593.45,M911501858,0.0,0.0,0,0,1,1,1,8.41904,0,0,0,1,0,0.225159,0.0,,0,0,0,0.0,0,0.0,-1,1,0,1,train
1,PAYMENT,2998.2,C677120200,15593.45,12595.25,M694069884,0.0,0.0,0,0,1,1,1,8.006101,0,0,0,1,0,0.19226071,0.0,,0,0,0,0.0,0,0.0,-1,1,0,1,train
1,PAYMENT,9269.99,C957923719,12595.25,3325.26,M747158012,0.0,0.0,0,0,1,1,1,9.134645,0,0,0,1,0,0.7359325,0.0,,0,0,0,0.0,0,0.0,-1,1,0,1,train
1,PAYMENT,1209.64,C1692073709,3325.26,2115.61,M948675904,0.0,0.0,0,0,1,1,1,7.0989046,0,0,0,1,0,0.3636637,0.01,,0,0,0,0.0,0,0.0,-1,1,0,1,train
1,PAYMENT,1298.7,C1197498159,2115.61,816.91,M785271142,0.0,0.0,0,0,1,1,1,7.169889,0,0,0,1,0,0.61357546,1.1368684e-13,,0,0,0,0.0,0,0.0,-1,1,0,1,train
1,PAYMENT,7797.0,C500230084,816.91,0.0,M2023026843,0.0,0.0,0,0,1,1,1,8.961622,0,0,0,1,0,9.532834,-6980.09,,1,0,0,0.0,0,0.0,-1,1,0,1,train
1,PAYMENT,5831.03,C1028145537,0.0,0.0,M1628551735,0.0,0.0,0,0,1,1,1,8.671121,0,0,0,1,0,5831.03,-5831.03,,0,0,0,0.0,0,0.0,-1,1,0,1,train
1,PAYMENT,7067.9,C2078641942,0.0,0.0,M606775513,0.0,0.0,0,0,1,1,1,8.863461,0,0,0,1,0,7067.9,-7067.9,,0,0,0,0.0,0,0.0,-1,1,0,1,train
1,PAYMENT,14895.51,C1527882132,0.0,0.0,M935160003,0.0,0.0,0,0,1,1,1,9.608882,0,0,0,1,0,14895.51,-14895.51,,0,0,0,0.0,0,0.0,-1,1,0,1,train
1,PAYMENT,3316.21,C1626852381,0.0,0.0,M300604602,0.0,0.0,0,0,1,1,1,8.106879,0,0,0,1,0,3316.21,-3316.21,,0,0,0,0.0,0,0.0,-1,1,0,1,train
1,PAYMENT,22276.0,C1193398802,0.0,0.0,M453398853,0.0,0.0,0,0,1,1,1,10.01131,0,0,0,1,0,22276.0,-22276.0,,0,0,0,0.0,0,0.0,-1,1,0,1,train
1,PAYMENT,16505.51,C1171255580,0.0,0.0,M34073107,0.0,0.0,0,0,1,1,1,9.71151,0,0,0,1,0,16505.51,-16505.51,,0,0,0,0.0,0,0.0,-1,1,0,1,train
1,PAYMENT,636.95,C1275009283,0.0,0.0,M1658512704,0.0,0.0,0,0,1,1,1,6.45826,0,0,0,1,0,636.95,-636.95,,0,0,0,0.0,0,0.0,-1,1,0,1,train
1,PAYMENT,2056.59,C1478995734,0.0,0.0,M1699578227,0.0,0.0,0,0,1,1,1,7.6292906,0,0,0,1,0,2056.59,-2056.59,,0,0,0,0.0,0,0.0,-1,1,0,1,train
1,PAYMENT,704.74,C1456061400,0.0,0.0,M1661777060,0.0,0.0,0,0,1,1,1,6.559247,0,0,0,1,0,704.74,-704.74,,0,0,0,0.0,0,0.0,-1,1,0,1,train
1,PAYMENT,3222.32,C104261836,0.0,0.0,M259630944,0.0,0.0,0,0,1,1,1,8.078167,0,0,0,1,0,3222.32,-3222.32,,0,0,0,0.0,0,0.0,-1,1,0,1,train
1,PAYMENT,11889.61,C351656492,0.0,0.0,M316335490,0.0,0.0,0,0,1,1,1,9.383504,0,0,0,1,0,11889.61,-11889.61,,0,0,0,0.0,0,0.0,-1,1,0,1,train
1,PAYMENT,9491.89,C597364637,0.0,0.0,M1637613097,0.0,0.0,0,0,1,1,1,9.1582985,0,0,0,1,0,9491.89,-9491.89,,0,0,0,0.0,0,0.0,-1,1,0,1,train
1,PAYMENT,6131.21,C1527086220,0.0,0.0,M515273883,0.0,0.0,0,0,1,1,1,8.721311,0,0,0,1,0,6131.21,-6131.21,,0,0,0,0.0,0,0.0,-1,1,0,1,train
1,PAYMENT,11938.61,C1697281847,0.0,0.0,M1535026957,0.0,0.0,0,0,1,1,1,9.387617,0,0,0,1,0,11938.61,-11938.61,,0,0,0,0.0,0,0.0,-1,1,0,1,train
1,PAYMENT,4233.45,C737104370,0.0,0.0,M105966264,0.0,0.0,0,0,1,1,1,8.351008,0,0,0,1,0,4233.45,-4233.45,,0,0,0,0.0,0,0.0,-1,1,0,1,train
1,PAYMENT,32643.79,C821405322,0.0,0.0,M505231702,0.0,0.0,0,0,1,1,1,10.39344,0,0,0,1,0,32643.79,-32643.79,,0,0,0,0.0,0,0.0,-1,1,0,1,train
1,PAYMENT,622.15,C1328323494,14112.8,13490.65,M1311292881,0.0,0.0,0,0,1,1,1,6.4347873,0,0,0,1,0,0.04408097,0.0,,0,0,0,0.0,0,0.0,-1,1,0,1,train
1,PAYMENT,4573.12,C1408533352,13490.65,8917.54,M617928649,0.0,0.0,0,0,1,1,1,8.428169,0,0,0,1,0,0.33895928,-0.01,,0,0,0,0.0,0,0.0,-1,1,0,1,train
1,PAYMENT,6057.8,C252615006,6996.1,938.3,M79919963,0.0,0.0,0,0,1,1,1,8.709267,0,0,0,1,0,0.86575866,2.2737368e-13,,0,0,0,0.0,0,0.0,-1,1,0,1,train
1,PAYMENT,5770.32,C1943750504,938.3,0.0,M1907604549,0.0,0.0,0,0,1,1,1,8.660656,0,0,0,1,0,6.143213,-4832.02,,1,0,0,0.0,0,0.0,-1,1,0,1,train
1,PAYMENT,9152.97,C176955204,0.0,0.0,M353023213,0.0,0.0,0,0,1,1,1,9.1219425,0,0,0,1,0,9152.97,-9152.97,,0,0,0,0.0,0,0.0,-1,1,0,1,train
1,DEBIT,12154.7,C1011044643,39699.0,27544.3,C451111351,2051287.58,3940085.21,0,0,1,1,1,9.405554,0,0,1,0,0,0.30616373,0.0,1.8766429e+06,0,0,0,0.0,0,0.0,-1,1,0,1,train
1,PAYMENT,8378.01,C1358857082,80899.44,72521.43,M979550238,0.0,0.0,0,0,1,1,1,9.033485,0,0,0,1,0,0.10355951,1.4551915e-11,,0,0,0,0.0,0,0.0,-1,1,0,1,train
1,PAYMENT,9616.45,C2056234595,72521.43,62904.98,M1558395480,0.0,0.0,0,0,1,1,1,9.171334,0,0,0,1,0,0.13259967,-7.275958e-12,,0,0,0,0.0,0,0.0,-1,1,0,1,train
1,PAYMENT,2231.28,C2023917549,12998.0,10766.72,M1416415959,0.0,0.0,0,0,1,1,1,7.7107787,0,0,0,1,0,0.17165013,0.0,,0,0,0,0.0,0,0.0,-1,1,0,1,train
1,PAYMENT,4932.54,C1398260359,136555.0,131622.46,M371397455,0.0,0.0,0,0,1,1,1,8.503812,0,0,0,1,0,0.036121007,0.0,,0,0,0,0.0,0,0.0,-1,1,0,1,train
1,CASH_IN,65413.89,C2052223881,131622.46,197036.35,C614685048,144605.0,0.0,0,0,1,1,1,11.088505,1,0,0,0,0,0.49697745,-130827.78,-210018.89,0,0,0,0.0,0,0.0,-1,1,0,1,train
1,CASH_IN,98560.08,C1213871206,197036.35,295596.43,C434091818,167719.89,63112.23,0,0,1,1,1,11.498432,1,0,0,0,0,0.50021017,-197120.16,-203167.73,0,0,0,0.0,0,0.0,-1,1,0,1,train
1,CASH_IN,15054.61,C628392976,295596.43,310651.04,C832279283,33340.0,185389.8,0,0,1,1,1,9.619506,1,0,0,0,0,0.050929435,-30109.22,136995.19,0,0,0,0.0,0,0.0,-1,1,0,1,train
1,CASH_IN,161632.16,C725832346,310651.04,472283.2,C985934102,1044238.89,971418.91,0,0,1,1,1,11.993085,1,0,0,0,0,0.5202997,-323264.3,-234452.14,0,0,0,0.0,0,0.0,-1,1,0,1,train
1,CASH_IN,47529.19,C1113895488,472283.2,519812.39,C1359044626,856049.65,16518.36,0,0,1,1,1,10.76912,1,0,0,0,0,0.10063684,-95058.38,-887060.5,0,0,0,0.0,0,0.0,-1,1,0,1,train
1,CASH_IN,9577.45,C1527007086,519812.39,529389.85,C838411509,32204.0,22774.25,0,0,1,1,1,9.167271,1,0,0,0,0,0.018424785,-19154.91,-19007.2,0,0,0,0.0,0,0.0,-1,1,0,1,train
1,CASH_IN,414238.59,C1523649562,529389.85,943628.44,C1359044626,808520.46,16518.36,0,0,1,1,1,12.934199,1,0,0,0,0,0.7824816,-828477.2,-1.2062408e+06,0,0,0,0.0,0,0.0,-1,1,0,1,train
1,CASH_IN,89327.65,C1807176280,943628.44,1032956.09,C451111351,2063442.28,3940085.21,0,0,1,1,1,11.400078,1,0,0,0,0,0.09466391,-178655.3,1.7873152e+06,0,0,0,0.0,0,0.0,-1,1,0,1,train
1,CASH_IN,194900.16,C203819996,1032956.09,1227856.25,C1262822392,8633995.76,12494367.15,0,0,1,1,1,12.180248,1,0,0,0,0,0.18868175,-389800.3,3.6654712e+06,0,0,0,0.0,0,0.0,-1,1,0,1,train
1,CASH_IN,24470.43,C1977618945,1227856.25,1252326.68,C1360767589,1381702.9,2107965.39,0,0,1,1,1,10.105262,1,0,0,0,0,0.019929377,-48940.86,701792.06,0,0,0,0.0,0,0.0,-1,1,0,1,train
1,CASH_IN,217668.38,C662925691,1252326.68,1469995.06,C476800120,347373.26,49864.36,0,0,1,1,1,12.290732,1,0,0,0,0,0.17381105,-435336.75,-515177.28,0,0,0,0.0,0,0.0,-1,1,0,1,train
1,CASH_IN,9067.51,C1995952705,1469995.06,1479062.57,C1182461167,306723.02,23508.22,0,0,1,1,1,9.112563,1,0,0,0,0,0.0061683906,-18135.02,-292282.3,0,0,0,0.0,0,0.0,-1,1,0,1,train
1,CASH_IN,336827.91,C1244880808,1479062.57,1815890.48,C476402209,401493.73,51513.44,0,0,1,1,1,12.72733,1,0,0,0,0,0.22773051,-673655.8,-686808.2,0,0,0,0.0,0,0.0,-1,1,0,1,train
1,CASH_IN,45317.95,C1060519157,1815890.48,1861208.43,C2096057945,99578.86,0.0,0,0,1,1,1,10.72148,1,0,0,0,0,0.02495631,-90635.9,-144896.81,0,0,0,0.0,0,0.0,-1,1,0,1,train
1,CASH_IN,230021.01,C58890945,1861208.43,2091229.45,C1170794006,4777230.82,22190.99,0,0,1,1,1,12.34593,1,0,0,0,0,0.12358685,-460042.03,-4.985061e+06,0,0,0,0.0,0,0.0,-1,1,0,1,train
1,CASH_IN,154578.28,C1269773610,2091229.45,2245807.73,C564160838,1033003.86,1254956.07,0,0,1,1,1,11.9484625,1,0,0,0,0,0.07391738,-309156.56,67373.93,0,0,0,0.0,0,0.0,-1,1,0,1,train
1,CASH_IN,314134.01,C464649704,2245807.73,2559941.74,C1509514333,570802.41,2415.16,0,0,1,1,1,12.657578,1,0,0,0,0,0.13987568,-628268.0,-882521.25,0,0,0,0.0,0,0.0,-1,1,0,1,train
1,CASH_IN,206405.92,C367967231,2559941.74,2766347.65,C453211571,1221423.7,3461666.05,0,0,1,1,1,12.237605,1,0,0,0,0,0.08062912,-412811.84,2.0338364e+06,0,0,0,0.0,0,0.0,-1,1,0,1,train
1,CASH_IN,158995.29,C36531985,2766347.65,2925342.94,C1816757085,8674805.32,10681238.79,0,0,1,1,1,11.976636,1,0,0,0,0,0.057474785,-317990.6,1.8474381e+06,0,0,0,0.0,0,0.0,-1,1,0,1,train
1,CASH_IN,188238.54,C815336475,2925342.94,3113581.47,C766572210,702449.21,0.0,0,0,1,1,1,12.145471,1,0,0,0,0,0.06434749,-376477.06,-890687.75,0,0,0,0.0,0,0.0,-1,1,0,1,train
1,CASH_IN,21255.8,C609483101,3113581.47,3134837.27,C1381128261,52109.0,0.0,0,0,1,1,1,9.964432,1,0,0,0,0,0.0068267984,-42511.6,-73364.8,0,0,0,0.0,0,0.0,-1,1,0,1,train
1,CASH_IN,205955.77,C1149407083,3134837.27,3340793.04,C1688019098,465695.91,97263.78,0,0,1,1,1,12.235421,1,0,0,0,0,0.06569901,-411911.53,-574387.9,0,0,0,0.0,0,0.0,-1,1,0,1,train
1,CASH_IN,178370.36,C767436045,3340793.04,3519163.4,C1590550415,16656258.88,19169204.93,0,0,1,1,1,12.091623,1,0,0,0,0,0.053391606,-356740.72,2.3345758e+06,0,0,0,0.0,0,0.0,-1,1,0,1,train
1,CASH_IN,42547.96,C1430199669,3519163.4,3561711.36,C673068808,59693.0,9672.67,0,0,1,1,1,10.658411,1,0,0,0,0,0.012090359,-85095.92,-92568.29,0,0,0,0.0,0,0.0,-1,1,0,1,train
1,CASH_IN,15152.15,C1847431070,3561711.36,3576863.51,C1262822392,8439095.6,12494367.15,0,0,1,1,1,9.625964,1,0,0,0,0,0.004254176,-30304.3,4.0401195e+06,0,0,0,0.0,0,0.0,-1,1,0,1,train
1,CASH_IN,39249.67,C1043639521,3576863.51,3616113.18,C1225616405,64966.23,0.0,0,0,1,1,1,10.5777235,1,0,0,0,0,0.010973206,-78499.34,-104215.9,0,0,0,0.0,0,0.0,-1,1,0,1,train
1,CASH_IN,101669.17,C1660837991,3616113.18,3717782.35,C1234776885,533625.81,2025098.66,0,0,1,1,1,11.5294895,1,0,0,0,0,0.028115585,-203338.34,1.3898036e+06,0,0,0,0.0,0,0.0,-1,1,0,1,train
1,CASH_IN,81694.11,C1325866488,3717782.35,3799476.47,C2083562754,686540.82,1186556.81,0,0,1,1,1,11.310749,1,0,0,0,0,0.021973876,-163388.23,418321.88,0,0,0,0.0,0,0.0,-1,1,0,1,train
1,CASH_IN,10266.7,C1306794745,3799476.47,3809743.17,C1256728724,104323.0,69756.86,0,0,1,1,1,9.236758,1,0,0,0,0,0.0027021347,-20533.4,-44832.84,0,0,0,0.0,0,0.0,-1,1,0,1,train
1,CASH_IN,35502.25,C1454171136,3809743.17,3845245.42,C1832580921,41159.0,0.0,0,0,1,1,1,10.47738,1,0,0,0,0,0.009318802,-71004.5,-76661.25,0,0,0,0.0,0,0.0,-1,1,0,1,train
1,CASH_IN,183250.0,C1195396074,3845245.42,4028495.42,C736709391,231999.55,46820.71,0,0,1,1,1,12.118612,1,0,0,0,0,0.04765624,-366500.0,-368428.84,0,0,0,0.0,0,0.0,-1,1,0,1,train
1,CASH_IN,219220.21,C811562535,4028495.42,4247715.63,C451111351,1974114.63,3940085.21,0,0,1,1,1,12.297836,1,0,0,0,0,0.05441738,-438440.4,1.7467504e+06,0,0,0,0.0,0,0.0,-1,1,0,1,train
1,CASH_IN,254895.5,C1560379655,4247715.63,4502611.13,C1509514333,256668.41,2415.16,0,0,1,1,1,12.448613,1,0,0,0,0,0.06000765,-509791.0,-509148.75,0,0,0,0.0,0,0.0,-1,1,0,1,train
1,CASH_IN,143148.97,C1824322115,4502611.13,4645760.1,C1170794006,4547209.8,22190.99,0,0,1,1,1,11.871648,1,0,0,0,0,0.03179243,-286297.94,-4.668168e+06,0,0,0,0.0,0,0.0,-1,1,0,1,train
1,CASH_IN,132457.52,C702999333,4645760.1,4778217.62,C1262822392,8423943.45,12494367.15,0,0,1,1,1,11.794024,1,0,0,0,0,0.02851148,-264915.03,3.9379662e+06,0,0,0,0.0,0,0.0,-1,1,0,1,train
1,CASH_IN,148834.28,C1648582256,4778217.62,4927051.9,C766572210,514210.68,0.0,0,0,1,1,1,11.910596,1,0,0,0,0,0.031148488,-297668.56,-663044.94,0,0,0,0.0,0,0.0,-1,1,0,1,train
1,CASH_IN,106727.81,C865858182,4927051.9,5033779.71,C665576141,2730834.27,5515763.34,0,0,1,1,1,11.578047,1,0,0,0,0,0.021661593,-213455.62,2.6782012e+06,0,0,0,0.0,0,0.0,-1,1,0,1,train
1,CASH_IN,223123.71,C951988316,5033779.71,5256903.42,C1359044626,394281.87,16518.36,0,0,1,1,1,12.315486,1,0,0,0,0,0.044325273,-446247.4,-600887.25,0,0,0,0.0,0,0.0,-1,1,0,1,train
1,CASH_IN,194311.34,C647973805,5256903.42,5451214.77,C33524623,1127423.71,1517262.16,0,0,1,1,1,12.177222,1,0,0,0,0,0.03696307,-388622.7,195527.11,0,0,0,0.0,0,0.0,-1,1,0,1,train
1,CASH_IN,338964.91,C1591161296,5451214.77,5790179.68,C766572210,365376.39,0.0,0,0,1,1,1,12.733655,1,0,0,0,0,0.062181525,-677929.8,-704341.3,0,0,0,0.0,0,0.0,-1,1,0,1,train
1,CASH_IN,247575.4,C842331982,5790179.68,6037755.07,C1262822392,8291485.93,12494367.15,0,0,1,1,1,12.419475,1,0,0,0,0,0.0427578,-495150.78,3.9553058e+06,0,0,0,0.0,0,0.0,-1,1,0,1,train
1,CASH_IN,29467.02,C2076249476,6037755.07,6067222.09,C1749186397,322442.98,277515.05,0,0,1,1,1,10.29106,1,0,0,0,0,0.004880459,-58934.04,-74394.95,0,0,0,0.0,0,0.0,-1,1,0,1,train
1,CASH_IN,90340.16,C660595570,6067222.09,6157562.25,C1590550415,16477888.52,19169204.93,0,0,1,1,1,11.411348,1,0,0,0,0,0.01488987,-180680.31,2.6009762e+06,0,0,0,0.0,0,0.0,-1,1,0,1,train
1,CASH_IN,198847.32,C1088491512,6157562.25,6356409.58,C1023714065,964679.26,1412484.09,0,0,1,1,1,12.200297,1,0,0,0,0,0.032293182,-397694.66,248957.52,0,0,0,0.0,0,0.0,-1,1,0,1,train
1,CASH_IN,155075.41,C1434066477,6356409.58,6511484.99,C1971489295,1035098.36,0.0,0,0,1,1,1,11.9516735,1,0,0,0,0,0.024396695,-310150.8,-1.1901738e+06,0,0,0,0.0,0,0.0,-1,1,0,1,train
1,CASH_IN,76932.89,C648315947,6511484.99,6588417.88,C1023714065,765831.94,1412484.09,0,0,1,1,1,11.250702,1,0,0,0,0,0.011814951,-153865.78,569719.25,0,0,0,0.0,0,0.0,-1,1,0,1,train
1,CASH_IN,92971.79,C2117642238,6588417.88,6681389.66,C796533847,111367.94,0.0,0,0,1,1,1,11.4400625,1,0,0,0,0,0.014111396,-185943.56,-204339.73,0,0,0,0.0,0,0.0,-1,1,0,1,train
1,CASH_IN,7322.98,C913242382,6681389.66,6688712.64,C146305349,64966.0,57643.02,0,0,1,1,1,8.89891,1,0,0,0,0,0.0010960263,-14645.96,-14645.96,0,0,0,0.0,0,0.0,-1,1,0,1,train
1,CASH_IN,222126.95,C870322840,6688712.64,6910839.59,C1286084959,1397610.6,2107778.11,0,0,1,1,1,12.311008,1,0,0,0,0,0.03320922,-444253.9,488040.56,0,0,0,0.0,0,0.0,-1,1,0,1,train
1,CASH_IN,62983.91,C837246227,6910839.59,6973823.5,C1740000325,454778.18,1363368.51,0,0,1,1,1,11.050651,1,0,0,0,0,0.009113784,-125967.82,845606.44,0,0,0,0.0,0,0.0,-1,1,0,1,train
1,CASH_IN,1271.77,C173738886,6973823.5,6975095.27,C932583850,697456.73,2719172.89,0,0,1,1,1,7.148951,1,0,0,0,0,0.00018236335,-2543.54,2.0204444e+06,0,0,0,0.0,0,0.0,-1,1,0,1,train
1,CASH_IN,246816.65,C1262237002,6975095.27,7221911.92,C33524623,933112.37,1517262.16,0,0,1,1,1,12.416405,1,0,0,0,0,0.03538541,-493633.3,337333.12,0,0,0,0.0,0,0.0,-1,1,0,1,train
1,CASH_IN,21898.97,C2029754983,7221911.92,7243810.89,C747464370,1114670.7,1567434.81,0,0,1,1,1,9.994241,1,0,0,0,0,0.003032295,-43797.94,430865.12,0,0,0,0.0,0,0.0,-1,1,0,1,train
1,CASH_IN,30811.56,C1946111918,7243810.89,7274622.45,C22805895,152178.0,651524.92,0,0,1,1,1,10.335678,1,0,0,0,0,0.004253501,-61623.12,468535.38,0,0,0,0.0,0,0.0,-1,1,0,1,train
1,CASH_IN,100275.09,C564817260,7274622.45,7374897.54,C564160838,878425.58,1254956.07,0,0,1,1,1,11.515682,1,0,0,0,0,0.013784231,-200550.19,276255.4,0,0,0,0.0,0,0.0,-1,1,0,1,train
1,CASH_IN,46630.53,C194415222,7374897.54,7421528.07,C2083562754,604846.71,1186556.81,0,0,1,1,1,10.750032,1,0,0,0,0,0.0063228705,-93261.06,535079.56,0,0,0,0.0,0,0.0,-1,1,0,1,train
1,CASH_IN,158775.58,C798622145,7421528.07,7580303.64,C1023714065,688899.05,1412484.09,0,0,1,1,1,11.975253,1,0,0,0,0,0.021393918,-317551.16,564809.44,0,0,0,0.0,0,0.0,-1,1,0,1,train
1,CASH_IN,90556.08,C638695843,7580303.64,7670859.72,C288665596,186372.86,8496.61,0,0,1,1,1,11.413735,1,0,0,0,0,0.011946232,-181112.16,-268432.34,0,0,0,0.0,0,0.0,-1,1,0,1,train
1,CASH_IN,173948.89,C1411543296,7670859.72,7844808.61,C1740000325,391794.27,1363368.51,0,0,1,1,1,12.066523,1,0,0,0,0,0.02267658,-347897.78,797625.4,0,0,0,0.0,0,0.0,-1,1,0,1,train
1,CASH_IN,66216.71,C1800967368,7844808.61,7911025.32,C97730845,117785.88,9940339.29,0,0,1,1,1,11.100703,1,0,0,0,0,0.008440831,-132433.42,9.756337e+06,0,0,0,0.0,0,0.0,-1,1,0,1,train
1,CASH_IN,216133.99,C338887787,7911025.32,8127159.31,C747464370,1092771.73,1567434.81,0,0,1,1,1,12.283658,1,0,0,0,0,0.027320601,-432267.97,258529.1,0,0,0,0.0,0,0.0,-1,1,0,1,train
1,CASH_IN,371883.82,C1061448687,8127159.31,8499043.13,C1971489295,880022.94,0.0,0,0,1,1,1,12.82634,1,0,0,0,0,0.04575815,-743767.6,-1.2519068e+06,0,0,0,0.0,0,0.0,-1,1,0,1,train
1,CASH_IN,770537.37,C2015999862,8499043.13,8499043.13,C1883840933,8499043.13,16874643.09,0,0,1,1,1,13.554845,1,0,0,0,0,0.09066165,-770537.4,7.6050625e+06,0,0,0,0.0,0,0.0,-1,1,0,1,train
1,CASH_IN,71275.47,C1467515503,8499043.13,8570318.6,C20671747,136084.66,43691.09,0,0,1,1,1,11.174321,1,0,0,0,0,0.0083862925,-142550.94,-163669.05,0,0,0,0.0,0,0.0,-1,1,0,1,train
1,CASH_IN,336298.77,C1533330615,8570318.6,8906617.38,C1789550256,1049811.54,4619798.56,0,0,1,1,1,12.725759,1,0,0,0,0,0.03923993,-672597.56,3.2336882e+06,0,0,0,0.0,0,0.0,-1,1,0,1,train
1,CASH_IN,317393.38,C1197721383,8906617.38,9224010.75,C1286084959,1175483.65,2107778.11,0,0,1,1,1,12.6679,1,0,0,0,0,0.035635676,-634786.75,614901.06,0,0,0,0.0,0,0.0,-1,1,0,1,train
1,CASH_IN,181002.01,C1917082298,9224010.75,9405012.76,C1749186397,292975.96,277515.05,0,0,1,1,1,12.106269,1,0,0,0,0,0.019622916,-362004.03,-196462.92,0,0,0,0.0,0,0.0,-1,1,0,1,train
1,CASH_IN,311449.38,C1639765351,9405012.76,9716462.14,C1789550256,713512.77,4619798.56,0,0,1,1,1,12.648995,1,0,0,0,0,0.03311525,-622898.75,3.5948365e+06,0,0,0,0.0,0,0.0,-1,1,0,1,train
1,CASH_IN,270824.42,C478209179,9716462.14,9987286.56,C1816757085,8515810.04,10681238.79,0,0,1,1,1,12.50923,1,0,0,0,0,0.027872737,-541648.8,1.8946044e+06,0,0,0,0.0,0,0.0,-1,1,0,1,train
1,PAYMENT,1449.03,C1166230227,80983.0,79533.97,M365056339,0.0,0.0,0,0,1,1,1,7.2793393,0,0,0,1,0,0.017892793,0.0,,0,0,0,0.0,0,0.0,-1,1,0,1,train
1,PAYMENT,3551.48,C307411297,1015017.79,1011466.31,M166536076,0.0,0.0,0,0,1,1,1,8.175402,0,0,0,1,0,0.0034989303,0.0,,0,0,0,0.0,0,0.0,-1,1,0,1,train
1,CASH_OUT,227768.63,C1445424568,1011466.31,783697.68,C1023714065,530123.48,1412484.09,0,0,1,1,1,12.33609,0,1,0,0,0,0.22518635,0.0,654592.0,0,0,0,0.0,0,0.0,-1,1,0,1,train
1,CASH_OUT,172986.7,C1374217958,783697.68,610710.98,C33524623,686295.71,1517262.16,0,0,1,1,1,12.060976,0,1,0,0,0,0.22073114,0.0,657979.75,0,0,0,0.0,0,0.0,-1,1,0,1,train
1,PAYMENT,4940.2,C1459016715,48005.0,43064.8,M912747546,0.0,0.0,0,0,1,1,1,8.505363,0,0,0,1,0,0.10290797,0.0,,0,0,0,0.0,0,0.0,-1,1,0,1,train
1,PAYMENT,2755.96,C1530957251,20987.0,18231.04,M1292472219,0.0,0.0,0,0,1,1,1,7.921884,0,0,0,1,0,0.13131122,0.0,,0,0,0,0.0,0,0.0,-1,1,0,1,train
1,DEBIT,8807.01,C767511741,139428.0,130620.99,C20671747,64809.18,43691.09,0,0,1,1,1,9.083417,0,0,1,0,0,0.06316484,0.0,-29925.1,0,0,0,0.0,0,0.0,-1,1,0,1,train
1,DEBIT,3111.86,C548795052,64665.82,61553.96,C240650537,10070.22,0.0,0,0,1,1,1,8.043297,0,0,1,0,0,0.048121434,0.0,-13182.08,0,0,0,0.0,0,0.0,-1,1,0,1,train
1,PAYMENT,10040.52,C2143571436,61553.96,51513.44,M2117099736,0.0,0.0,0,0,1,1,1,9.214484,0,0,0,1,0,0.16311471,0.0,,0,0,0,0.0,0,0.0,-1,1,0,1,train
1,DEBIT,5363.0,C691863815,21260.0,15897.0,C1321640594,24765.26,18910.85,0,0,1,1,1,8.587465,0,0,1,0,0,0.2522459,0.0,-11217.41,0,0,0,0.0,0,0.0,-1,1,0,1,train
1,PAYMENT,11990.19,C647149086,885.0,0.0,M2070160397,0.0,0.0,0,0,1,1,1,9.391928,0,0,0,1,0,13.532946,-11105.19,,1,0,0,0.0,0,0.0,-1,1,0,1,train
1,PAYMENT,266.88,C103787801,4182.0,3915.12,M1205580258,0.0,0.0,0,0,1,1,1,5.590539,0,0,0,1,0,0.0638011,0.0,,0,0,0,0.0,0,0.0,-1,1,0,1,train
1,PAYMENT,1928.55,C1959451969,5096.0,3167.45,M777313177,0.0,0.0,0,0,1,1,1,7.565042,0,0,0,1,0,0.37836963,0.0,,0,0,0,0.0,0,0.0,-1,1,0,1,train
1,PAYMENT,10648.06,C1441328175,37419.0,26770.94,M1327895505,0.0,0.0,0,0,1,1,1,9.273227,0,0,0,1,0,0.28455532,3.637979e-12,,0,0,0,0.0,0,0.0,-1,1,0,1,train
1,PAYMENT,962.43,C1831141281,26770.94,25808.5,M1705277839,0.0,0.0,0,0,1,1,1,6.8704996,0,0,0,1,0,0.035949208,0.01,,0,0,0,0.0,0,0.0,-1,1,0,1,train
1,PAYMENT,8348.1,C2000648320,16583.0,8234.9,M142099757,0.0,0.0,0,0,1,1,1,9.029909,0,0,0,1,0,0.5033828,0.0,,0,0,0,0.0,0,0.0,-1,1,0,1,train
1,PAYMENT,6969.67,C1114335860,61091.0,54121.33,M80026551,0.0,0.0,0,0,1,1,1,8.849466,0,0,0,1,0,0.114084825,0.0,,0,0,0,0.0,0,0.0,-1,1,0,1,train
1,TRANSFER,20128.0,C137533655,20128.0,0.0,C1848415041,0.0,0.0,1,0,1,1,1,9.909917,0,0,0,0,1,0.99995035,0.0,-20128.0,1,1,0,0.0,0,0.0,-1,1,0,1,train
1,CASH_OUT,20128.0,C1118430673,20128.0,0.0,C339924917,6268.0,12145.85,1,0,1,1,1,9.909917,0,1,0,0,0,0.99995035,0.0,-14250.15,1,0,0,0.0,0,0.0,-1,1,0,1,train
1,PAYMENT,154.87,C1527254842,9339.0,9184.13,M2000469839,0.0,0.0,0,0,1,1,1,5.049022,0,0,0,1,0,0.01658137,0.0,,0,0,0,0.0,0,0.0,-1,1,0,1,train
1,DEBIT,4040.84,C1800693087,1938.0,0.0,C1825027294,51339.0,36757.68,0,0,1,1,1,8.304456,0,0,1,0,0,2.0839815,-2102.84,-18622.16,1,0,0,0.0,0,0.0,-1,1,0,1,train
1,PAYMENT,6490.17,C1717473929,548504.0,542013.83,M2100572327,0.0,0.0,0,0,1,1,1,8.778198,0,0,0,1,0,0.011832472,0.0,,0,0,0,0.0,0,0.0,-1,1,0,1,train
1,PAYMENT,1101.09,C1868578441,30858.0,29756.91,M659996839,0.0,0.0,0,0,1,1,1,7.004964,0,0,0,1,0,0.035681326,0.0,,0,0,0,0.0,0,0.0,-1,1,0,1,train
1,DEBIT,4347.78,C890160158,20766.0,16418.22,C1531333864,407959.76,55974.56,0,0,1,1,1,8.37765,0,0,1,0,0,0.20936005,0.0,-356332.97,0,0,0,0.0,0,0.0,-1,1,0,1,train
1,CASH_OUT,213922.13,C1768127248,16418.22,0.0,C1234776885,431956.63,2025098.66,0,0,1,1,1,12.273372,0,1,0,0,0,13.028763,-197503.9,1.3792199e+06,1,0,0,0.0,0,0.0,-1,1,0,1,train
1,CASH_OUT,83859.59,C119112899,0.0,0.0,C1590550415,16387548.36,19169204.93,0,0,1,1,1,11.336911,0,1,0,0,0,83859.59,-83859.59,2.697797e+06,0,0,0,0.0,0,0.0,-1,1,0,1,train
1,CASH_OUT,33269.25,C375074687,0.0,0.0,C1629911510,111389.13,15375.37,0,0,1,1,1,10.412419,0,1,0,0,0,33269.25,-33269.25,-129283.01,0,0,0,0.0,0,0.0,-1,1,0,1,train
1,CASH_OUT,51749.94,C1429616542,0.0,0.0,C297927961,62470.0,132842.64,0,0,1,1,1,10.8541975,0,1,0,0,0,51749.94,-51749.94,18622.7,0,0,0,0.0,0,0.0,-1,1,0,1,train
1,CASH_OUT,86410.3,C662666707,0.0,0.0,C1023714065,757892.11,1412484.09,0,0,1,1,1,11.366874,0,1,0,0,0,86410.3,-86410.3,568181.7,0,0,0,0.0,0,0.0,-1,1,0,1,train
1,CASH_OUT,10856.63,C1821100643,0.0,0.0,C1740000325,217845.38,1363368.51,0,0,1,1,1,9.2926235,0,1,0,0,0,10856.63,-10856.63,1.1346665e+06,0,0,0,0.0,0,0.0,-1,1,0,1,train
1,CASH_OUT,161613.93,C593768538,0.0,0.0,C1789550256,402063.39,4619798.56,0,0,1,1,1,11.992971,0,1,0,0,0,161613.94,-161613.94,4.0561212e+06,0,0,0,0.0,0,0.0,-1,1,0,1,train
1,CASH_OUT,244361.81,C1191864687,0.0,0.0,C33524623,859282.41,1517262.16,0,0,1,1,1,12.406409,0,1,0,0,0,244361.81,-244361.81,413617.94,0,0,0,0.0,0,0.0,-1,1,0,1,train
1,CASH_OUT,596617.87,C466032056,0.0,0.0,C1234776885,645878.76,2025098.66,0,0,1,1,1,13.299034,0,1,0,0,0,596617.9,-596617.9,782602.0,0,0,0,0.0,0,0.0,-1,1,0,1,train
1,CASH_OUT,108600.78,C690822257,0.0,0.0,C1810132623,146488.24,97128.19,0,0,1,1,1,11.595443,0,1,0,0,0,108600.78,-108600.78,-157960.83,0,0,0,0.0,0,0.0,-1,1,0,1,train
1,CASH_OUT,377520.94,C726212590,0.0,0.0,C1789550256,563677.32,4619798.56,0,0,1,1,1,12.841384,0,1,0,0,0,377520.94,-377520.94,3.6786002e+06,0,0,0,0.0,0,0.0,-1,1,0,1,train
1,CASH_OUT,60758.42,C1058822905,0.0,0.0,C1318822808,155911.68,500631.71,0,0,1,1,1,11.014677,0,1,0,0,0,60758.42,-60758.42,283961.62,0,0,0,0.0,0,0.0,-1,1,0,1,train
1,CASH_OUT,86204.31,C475394679,0.0,0.0,C1789550256,941198.26,4619798.56,0,0,1,1,1,11.364487,0,1,0,0,0,86204.31,-86204.31,3.592396e+06,0,0,0,0.0,0,0.0,-1,1,0,1,train
1,CASH_OUT,1234.0,C1574615832,0.0,0.0,C1983025922,29906.0,7550.03,0,0,1,1,1,7.1188264,0,1,0,0,0,1234.0,-1234.0,-23589.97,0,0,0,0.0,0,0.0,-1,1,0,1,train
1,CASH_OUT,18288.91,C1049590050,0.0,0.0,C1286084959,858090.28,2107778.11,0,0,1,1,1,9.814105,0,1,0,0,0,18288.91,-18288.91,1.2313989e+06,0,0,0,0.0,0,0.0,-1,1,0,1,train
1,CASH_OUT,248979.22,C1662592920,0.0,0.0,C33524623,1103644.22,1517262.16,0,0,1,1,1,12.425129,0,1,0,0,0,248979.22,-248979.22,164638.72,0,0,0,0.0,0,0.0,-1,1,0,1,train
1,CASH_OUT,126774.5,C1357686726,0.0,0.0,C1234776885,1242496.63,2025098.66,0,0,1,1,1,11.750173,0,1,0,0,0,126774.5,-126774.5,655827.5,0,0,0,0.0,0,0.0,-1,1,0,1,train
1,CASH_OUT,38428.19,C1491522744,0.0,0.0,C1568059495,43524.89,122750.49,0,0,1,1,1,10.556573,0,1,0,0,0,38428.19,-38428.19,40797.41,0,0,0,0.0,0,0.0,-1,1,0,1,train
1,CASH_OUT,109732.52,C501608687,0.0,0.0,C1816757085,8244985.62,10681238.79,0,0,1,1,1,11.60581,0,1,0,0,0,109732.52,-109732.52,2.3265208e+06,0,0,0,0.0,0,0.0,-1,1,0,1,train
1,CASH_OUT,17851.54,C929706284,0.0,0.0,C824208363,32353.0,0.0,0,0,1,1,1,9.789901,0,1,0,0,0,17851.54,-17851.54,-50204.54,0,0,0,0.0,0,0.0,-1,1,0,1,train
1,CASH_OUT,5223.97,C42820240,0.0,0.0,C1122805102,10429.69,23568.91,0,0,1,1,1,8.561204,0,1,0,0,0,5223.97,-5223.97,7915.25,0,0,0,0.0,0,0.0,-1,1,0,1,train
1,CASH_OUT,63807.17,C1822434669,0.0,0.0,C2083562754,558216.18,1186556.81,0,0,1,1,1,11.063637,0,1,0,0,0,63807.17,-63807.17,564533.44,0,0,0,0.0,0,0.0,-1,1,0,1,train
1,CASH_OUT,406297.68,C1592840862,0.0,0.0,C985934102,882606.73,971418.91,0,0,1,1,1,12.914844,0,1,0,0,0,406297.7,-406297.7,-317485.5,0,0,0,0.0,0,0.0,-1,1,0,1,train
1,PAYMENT,4779.93,C955611965,121.0,0.0,M1367672657,0.0,0.0,0,0,1,1,1,8.47239,0,0,0,1,0,39.179752,-4658.93,,1,0,0,0.0,0,0.0,-1,1,0,1,train
1,TRANSFER,16631.14,C1021565761,0.0,0.0,C998351292,89102.55,1015132.48,0,0,1,1,1,9.719092,0,0,0,0,1,16631.14,-16631.14,909398.8,0,0,0,0.0,0,0.0,-1,1,0,1,train
1,PAYMENT,2771.16,C1692375649,60721.0,57949.84,M2002790740,0.0,0.0,0,0,1,1,1,7.927382,0,0,0,1,0,0.045636836,0.0,,0,0,0,0.0,0,0.0,-1,1,0,1,train
1,PAYMENT,3154.06,C237373286,24239.0,21084.94,M742255664,0.0,0.0,0,0,1,1,1,8.056763,0,0,0,1,0,0.13011798,0.0,,0,0,0,0.0,0,0.0,-1,1,0,1,train
1,PAYMENT,7813.63,C883521348,21084.94,13271.31,M1115013644,0.0,0.0,0,0,1,1,1,8.963753,0,0,0,1,0,0.37056115,-1.8189894e-12,,0,0,0,0.0,0,0.0,-1,1,0,1,train
1,PAYMENT,360.13,C2086068243,38939.0,38578.87,M1070194629,0.0,0.0,0,0,1,1,1,5.889238,0,0,0,1,0,0.009248331,0.0,,0,0,0,0.0,0,0.0,-1,1,0,1,train
1,CASH_OUT,431381.17,C1076202543,40481.0,0.0,C306206744,55566.0,3554299.27,0,0,1,1,1,12.97475,0,1,0,0,0,10.656123,-390900.16,3.067352e+06,1,0,0,0.0,0,0.0,-1,1,0,1,train
1,TRANSFER,43670.84,C749486981,0.0,0.0,C885951223,79331.08,215851.28,0,0,1,1,1,10.684459,0,0,0,0,1,43670.84,-43670.84,92849.36,0,0,0,0.0,0,0.0,-1,1,0,1,train
1,PAYMENT,7342.63,C1731295355,19443.0,12100.37,M385332399,0.0,0.0,0,0,1,1,1,8.901588,0,0,0,1,0,0.3776296,-1.8189894e-12,,0,0,0,0.0,0,0.0,-1,1,0,1,train
1,PAYMENT,7417.09,C2061440682,843.0,0.0,M883020319,0.0,0.0,0,0,1,1,1,8.911677,0,0,0,1,0,8.788021,-6574.09,,1,0,0,0.0,0,0.0,-1,1,0,1,train
1,PAYMENT,8865.26,C1488946768,84415.83,75550.57,M1942356772,0.0,0.0,0,0,1,1,1,9.090009,0,0,0,1,0,0.105017684,0.0,,0,0,0,0.0,0,0.0,-1,1,0,1,train
1,CASH_OUT,213490.87,C1907241392,75550.57,0.0,C1971489295,508139.13,0.0,0,0,1,1,1,12.271354,0,1,0,0,0,2.8257635,-137940.3,-721630.0,1,0,0,0.0,0,0.0,-1,1,0,1,train
1,PAYMENT,7444.4,C1269118128,31902.57,24458.17,M1863100050,0.0,0.0,0,0,1,1,1,8.915352,0,0,0,1,0,0.23334065,0.0,,0,0,0,0.0,0,0.0,-1,1,0,1,train
1,CASH_OUT,287265.38,C739264372,24458.17,0.0,C306206744,486947.17,3554299.27,0,0,1,1,1,12.568165,0,1,0,0,0,11.744691,-262807.22,2.7800868e+06,1,0,0,0.0,0,0.0,-1,1,0,1,train
1,CASH_OUT,416001.33,C749981943,0.0,0.0,C667346055,102.0,9291619.62,1,0,1,1,1,12.938446,0,1,0,0,0,416001.34,-416001.34,8.875516e+06,0,0,0,0.0,0,0.0,-1,1,0,1,train
1,PAYMENT,6432.26,C1313960293,0.0,0.0,M1155757579,0.0,0.0,0,0,1,1,1,8.769237,0,0,0,1,0,6432.26,-6432.26,,0,0,0,0.0,0,0.0,-1,1,0,1,train
1,PAYMENT,8690.86,C1785111044,29772.0,21081.14,M1482748887,0.0,0.0,0,0,1,1,1,9.070142,0,0,0,1,0,0.29190406,0.0,,0,0,0,0.0,0,0.0,-1,1,0,1,train
1,PAYMENT,3791.28,C494894055,32463.0,28671.72,M1123226989,0.0,0.0,0,0,1,1,1,8.240723,0,0,0,1,0,0.11678413,0.0,,0,0,0,0.0,0,0.0,-1,1,0,1,train
1,PAYMENT,4111.34,C500885941,128052.0,123940.66,M1115381650,0.0,0.0,0,0,1,1,1,8.321748,0,0,0,1,0,0.03210655,0.0,,0,0,0,0.0,0,0.0,-1,1,0,1,train
1,PAYMENT,7163.9,C616412281,114219.94,107056.04,M2118096382,0.0,0.0,0,0,1,1,1,8.876949,0,0,0,1,0,0.06271967,1.4551915e-11,,0,0,0,0.0,0,0.0,-1,1,0,1,train
1,PAYMENT,6557.51,C878861517,107056.04,100498.52,M746394140,0.0,0.0,0,0,1,1,1,8.788519,0,0,0,1,0,0.061252486,0.01,,0,0,0,0.0,0,0.0,-1,1,0,1,train
1,PAYMENT,17348.25,C1705665942,100498.52,83150.27,M1731763384,0.0,0.0,0,0,1,1,1,9.761305,0,0,0,1,0,0.17262022,0.0,,0,0,0,0.0,0,0.0,-1,1,0,1,train
1,PAYMENT,1586.28,C1100619942,83150.27,81564.0,M87242619,0.0,0.0,0,0,1,1,1,7.369777,0,0,0,1,0,0.019077038,-0.01,,0,0,0,0.0,0,0.0,-1,1,0,1,train
1,PAYMENT,6811.97,C864248990,81564.0,74752.02,M285074186,0.0,0.0,0,0,1,1,1,8.826584,0,0,0,1,0,0.083515845,0.01,,0,0,0,0.0,0,0.0,-1,1,0,1,train
1,PAYMENT,36651.07,C15892131,74752.02,38100.95,M484841769,0.0,0.0,0,0,1,1,1,10.509225,0,0,0,1,0,0.4902955,7.275958e-12,,0,0,0,0.0,0,0.0,-1,1,0,1,train
1,PAYMENT,4804.68,C879311295,38100.95,33296.27,M1274247563,0.0,0.0,0,0,1,1,1,8.477553,0,0,0,1,0,0.12610063,0.0,,0,0,0,0.0,0,0.0,-1,1,0,1,train
1,PAYMENT,19375.5,C1483145520,33296.27,13920.76,M1961129028,0.0,0.0,0,0,1,1,1,9.871817,0,0,0,1,0,0.5818946,0.01,,0,0,0,0.0,0,0.0,-1,1,0,1,train
1,PAYMENT,13833.75,C163385254,13920.76,87.01,M1506938939,0.0,0.0,0,0,1,1,1,9.534939,0,0,0,1,0,0.9936782,2.1316282e-13,,0,0,0,0.0,0,0.0,-1,1,0,1,train
1,PAYMENT,21008.52,C970781872,87.01,0.0,M1850597787,0.0,0.0,0,0,1,1,1,9.952731,0,0,0,1,0,238.70605,-20921.51,,1,0,0,0.0,0,0.0,-1,1,0,1,train
1,PAYMENT,22043.92,C258737099,0.0,0.0,M1190566357,0.0,0.0,0,0,1,1,1,10.000837,0,0,0,1,0,22043.92,-22043.92,,0,0,0,0.0,0,0.0,-1,1,0,1,train
1,PAYMENT,32635.14,C407997647,0.0,0.0,M428996455,0.0,0.0,0,0,1,1,1,10.393175,0,0,0,1,0,32635.14,-32635.14,,0,0,0,0.0,0,0.0,-1,1,0,1,train
1,PAYMENT,11438.39,C1988939205,0.0,0.0,M80141040,0.0,0.0,0,0,1,1,1,9.344818,0,0,0,1,0,11438.39,-11438.39,,0,0,0,0.0,0,0.0,-1,1,0,1,train
1,PAYMENT,13527.16,C275056979,0.0,0.0,M106557175,0.0,0.0,0,0,1,1,1,9.512528,0,0,0,1,0,13527.16,-13527.16,,0,0,0,0.0,0,0.0,-1,1,0,1,train
1,PAYMENT,11881.78,C371976476,0.0,0.0,M612937843,0.0,0.0,0,0,1,1,1,9.382846,0,0,0,1,0,11881.78,-11881.78,,0,0,0,0.0,0,0.0,-1,1,0,1,train
1,PAYMENT,9805.46,C480184864,0.0,0.0,M1433956626,0.0,0.0,0,0,1,1,1,9.190797,0,0,0,1,0,9805.46,-9805.46,,0,0,0,0.0,0,0.0,-1,1,0,1,train
1,PAYMENT,9470.85,C483525032,0.0,0.0,M2109219177,0.0,0.0,0,0,1,1,1,9.156079,0,0,0,1,0,9470.85,-9470.85,,0,0,0,0.0,0,0.0,-1,1,0,1,train
1,PAYMENT,20560.86,C429058804,0.0,0.0,M259319861,0.0,0.0,0,0,1,1,1,9.931193,0,0,0,1,0,20560.86,-20560.86,,0,0,0,0.0,0,0.0,-1,1,0,1,train
1,PAYMENT,13679.84,C52913970,0.0,0.0,M1059634518,0.0,0.0,0,0,1,1,1,9.523751,0,0,0,1,0,13679.84,-13679.84,,0,0,0,0.0,0,0.0,-1,1,0,1,train
1,PAYMENT,15448.0,C836969741,0.0,0.0,M436094532,0.0,0.0,0,0,1,1,1,9.6453,0,0,0,1,0,15448.0,-15448.0,,0,0,0,0.0,0,0.0,-1,1,0,1,train
1,PAYMENT,1987.4,C567852222,0.0,0.0,M1541433310,0.0,0.0,0,0,1,1,1,7.5950856,0,0,0,1,0,1987.4,-1987.4,,0,0,0,0.0,0,0.0,-1,1,0,1,train
1,PAYMENT,4145.04,C1938025186,97168.0,93022.96,M405036720,0.0,0.0,0,0,1,1,1,8.329909,0,0,0,1,0,0.04265805,0.0,,0,0,0,0.0,0,0.0,-1,1,0,1,train
1,PAYMENT,3511.45,C2088582214,11310.0,7798.55,M620456576,0.0,0.0,0,0,1,1,1,8.164069,0,0,0,1,0,0.31044558,0.0,,0,0,0,0.0,0,0.0,-1,1,0,1,train
1,PAYMENT,1118.1,C1220759559,9041.0,7922.9,M1923634801,0.0,0.0,0,0,1,1,1,7.02028,0,0,0,1,0,0.12365627,0.0,,0,0,0,0.0,0,0.0,-1,1,0,1,train
1,PAYMENT,15.06,C1730337646,204682.0,204666.94,M418513504,0.0,0.0,0,0,1,1,1,2.7763317,0,0,0,1,0,7.357719e-05,0.0,,0,0,0,0.0,0,0.0,-1,1,0,1,train
1,CASH_IN,352568.35,C1256405521,9945.0,362513.35,C665576141,2624106.46,5515763.34,0,0,1,1,1,12.773003,1,0,0,0,0,35.448257,-705136.7,2.5390885e+06,0,0,0,0.0,0,0.0,-1,1,0,1,train
1,PAYMENT,3043.27,C2051598050,36369.0,33325.73,M188791662,0.0,0.0,0,0,1,1,1,8.021016,0,0,0,1,0,0.08367528,0.0,,0,0,0,0.0,0,0.0,-1,1,0,1,train
1,PAYMENT,9758.09,C61426020,21217.0,11458.91,M1347016882,0.0,0.0,0,0,1,1,1,9.185954,0,0,0,1,0,0.45989677,0.0,,0,0,0,0.0,0,0.0,-1,1,0,1,train
1,PAYMENT,5924.89,C1829460911,1518.0,0.0,M1662912171,0.0,0.0,0,0,1,1,1,8.687086,0,0,0,1,0,3.90052,-4406.89,,1,0,0,0.0,0,0.0,-1,1,0,1,train
1,PAYMENT,9550.43,C708153797,4021.0,0.0,M883380345,0.0,0.0,0,0,1,1,1,9.164446,0,0,0,1,0,2.3745475,-5529.43,,1,0,0,0.0,0,0.0,-1,1,0,1,train
1,PAYMENT,4355.66,C54960993,120.0,0.0,M276748028,0.0,0.0,0,0,1,1,1,8.379461,0,0,0,1,0,35.99719,-4235.66,,1,0,0,0.0,0,0.0,-1,1,0,1,train
1,DEBIT,6973.12,C373544591,50015.0,43041.88,C1568059495,81953.08,122750.49,0,0,1,1,1,8.849961,0,0,1,0,0,0.13941778,0.0,33824.29,0,0,0,0.0,0,0.0,-1,1,0,1,train
1,PAYMENT,2358.63,C409565350,70824.0,68465.37,M771923297,0.0,0.0,0,0,1,1,1,7.76626,0,0,0,1,0,0.033302225,0.0,,0,0,0,0.0,0,0.0,-1,1,0,1,train
1,DEBIT,374.36,C1210939243,15237.0,14862.64,C1335050193,62904.98,353532.56,0,0,1,1,1,5.9278855,0,0,1,0,0,0.024567528,0.0,290253.22,0,0,0,0.0,0,0.0,-1,1,0,1,train
1,PAYMENT,8946.63,C1079125839,95066.0,86119.37,M321772459,0.0,0.0,0,0,1,1,1,9.099144,0,0,0,1,0,0.09410868,0.0,,0,0,0,0.0,0,0.0,-1,1,0,1,train
1,PAYMENT,20573.4,C696165690,24641.0,4067.6,M181078353,0.0,0.0,0,0,1,1,1,9.931803,0,0,0,1,0,0.8348917,-1.364242e-12,,0,0,0,0.0,0,0.0,-1,1,0,1,train
1,PAYMENT,8358.12,C1542598424,293.0,0.0,M645875534,0.0,0.0,0,0,1,1,1,9.031109,0,0,0,1,0,28.42898,-8065.12,,1,0,0,0.0,0,0.0,-1,1,0,1,train
1,PAYMENT,1006.76,C2054451662,696008.0,695001.24,M673672784,0.0,0.0,0,0,1,1,1,6.9154854,0,0,0,1,0,0.0014464755,0.0,,0,0,0,0.0,0,0.0,-1,1,0,1,train
1,PAYMENT,10498.05,C1659309731,16730.0,6231.95,M1056862342,0.0,0.0,0,0,1,1,1,9.25904,0,0,0,1,0,0.627461,9.094947e-13,,0,0,0,0.0,0,0.0,-1,1,0,1,train
1,TRANSFER,463722.76,C1734184086,349.0,0.0,C832279283,18285.39,185389.8,0,0,1,1,1,13.047045,0,0,0,0,1,1324.9221,-463373.75,-296618.34,1,0,0,0.0,0,0.0,-1,1,0,1,train
1,TRANSFER,138857.19,C1947941827,109473.0,0.0,C1789550256,1027402.57,4619798.56,0,0,1,1,1,11.841208,0,0,0,0,1,1.2684034,-29384.19,3.4535388e+06,1,0,0,0.0,0,0.0,-1,1,0,1,train
1,PAYMENT,5184.9,C785625589,283509.0,278324.1,M1667534569,0.0,0.0,0,0,1,1,1,8.553699,0,0,0,1,0,0.018288244,0.0,,0,0,0,0.0,0,0.0,-1,1,0,1,train
1,PAYMENT,3626.96,C1758893871,23506.0,19879.04,M1170111701,0.0,0.0,0,0,1,1,1,8.196425,0,0,0,1,0,0.15429276,0.0,,0,0,0,0.0,0,0.0,-1,1,0,1,train
1,PAYMENT,282.42,C1985028494,30603.0,30320.58,M830863979,0.0,0.0,0,0,1,1,1,5.6469297,0,0,0,1,0,0.009228205,0.0,,0,0,0,0.0,0,0.0,-1,1,0,1,train
1,DEBIT,8703.54,C1832283291,137782.0,129078.46,C1335050193,63279.34,353532.56,0,0,1,1,1,9.0716,0,0,1,0,0,0.06316846,-1.4551915e-11,281549.7,0,0,0,0.0,0,0.0,-1,1,0,1,train
1,PAYMENT,3673.1,C1532554556,30507.0,26833.9,M620423816,0.0,0.0,0,0,1,1,1,8.209064,0,0,0,1,0,0.120397925,0.0,,0,0,0,0.0,0,0.0,-1,1,0,1,train
1,PAYMENT,9800.58,C976358110,12617.16,2816.58,M1690233783,0.0,0.0,0,0,1,1,1,9.190299,0,0,0,1,0,0.7767044,0.0,,0,0,0,0.0,0,0.0,-1,1,0,1,train
1,CASH_OUT,88987.11,C2014563089,2816.58,0.0,C932583850,696184.96,2719172.89,0,0,1,1,1,11.396258,0,1,0,0,0,31.582815,-86170.53,1.9340009e+06,1,0,0,0.0,0,0.0,-1,1,0,1,train
1,PAYMENT,4227.19,C198098993,36054.0,31826.81,M553672556,0.0,0.0,0,0,1,1,1,8.349529,0,0,0,1,0,0.11724282,0.0,,0,0,0,0.0,0,0.0,-1,1,0,1,train
1,PAYMENT,2881.51,C854653864,90250.0,87368.49,M1415439780,0.0,0.0,0,0,1,1,1,7.966417,0,0,0,1,0,0.031927735,0.0,,0,0,0,0.0,0,0.0,-1,1,0,1,train
1,PAYMENT,4376.46,C703555670,9809.0,5432.54,M179808568,0.0,0.0,0,0,1,1,1,8.384224,0,0,0,1,0,0.44612232,0.0,,0,0,0,0.0,0,0.0,-1,1,0,1,train
1,PAYMENT,11656.12,C1068445309,10181.0,0.0,M73698537,0.0,0.0,0,0,1,1,1,9.363672,0,0,0,1,0,1.144777,-1475.12,,1,0,0,0.0,0,0.0,-1,1,0,1,train
1,TRANSFER,345698.98,C1453062635,40419.0,0.0,C997608398,20489.94,157982.12,0,0,1,1,1,12.753326,0,0,0,0,1,8.552671,-305279.97,-208206.8,1,0,0,0.0,0,0.0,-1,1,0,1,train
1,PAYMENT,3292.21,C1632789609,20484.0,17191.79,M659059448,0.0,0.0,0,0,1,1,1,8.099618,0,0,0,1,0,0.16071321,0.0,,0,0,0,0.0,0,0.0,-1,1,0,1,train
1,PAYMENT,7367.06,C124494140,14528.0,7160.94,M246826139,0.0,0.0,0,0,1,1,1,8.90491,0,0,0,1,0,0.507059,0.0,,0,0,0,0.0,0,0.0,-1,1,0,1,train
1,PAYMENT,2937.34,C2083854344,19703.0,16765.66,M403598020,0.0,0.0,0,0,1,1,1,7.9856,0,0,0,1,0,0.14907329,0.0,,0,0,0,0.0,0,0.0,-1,1,0,1,train
1,DEBIT,1150.14,C1119242936,21634.0,20483.86,C1122805102,15653.66,23568.91,0,0,1,1,1,7.048508,0,0,1,0,0,0.05316108,0.0,6765.11,0,0,0,0.0,0,0.0,-1,1,0,1,train
1,PAYMENT,3563.36,C2123914473,185397.0,181833.64,M708443754,0.0,0.0,0,0,1,1,1,8.17874,0,0,0,1,0,0.019220056,0.0,,0,0,0,0.0,0,0.0,-1,1,0,1,train
1,PAYMENT,2380.46,C1091234211,101428.0,99047.54,M832145584,0.0,0.0,0,0,1,1,1,7.775469,0,0,0,1,0,0.023469225,0.0,,0,0,0,0.0,0,0.0,-1,1,0,1,train
1,PAYMENT,2266.02,C224060798,64757.92,62491.91,M1752535057,0.0,0.0,0,0,1,1,1,7.7262216,0,0,0,1,0,0.034991626,-0.01,,0,0,0,0.0,0,0.0,-1,1,0,1,train
1,TRANSFER,32132.45,C2116299597,62491.91,30359.46,C1466073198,59605.0,0.0,0,0,1,1,1,10.377653,0,0,0,0,1,0.5141775,3.637979e-12,-91737.45,0,0,0,0.0,0,0.0,-1,1,0,1,train
1,TRANSFER,51627.39,C50720817,30359.46,0.0,C1526298704,81243.0,32092.07,0,0,1,1,1,10.851827,0,0,0,0,1,1.7004812,-21267.93,-100778.32,1,0,0,0.0,0,0.0,-1,1,0,1,train
1,TRANSFER,62073.54,C1496220730,0.0,0.0,C1740000325,228702.01,1363368.51,0,0,1,1,1,11.036091,0,0,0,0,1,62073.54,-62073.54,1.072593e+06,0,0,0,0.0,0,0.0,-1,1,0,1,train
1,TRANSFER,13614.91,C488600086,0.0,0.0,C380242442,30195.0,0.0,0,0,1,1,1,9.518994,0,0,0,0,1,13614.91,-13614.91,-43809.91,0,0,0,0.0,0,0.0,-1,1,0,1,train
1,TRANSFER,2290.73,C1111379131,0.0,0.0,C660143728,79471.66,42450.71,0,0,1,1,1,7.7370625,0,0,0,0,1,2290.73,-2290.73,-39311.68,0,0,0,0.0,0,0.0,-1,1,0,1,train
1,TRANSFER,637161.0,C1846982837,0.0,0.0,C1789550256,1166259.76,4619798.56,0,0,1,1,1,13.364779,0,0,0,0,1,637161.0,-637161.0,2.8163778e+06,0,0,0,0.0,0,0.0,-1,1,0,1,train
1,TRANSFER,639378.37,C1135935001,0.0,0.0,C392292416,753824.15,3420103.09,0,0,1,1,1,13.368254,0,0,0,0,1,639378.4,-639378.4,2.0269006e+06,0,0,0,0.0,0,0.0,-1,1,0,1,train
1,TRANSFER,34390.85,C635288507,0.0,0.0,C1291286504,90214.97,66575.5,0,0,1,1,1,10.445575,0,0,0,0,1,34390.85,-34390.85,-58030.32,0,0,0,0.0,0,0.0,-1,1,0,1,train
1,TRANSFER,1867849.02,C355885103,0.0,0.0,C665576141,2271538.11,5515763.34,0,0,1,1,1,14.440299,0,0,0,0,1,1.867849e+06,-1.867849e+06,1.3763762e+06,0,0,0,0.0,0,0.0,-1,1,0,1,train
1,TRANSFER,1193410.46,C1321115948,0.0,0.0,C1590550415,16471407.95,19169204.93,0,0,1,1,1,13.992327,0,0,0,0,1,1.1934105e+06,-1.1934105e+06,1.5043865e+06,0,0,0,0.0,0,0.0,-1,1,0,1,train
1,TRANSFER,348186.2,C706665172,0.0,0.0,C306206744,774212.55,3554299.27,0,0,1,1,1,12.760495,0,0,0,0,1,348186.2,-348186.2,2.4319005e+06,0,0,0,0.0,0,0.0,-1,1,0,1,train
1,TRANSFER,1440296.14,C1649847375,0.0,0.0,C1590550415,17664818.4,19169204.93,0,0,1,1,1,14.18036,0,0,0,0,1,1.4402961e+06,-1.4402961e+06,64090.39,0,0,0,0.0,0,0.0,-1,1,0,1,train
1,TRANSFER,799483.57,C1153933106,0.0,0.0,C306206744,1122398.75,3554299.27,0,0,1,1,1,13.5917225,0,0,0,0,1,799483.56,-799483.56,1.632417e+06,0,0,0,0.0,0,0.0,-1,1,0,1,train
1,TRANSFER,969631.31,C2144067911,0.0,0.0,C248609774,2134967.54,6453430.91,0,0,1,1,1,13.784672,0,0,0,0,1,969631.3,-969631.3,3.348832e+06,0,0,0,0.0,0,0.0,-1,1,0,1,train
1,TRANSFER,483544.3,C593447952,0.0,0.0,C1286084959,876379.19,2107778.11,0,0,1,1,1,13.088901,0,0,0,0,1,483544.3,-483544.3,747854.6,0,0,0,0.0,0,0.0,-1,1,0,1,train
1,TRANSFER,326349.91,C1950136544,0.0,0.0,C564160838,778150.49,1254956.07,0,0,1,1,1,12.695728,0,0,0,0,1,326349.9,-326349.9,150455.67,0,0,0,0.0,0,0.0,-1,1,0,1,train
1,DEBIT,7546.88,C209360730,51368.0,43821.12,C1259769769,11353.0,252055.24,0,0,1,1,1,8.929022,0,0,1,0,0,0.14691506,0.0,233155.36,0,0,0,0.0,0,0.0,-1,1,0,1,train
1,PAYMENT,2469.75,C740007499,43821.12,41351.37,M1971152916,0.0,0.0,0,0,1,1,1,7.812277,0,0,0,1,0,0.056358524,0.0,,0,0,0,0.0,0,0.0,-1,1,0,1,train
1,DEBIT,1741.24,C1687627235,80942.0,79200.76,C997608398,366188.92,157982.12,0,0,1,1,1,7.462927,0,0,1,0,0,0.021511927,0.0,-209948.05,0,0,0,0.0,0,0.0,-1,1,0,1,train
1,PAYMENT,553.25,C1007660652,7522.0,6968.75,M1276544608,0.0,0.0,0,0,1,1,1,6.317616,0,0,0,1,0,0.07354114,0.0,,0,0,0,0.0,0,0.0,-1,1,0,1,train
1,PAYMENT,6606.31,C1387620926,6968.75,362.44,M265348534,0.0,0.0,0,0,1,1,1,8.795932,0,0,0,1,0,0.94785464,-3.9790393e-13,,0,0,0,0.0,0,0.0,-1,1,0,1,train
1,PAYMENT,2075.94,C1324173038,110403.0,108327.06,M917568725,0.0,0.0,0,0,1,1,1,7.638651,0,0,0,1,0,0.018803123,0.0,,0,0,0,0.0,0,0.0,-1,1,0,1,train
1,TRANSFER,84212.94,C1336775847,53199.0,0.0,C13329486,0.0,84212.94,0,0,1,1,1,11.341116,0,0,0,0,1,1.58295,-31013.94,0.0,1,0,0,0.0,0,0.0,-1,1,0,1,train
1,CASH_OUT,312108.51,C1196963249,0.0,0.0,C1262822392,8043910.53,12494367.15,0,0,1,1,1,12.65111,0,1,0,0,0,312108.5,-312108.5,4.138348e+06,0,0,0,0.0,0,0.0,-1,1,0,1,train
1,PAYMENT,1647.93,C1663488386,70889.0,69241.07,M1380044647,0.0,0.0,0,0,1,1,1,7.4078817,0,0,0,1,0,0.023246298,0.0,,0,0,0,0.0,0,0.0,-1,1,0,1,train
1,PAYMENT,3533.32,C1902801188,38211.0,34677.68,M1998137093,0.0,0.0,0,0,1,1,1,8.170277,0,0,0,1,0,0.09246624,0.0,,0,0,0,0.0,0,0.0,-1,1,0,1,train
1,PAYMENT,7659.86,C577127077,544.0,0.0,M2122357625,0.0,0.0,0,0,1,1,1,8.943879,0,0,0,1,0,14.054789,-7115.86,,1,0,0,0.0,0,0.0,-1,1,0,1,train
1,PAYMENT,7203.07,C1556162268,290775.55,283572.48,M1650332494,0.0,0.0,0,0,1,1,1,8.882401,0,0,0,1,0,0.02477184,0.0,,0,0,0,0.0,0,0.0,-1,1,0,1,train
1,CASH_OUT,116206.75,C1924990666,283572.48,167365.73,C1318822808,216670.1,500631.71,0,0,1,1,1,11.663135,0,1,0,0,0,0.40979415,-2.910383e-11,167754.86,0,0,0,0.0,0,0.0,-1,1,0,1,train
1,CASH_OUT,30331.38,C144445623,167365.73,137034.36,C998351292,105733.69,1015132.48,0,0,1,1,1,10.319971,0,1,0,0,0,0.18122706,-0.01,879067.44,0,0,0,0.0,0,0.0,-1,1,0,1,train
1,PAYMENT,2063.77,C1572745406,16064.0,14000.23,M1340644388,0.0,0.0,0,0,1,1,1,7.6327744,0,0,0,1,0,0.12846375,0.0,,0,0,0,0.0,0,0.0,-1,1,0,1,train
1,PAYMENT,3035.35,C1434015813,26657.0,23621.65,M1023996917,0.0,0.0,0,0,1,1,1,8.018412,0,0,0,1,0,0.11386263,0.0,,0,0,0,0.0,0,0.0,-1,1,0,1,train
1,CASH_OUT,123797.1,C295640874,23621.65,0.0,C557041912,153674.01,557537.26,0,0,1,1,1,11.726407,0,1,0,0,0,5.24061,-100175.45,280066.16,1,0,0,0.0,0,0.0,-1,1,0,1,train
1,DEBIT,8233.25,C438151297,7024.0,0.0,C846947180,14673.0,12901.08,0,0,1,1,1,9.016058,0,0,1,0,0,1.1719929,-1209.25,-10005.17,1,0,0,0.0,0,0.0,-1,1,0,1,train
1,PAYMENT,2271.34,C96039159,31346.0,29074.66,M2144644334,0.0,0.0,0,0,1,1,1,7.728565,0,0,0,1,0,0.07245797,0.0,,0,0,0,0.0,0,0.0,-1,1,0,1,train
1,PAYMENT,3801.74,C375097969,73616.2,69814.46,M1635082651,0.0,0.0,0,0,1,1,1,8.243477,0,0,0,1,0,0.051642008,-1.4551915e-11,,0,0,0,0.0,0,0.0,-1,1,0,1,train
1,PAYMENT,1530.83,C788892554,69814.46,68283.63,M1970073944,0.0,0.0,0,0,1,1,1,7.3342185,0,0,0,1,0,0.021926805,0.0,,0,0,0,0.0,0,0.0,-1,1,0,1,train
1,PAYMENT,4833.96,C1060042118,41005.0,36171.04,M1964847681,0.0,0.0,0,0,1,1,1,8.483628,0,0,0,1,0,0.11788421,0.0,,0,0,0,0.0,0,0.0,-1,1,0,1,train
1,PAYMENT,5842.61,C1992801971,40.0,0.0,M1681094402,0.0,0.0,0,0,1,1,1,8.673104,0,0,0,1,0,142.50269,-5802.61,,1,0,0,0.0,0,0.0,-1,1,0,1,train
1,PAYMENT,2871.89,C754527431,653.0,0.0,M820677667,0.0,0.0,0,0,1,1,1,7.9630737,0,0,0,1,0,4.391269,-2218.89,,1,0,0,0.0,0,0.0,-1,1,0,1,train
1,DEBIT,5297.36,C2064883371,82134.0,76836.64,C655381473,31443.78,189534.74,0,0,1,1,1,8.575152,0,0,1,0,0,0.06449577,0.0,152793.6,0,0,0,0.0,0,0.0,-1,1,0,1,train
1,TRANSFER,621561.65,C82275756,123122.0,0.0,C1782113663,0.0,3997768.55,0,0,1,1,1,13.339992,0,0,0,0,1,5.0482984,-498439.66,3.376207e+06,1,0,0,0.0,0,0.0,-1,1,0,1,train
1,PAYMENT,829.07,C1629353699,11199.0,10369.93,M99808631,0.0,0.0,0,0,1,1,1,6.72151,0,0,0,1,0,0.0740241,0.0,,0,0,0,0.0,0,0.0,-1,1,0,1,train
1,PAYMENT,3418.07,C1651754404,260.0,0.0,M1564892747,0.0,0.0,0,0,1,1,1,8.137124,0,0,0,1,0,13.096054,-3158.07,,1,0,0,0.0,0,0.0,-1,1,0,1,train
1,CASH_OUT,41924.75,C1407324654,0.0,0.0,C1526298704,132870.39,32092.07,0,0,1,1,1,10.643656,0,1,0,0,0,41924.75,-41924.75,-142703.06,0,0,0,0.0,0,0.0,-1,1,0,1,train
1,CASH_OUT,173597.57,C1101598632,0.0,0.0,C248609774,3104598.86,6453430.91,0,0,1,1,1,12.064501,0,1,0,0,0,173597.56,-173597.56,3.1752345e+06,0,0,0,0.0,0,0.0,-1,1,0,1,train
1,CASH_OUT,77642.84,C1032568028,0.0,0.0,C667346055,416103.33,9291619.62,0,0,1,1,1,11.259888,0,1,0,0,0,77642.84,-77642.84,8.797873e+06,0,0,0,0.0,0,0.0,-1,1,0,1,train
1,CASH_OUT,144964.23,C1380976928,0.0,0.0,C932583850,785172.07,2719172.89,0,0,1,1,1,11.884249,0,1,0,0,0,144964.23,-144964.23,1.7890366e+06,0,0,0,0.0,0,0.0,-1,1,0,1,train
1,CASH_OUT,94038.9,C293474277,0.0,0.0,C998351292,136065.07,1015132.48,0,0,1,1,1,11.451474,0,1,0,0,0,94038.9,-94038.9,785028.5,0,0,0,0.0,0,0.0,-1,1,0,1,train
1,CASH_OUT,26051.33,C413373997,0.0,0.0,C215145189,28479.11,1891.79,0,0,1,1,1,10.167863,0,1,0,0,0,26051.33,-26051.33,-52638.65,0,0,0,0.0,0,0.0,-1,1,0,1,train
1,CASH_OUT,134143.27,C2024711353,0.0,0.0,C451111351,1754894.42,3940085.21,0,0,1,1,1,11.806671,0,1,0,0,0,134143.27,-134143.27,2.0510475e+06,0,0,0,0.0,0,0.0,-1,1,0,1,train
1,CASH_OUT,497424.19,C711310213,0.0,0.0,C932583850,930136.3,2719172.89,0,0,1,1,1,13.117201,0,1,0,0,0,497424.2,-497424.2,1.2916124e+06,0,0,0,0.0,0,0.0,-1,1,0,1,train
1,CASH_OUT,607616.73,C1267042315,0.0,0.0,C1286084959,1359923.49,2107778.11,0,0,1,1,1,13.317301,0,1,0,0,0,607616.75,-607616.75,140237.89,0,0,0,0.0,0,0.0,-1,1,0,1,train
1,CASH_OUT,681093.57,C1335061928,0.0,0.0,C1023714065,844302.4,1412484.09,0,0,1,1,1,13.431457,0,1,0,0,0,681093.56,-681093.56,-112911.88,0,0,0,0.0,0,0.0,-1,1,0,1,train
1,CASH_OUT,114057.61,C1108706191,0.0,0.0,C932583850,1427560.49,2719172.89,0,0,1,1,1,11.644467,0,1,0,0,0,114057.61,-114057.61,1.1775548e+06,0,0,0,0.0,0,0.0,-1,1,0,1,train
1,CASH_OUT,205279.62,C1160487387,0.0,0.0,C932583850,1541618.1,2719172.89,0,0,1,1,1,12.232133,0,1,0,0,0,205279.62,-205279.62,972275.2,0,0,0,0.0,0,0.0,-1,1,0,1,train
1,CASH_OUT,173512.93,C579447973,0.0,0.0,C1816757085,8354718.14,10681238.79,0,0,1,1,1,12.0640135,0,1,0,0,0,173512.94,-173512.94,2.1530078e+06,0,0,0,0.0,0,0.0,-1,1,0,1,train
1,CASH_OUT,166817.98,C1990421361,0.0,0.0,C1971489295,721630.0,0.0,0,0,1,1,1,12.024665,0,1,0,0,0,166817.98,-166817.98,-888448.0,0,0,0,0.0,0,0.0,-1,1,0,1,train
1,CASH_OUT,113283.13,C407148497,0.0,0.0,C885951223,123001.91,215851.28,0,0,1,1,1,11.637654,0,1,0,0,0,113283.13,-113283.13,-20433.76,0,0,0,0.0,0,0.0,-1,1,0,1,train
1,CASH_OUT,179030.05,C16373883,0.0,0.0,C1360767589,1357232.47,2107965.39,0,0,1,1,1,12.095315,0,1,0,0,0,179030.05,-179030.05,571702.9,0,0,0,0.0,0,0.0,-1,1,0,1,train
1,CASH_OUT,94332.0,C1878700101,0.0,0.0,C1782113663,621561.65,3997768.55,0,0,1,1,1,11.454586,0,1,0,0,0,94332.0,-94332.0,3.281875e+06,0,0,0,0.0,0,0.0,-1,1,0,1,train
1,CASH_OUT,141111.15,C40875560,0.0,0.0,C2083562754,622023.34,1186556.81,0,0,1,1,1,11.85731,0,1,0,0,0,141111.16,-141111.16,423422.3,0,0,0,0.0,0,0.0,-1,1,0,1,train
1,CASH_OUT,45756.23,C1042891691,0.0,0.0,C392292416,1393202.52,3420103.09,0,0,1,1,1,10.731105,0,1,0,0,0,45756.23,-45756.23,1.9811444e+06,0,0,0,0.0,0,0.0,-1,1,0,1,train
1,CASH_OUT,6039.61,C1893563925,0.0,0.0,C1653844940,31164.0,37203.61,0,0,1,1,1,8.706261,0,1,0,0,0,6039.61,-6039.61,9.094947e-13,0,0,0,0.0,0,0.0,-1,1,0,1,train
1,CASH_OUT,46261.02,C1251967187,0.0,0.0,C575335780,85758.95,52415.15,0,0,1,1,1,10.742077,0,1,0,0,0,46261.02,-46261.02,-79604.82,0,0,0,0.0,0,0.0,-1,1,0,1,train
1,CASH_OUT,312471.16,C901689694,0.0,0.0,C1789550256,1803420.75,4619798.56,0,0,1,1,1,12.65227,0,1,0,0,0,312471.16,-312471.16,2.5039068e+06,0,0,0,0.0,0,0.0,-1,1,0,1,train
1,CASH_OUT,195490.04,C1107204185,0.0,0.0,C564160838,1104500.4,1254956.07,0,0,1,1,1,12.1832695,0,1,0,0,0,195490.05,-195490.05,-45034.37,0,0,0,0.0,0,0.0,-1,1,0,1,train
1,CASH_OUT,107308.84,C1523084197,0.0,0.0,C1291286504,124605.82,66575.5,0,0,1,1,1,11.583476,0,1,0,0,0,107308.84,-107308.84,-165339.16,0,0,0,0.0,0,0.0,-1,1,0,1,train
1,CASH_OUT,48252.82,C1818747191,0.0,0.0,C451111351,1889037.69,3940085.21,0,0,1,1,1,10.78423,0,1,0,0,0,48252.82,-48252.82,2.0027948e+06,0,0,0,0.0,0,0.0,-1,1,0,1,train
1,CASH_OUT,25674.03,C747870628,0.0,0.0,C597190999,30563.0,6830.83,0,0,1,1,1,10.153275,0,1,0,0,0,25674.03,-25674.03,-49406.2,0,0,0,0.0,0,0.0,-1,1,0,1,train
1,CASH_OUT,63830.49,C421191743,0.0,0.0,C1531333864,412307.54,55974.56,0,0,1,1,1,11.064002,0,1,0,0,0,63830.49,-63830.49,-420163.47,0,0,0,0.0,0,0.0,-1,1,0,1,train
1,CASH_OUT,96178.8,C9844218,0.0,0.0,C1749186397,111973.96,277515.05,0,0,1,1,1,11.473974,0,1,0,0,0,96178.8,-96178.8,69362.29,0,0,0,0.0,0,0.0,-1,1,0,1,train
1,CASH_OUT,155122.86,C1403716230,0.0,0.0,C997608398,367930.17,157982.12,0,0,1,1,1,11.95198,0,1,0,0,0,155122.86,-155122.86,-365070.9,0,0,0,0.0,0,0.0,-1,1,0,1,train
1,CASH_OUT,171757.76,C1673916398,0.0,0.0,C2050019814,205811.8,0.0,0,0,1,1,1,12.053846,0,1,0,0,0,171757.77,-171757.77,-377569.56,0,0,0,0.0,0,0.0,-1,1,0,1,train
1,CASH_OUT,8809.04,C756080817,0.0,0.0,C1740000325,137034.36,1363368.51,0,0,1,1,1,9.083648,0,1,0,0,0,8809.04,-8809.04,1.2175251e+06,0,0,0,0.0,0,0.0,-1,1,0,1,train
1,CASH_OUT,27320.2,C479734028,0.0,0.0,C614685048,79191.11,0.0,0,0,1,1,1,10.215418,0,1,0,0,0,27320.2,-27320.2,-106511.31,0,0,0,0.0,0,0.0,-1,1,0,1,train
1,CASH_OUT,517915.91,C388802347,0.0,0.0,C1170794006,4404060.84,22190.99,0,0,1,1,1,13.15757,0,1,0,0,0,517915.9,-517915.9,-4.899786e+06,0,0,0,0.0,0,0.0,-1,1,0,1,train
1,CASH_OUT,34629.16,C1541046463,0.0,0.0,C1860513229,38735.74,0.0,0,0,1,1,1,10.45248,0,1,0,0,0,34629.16,-34629.16,-73364.9,0,0,0,0.0,0,0.0,-1,1,0,1,train
1,CASH_OUT,94296.25,C1910896157,0.0,0.0,C401424608,336692.95,1178808.14,0,0,1,1,1,11.454207,0,1,0,0,0,94296.25,-94296.25,747818.94,0,0,0,0.0,0,0.0,-1,1,0,1,train
1,CASH_OUT,285360.06,C753426788,0.0,0.0,C1782113663,715893.66,3997768.55,0,0,1,1,1,12.56151,0,1,0,0,0,285360.06,-285360.06,2.9965148e+06,0,0,0,0.0,0,0.0,-1,1,0,1,train
1,CASH_OUT,161445.91,C1586470445,0.0,0.0,C557041912,277471.11,557537.26,0,0,1,1,1,11.991932,0,1,0,0,0,161445.9,-161445.9,118620.24,0,0,0,0.0,0,0.0,-1,1,0,1,train
1,CASH_OUT,386683.04,C1373577787,0.0,0.0,C33524623,1352623.44,1517262.16,0,0,1,1,1,12.865363,0,1,0,0,0,386683.03,-386683.03,-222044.31,0,0,0,0.0,0,0.0,-1,1,0,1,train
1,CASH_OUT,169854.57,C265577219,0.0,0.0,C1816757085,8528231.07,10681238.79,0,0,1,1,1,12.042704,0,1,0,0,0,169854.56,-169854.56,1.9831531e+06,0,0,0,0.0,0,0.0,-1,1,0,1,train
1,CASH_OUT,126167.7,C1624817884,0.0,0.0,C248609774,3278196.43,6453430.91,0,0,1,1,1,11.745376,0,1,0,0,0,126167.7,-126167.7,3.0490668e+06,0,0,0,0.0,0,0.0,-1,1,0,1,train
1,CASH_OUT,152757.58,C1107579932,0.0,0.0,C1262822392,8356019.04,12494367.15,0,0,1,1,1,11.936614,0,1,0,0,0,152757.58,-152757.58,3.9855905e+06,0,0,0,0.0,0,0.0,-1,1,0,1,train
1,CASH_OUT,49661.18,C1784834205,0.0,0.0,C451111351,1937290.51,3940085.21,0,0,1,1,1,10.812999,0,1,0,0,0,49661.18,-49661.18,1.9531335e+06,0,0,0,0.0,0,0.0,-1,1,0,1,train
1,CASH_OUT,73513.5,C1174586025,0.0,0.0,C1750905143,236639.0,424250.45,0,0,1,1,1,11.205238,0,1,0,0,0,73513.5,-73513.5,114097.95,0,0,0,0.0,0,0.0,-1,1,0,1,train
1,CASH_OUT,166335.32,C1627010197,0.0,0.0,C33524623,1739306.48,1517262.16,0,0,1,1,1,12.021767,0,1,0,0,0,166335.31,-166335.31,-388379.62,0,0,0,0.0,0,0.0,-1,1,0,1,train
1,CASH_OUT,234268.82,C4073506,0.0,0.0,C1750905143,310152.51,424250.45,0,0,1,1,1,12.364229,0,1,0,0,0,234268.81,-234268.81,-120170.88,0,0,0,0.0,0,0.0,-1,1,0,1,train
1,CASH_OUT,306280.12,C2044825144,0.0,0.0,C1360767589,1536262.52,2107965.39,0,0,1,1,1,12.632258,0,1,0,0,0,306280.12,-306280.12,265422.75,0,0,0,0.0,0,0.0,-1,1,0,1,train
1,CASH_OUT,194620.68,C698747943,0.0,0.0,C453211571,610710.98,3461666.05,0,0,1,1,1,12.178813,0,1,0,0,0,194620.69,-194620.69,2.6563345e+06,0,0,0,0.0,0,0.0,-1,1,0,1,train
1,CASH_OUT,128278.74,C407493402,0.0,0.0,C1262822392,8508776.62,12494367.15,0,0,1,1,1,11.761969,0,1,0,0,0,128278.74,-128278.74,3.8573118e+06,0,0,0,0.0,0,0.0,-1,1,0,1,train
1,CASH_OUT,256773.54,C1774690057,0.0,0.0,C1971489295,888447.97,0.0,0,0,1,1,1,12.455954,0,1,0,0,0,256773.55,-256773.55,-1.1452215e+06,0,0,0,0.0,0,0.0,-1,1,0,1,train
1,CASH_OUT,105759.12,C480402503,0.0,0.0,C1318822808,332876.84,500631.71,0,0,1,1,1,11.568929,0,1,0,0,0,105759.12,-105759.12,61995.75,0,0,0,0.0,0,0.0,-1,1,0,1,train
1,CASH_OUT,59390.46,C100445376,0.0,0.0,C977993101,73791.34,965870.05,0,0,1,1,1,10.991906,0,1,0,0,0,59390.46,-59390.46,832688.25,0,0,0,0.0,0,0.0,-1,1,0,1,train
1,CASH_OUT,131991.26,C1396385390,0.0,0.0,C1971489295,1145221.51,0.0,0,0,1,1,1,11.790499,0,1,0,0,0,131991.27,-131991.27,-1.2772128e+06,0,0,0,0.0,0,0.0,-1,1,0,1,train
1,CASH_OUT,65025.3,C114414807,0.0,0.0,C977993101,133181.81,965870.05,0,0,1,1,1,11.082547,0,1,0,0,0,65025.3,-65025.3,767662.94,0,0,0,0.0,0,0.0,-1,1,0,1,train
1,CASH_OUT,82054.36,C144699438,0.0,0.0,C1526298704,174795.14,32092.07,0,0,1,1,1,11.315149,0,1,0,0,0,82054.36,-82054.36,-224757.44,0,0,0,0.0,0,0.0,-1,1,0,1,train
1,CASH_OUT,69708.79,C1751500625,0.0,0.0,C1335050193,71982.88,353532.56,0,0,1,1,1,11.152096,0,1,0,0,0,69708.79,-69708.79,211840.89,0,0,0,0.0,0,0.0,-1,1,0,1,train
1,CASH_OUT,9104.26,C1650955365,0.0,0.0,C990355670,10623.0,19727.26,0,0,1,1,1,9.116608,0,1,0,0,0,9104.26,-9104.26,-1.8189894e-12,0,0,0,0.0,0,0.0,-1,1,0,1,train
1,CASH_OUT,92553.64,C1788380050,0.0,0.0,C1182461167,297655.51,23508.22,0,0,1,1,1,11.4355545,0,1,0,0,0,92553.64,-92553.64,-366700.94,0,0,0,0.0,0,0.0,-1,1,0,1,train
1,CASH_OUT,66312.08,C493944943,0.0,0.0,C1750905143,544421.33,424250.45,0,0,1,1,1,11.102142,0,1,0,0,0,66312.08,-66312.08,-186482.95,0,0,0,0.0,0,0.0,-1,1,0,1,train
1,CASH_OUT,142282.63,C1533547487,0.0,0.0,C453211571,805331.66,3461666.05,0,0,1,1,1,11.865578,0,1,0,0,0,142282.62,-142282.62,2.5140518e+06,0,0,0,0.0,0,0.0,-1,1,0,1,train
1,CASH_OUT,114499.14,C99770475,0.0,0.0,C1899073220,129297.57,420946.86,0,0,1,1,1,11.648332,0,1,0,0,0,114499.14,-114499.14,177150.16,0,0,0,0.0,0,0.0,-1,1,0,1,train
1,CASH_OUT,76635.24,C727250772,0.0,0.0,C357863579,102696.35,92307.65,0,0,1,1,1,11.246825,0,1,0,0,0,76635.24,-76635.24,-87023.94,0,0,0,0.0,0,0.0,-1,1,0,1,train
1,CASH_OUT,132574.0,C1052768296,0.0,0.0,C977993101,198207.11,965870.05,0,0,1,1,1,11.794904,0,1,0,0,0,132574.0,-132574.0,635088.94,0,0,0,0.0,0,0.0,-1,1,0,1,train
1,CASH_OUT,39485.21,C626193099,0.0,0.0,C1883840933,9987286.56,16874643.09,0,0,1,1,1,10.583707,0,1,0,0,0,39485.21,-39485.21,6.8478715e+06,0,0,0,0.0,0,0.0,-1,1,0,1,train
1,CASH_OUT,236825.42,C859123506,0.0,0.0,C1899073220,243796.7,420946.86,0,0,1,1,1,12.375083,0,1,0,0,0,236825.42,-236825.42,-59675.26,0,0,0,0.0,0,0.0,-1,1,0,1,train
1,CASH_OUT,327066.19,C1597742167,0.0,0.0,C453211571,947614.29,3461666.05,0,0,1,1,1,12.697921,0,1,0,0,0,327066.2,-327066.2,2.1869855e+06,0,0,0,0.0,0,0.0,-1,1,0,1,train
1,CASH_OUT,156819.6,C503595296,0.0,0.0,C1318822808,438635.96,500631.71,0,0,1,1,1,11.962858,0,1,0,0,0,156819.6,-156819.6,-94823.85,0,0,0,0.0,0,0.0,-1,1,0,1,train
1,CASH_OUT,13136.44,C754072705,0.0,0.0,C1023714065,1525395.97,1412484.09,0,0,1,1,1,9.483221,0,1,0,0,0,13136.44,-13136.44,-126048.32,0,0,0,0.0,0,0.0,-1,1,0,1,train
1,PAYMENT,4306.89,C908384914,256849.49,252542.6,M905847077,0.0,0.0,0,0,1,1,1,8.368203,0,0,0,1,0,0.016768081,-2.910383e-11,,0,0,0,0.0,0,0.0,-1,1,0,1,train
1,PAYMENT,8309.52,C156199931,252542.6,244233.08,M878991463,0.0,0.0,0,0,1,1,1,9.025277,0,0,0,1,0,0.03290331,2.910383e-11,,0,0,0,0.0,0,0.0,-1,1,0,1,train
1,PAYMENT,5363.35,C612693043,81503.83,76140.48,M1622613647,0.0,0.0,0,0,1,1,1,8.58753,0,0,0,1,0,0.06580408,0.0,,0,0,0,0.0,0,0.0,-1,1,0,1,train
1,PAYMENT,132.42,C307605969,76140.48,76008.06,M73688220,0.0,0.0,0,0,1,1,1,4.893502,0,0,0,1,0,0.0017391309,0.0,,0,0,0,0.0,0,0.0,-1,1,0,1,train
1,PAYMENT,19644.08,C130166095,76008.06,56363.98,M1599674462,0.0,0.0,0,0,1,1,1,9.885582,0,0,0,1,0,0.25844392,-7.275958e-12,,0,0,0,0.0,0,0.0,-1,1,0,1,train
1,PAYMENT,895.24,C1623060829,56363.98,55468.74,M1205483858,0.0,0.0,0,0,1,1,1,6.798208,0,0,0,1,0,0.015882911,7.275958e-12,,0,0,0,0.0,0,0.0,-1,1,0,1,train
1,PAYMENT,7641.08,C1373949107,55468.74,47827.66,M1189651769,0.0,0.0,0,0,1,1,1,8.941425,0,0,0,1,0,0.13775222,-7.275958e-12,,0,0,0,0.0,0,0.0,-1,1,0,1,train
1,PAYMENT,31188.22,C1230013344,47827.66,16639.44,M1607869297,0.0,0.0,0,0,1,1,1,10.347828,0,0,0,1,0,0.65208226,3.637979e-12,,0,0,0,0.0,0,0.0,-1,1,0,1,train
1,PAYMENT,13954.75,C681639276,16639.44,2684.69,M727860268,0.0,0.0,0,0,1,1,1,9.543647,0,0,0,1,0,0.8386046,-1.364242e-12,,0,0,0,0.0,0,0.0,-1,1,0,1,train
1,PAYMENT,10497.33,C1717739363,2684.69,0.0,M138536309,0.0,0.0,0,0,1,1,1,9.258971,0,0,0,1,0,3.9086156,-7812.64,,1,0,0,0.0,0,0.0,-1,1,0,1,train
1,PAYMENT,5843.75,C665137804,0.0,0.0,M509559152,0.0,0.0,0,0,1,1,1,8.673299,0,0,0,1,0,5843.75,-5843.75,,0,0,0,0.0,0,0.0,-1,1,0,1,train
1,PAYMENT,7260.2,C1815370847,0.0,0.0,M1801021153,0.0,0.0,0,0,1,1,1,8.890301,0,0,0,1,0,7260.2,-7260.2,,0,0,0,0.0,0,0.0,-1,1,0,1,train
1,PAYMENT,10285.86,C1709578324,0.0,0.0,M22446425,0.0,0.0,0,0,1,1,1,9.238623,0,0,0,1,0,10285.86,-10285.86,,0,0,0,0.0,0,0.0,-1,1,0,1,train
1,PAYMENT,6249.78,C1338958728,0.0,0.0,M1870723838,0.0,0.0,0,0,1,1,1,8.740461,0,0,0,1,0,6249.78,-6249.78,,0,0,0,0.0,0,0.0,-1,1,0,1,train
1,PAYMENT,848.74,C988904418,0.0,0.0,M261650860,0.0,0.0,0,0,1,1,1,6.7449303,0,0,0,1,0,848.74,-848.74,,0,0,0,0.0,0,0.0,-1,1,0,1,train
1,PAYMENT,6993.7,C938613108,0.0,0.0,M1598898814,0.0,0.0,0,0,1,1,1,8.852908,0,0,0,1,0,6993.7,-6993.7,,0,0,0,0.0,0,0.0,-1,1,0,1,train
1,PAYMENT,795.29,C1850874910,10360.0,9564.71,M575360353,0.0,0.0,0,0,1,1,1,6.6799636,0,0,0,1,0,0.076758035,0.0,,0,0,0,0.0,0,0.0,-1,1,0,1,train
1,PAYMENT,9191.46,C97901029,0.0,0.0,M809383315,0.0,0.0,0,0,1,1,1,9.126139,0,0,0,1,0,9191.46,-9191.46,,0,0,0,0.0,0,0.0,-1,1,0,1,train
1,CASH_OUT,132038.41,C1324514662,0.0,0.0,C998351292,230103.96,1015132.48,0,0,1,1,1,11.790855,0,1,0,0,0,132038.4,-132038.4,652990.1,0,0,0,0.0,0,0.0,-1,1,0,1,train
1,PAYMENT,6495.27,C908722588,22040.0,15544.73,M496757837,0.0,0.0,0,0,1,1,1,8.778983,0,0,0,1,0,0.29469034,0.0,,0,0,0,0.0,0,0.0,-1,1,0,1,train
1,PAYMENT,1679.68,C1548271808,15544.73,13865.06,M17600354,0.0,0.0,0,0,1,1,1,7.426954,0,0,0,1,0,0.10804768,-0.01,,0,0,0,0.0,0,0.0,-1,1,0,1,train
1,TRANSFER,47477.97,C1733056574,6066.0,0.0,C1629911510,144658.38,15375.37,0,0,1,1,1,10.768043,0,0,0,0,1,7.825609,-41411.97,-176760.98,1,0,0,0.0,0,0.0,-1,1,0,1,train
1,DEBIT,1260.62,C636959006,1483.0,222.38,C1686100174,10086.0,9837.06,0,0,1,1,1,7.140152,0,0,1,0,0,0.8494744,1.1368684e-13,-1509.56,0,0,0,0.0,0,0.0,-1,1,0,1,train
1,PAYMENT,15034.23,C1059300256,40458.0,25423.77,M1521568953,0.0,0.0,0,0,1,1,1,9.618152,0,0,0,1,0,0.37159175,0.0,,0,0,0,0.0,0,0.0,-1,1,0,1,train
1,PAYMENT,3238.39,C1605988985,28773.0,25534.61,M1134202713,0.0,0.0,0,0,1,1,1,8.08314,0,0,0,1,0,0.1125457,0.0,,0,0,0,0.0,0,0.0,-1,1,0,1,train
1,CASH_OUT,251241.14,C1636178473,25534.61,0.0,C997608398,523053.03,157982.12,0,0,1,1,1,12.434173,0,1,0,0,0,9.838854,-225706.53,-616312.06,1,0,0,0.0,0,0.0,-1,1,0,1,train
1,PAYMENT,3644.12,C822232612,1230.0,0.0,M633131207,0.0,0.0,0,0,1,1,1,8.201144,0,0,0,1,0,2.9602923,-2414.12,,1,0,0,0.0,0,0.0,-1,1,0,1,train
1,CASH_OUT,283123.48,C852190062,497409.0,214285.52,C1831477404,16872.0,247063.16,0,0,1,1,1,12.553642,0,1,0,0,0,0.5691954,2.910383e-11,-52932.32,0,0,0,0.0,0,0.0,-1,1,0,1,train
1,PAYMENT,2851.83,C1674403916,10646.0,7794.17,M1088239991,0.0,0.0,0,0,1,1,1,7.9560666,0,0,0,1,0,0.2678529,0.0,,0,0,0,0.0,0,0.0,-1,1,0,1,train
1,CASH_IN,94726.64,C61137731,69854.13,164580.77,C476800120,129704.88,49864.36,0,0,1,1,1,11.458761,1,0,0,0,0,1.3560442,-189453.28,-174567.16,0,0,0,0.0,0,0.0,-1,1,0,1,train
1,PAYMENT,17020.69,C1780293706,164580.77,147560.08,M1658511941,0.0,0.0,0,0,1,1,1,9.742244,0,0,0,1,0,0.103417836,0.0,,0,0,0,0.0,0,0.0,-1,1,0,1,train
1,PAYMENT,6523.19,C1264941544,147560.08,141036.89,M1878992188,0.0,0.0,0,0,1,1,1,8.783272,0,0,0,1,0,0.044206712,-2.910383e-11,,0,0,0,0.0,0,0.0,-1,1,0,1,train
1,PAYMENT,1383.56,C1818449913,5309.0,3925.44,M1495161082,0.0,0.0,0,0,1,1,1,7.2331376,0,0,0,1,0,0.26055744,0.0,,0,0,0,0.0,0,0.0,-1,1,0,1,train
1,DEBIT,1580.66,C961859592,31156.0,29575.34,C1556995360,12298.0,0.0,0,0,1,1,1,7.36623,0,0,1,0,0,0.0507321,0.0,-13878.66,0,0,0,0.0,0,0.0,-1,1,0,1,train
1,PAYMENT,2466.95,C798278875,34978.24,32511.29,M1497268815,0.0,0.0,0,0,1,1,1,7.811143,0,0,0,1,0,0.070526116,-3.637979e-12,,0,0,0,0.0,0,0.0,-1,1,0,1,train
1,PAYMENT,1017.85,C1926027290,32511.29,31493.45,M1837601499,0.0,0.0,0,0,1,1,1,6.9264297,0,0,0,1,0,0.031306624,-0.01,,0,0,0,0.0,0,0.0,-1,1,0,1,train
1,PAYMENT,2270.41,C1690050988,60640.12,58369.71,M1228798862,0.0,0.0,0,0,1,1,1,7.728156,0,0,0,1,0,0.037440106,7.275958e-12,,0,0,0,0.0,0,0.0,-1,1,0,1,train
1,CASH_OUT,102265.88,C1562764987,58369.71,0.0,C392292416,1438958.75,3420103.09,0,0,1,1,1,11.535341,0,1,0,0,0,1.7520068,-43896.17,1.8788785e+06,1,0,0,0.0,0,0.0,-1,1,0,1,train
1,DEBIT,13758.63,C216376974,29858.0,16099.37,C1219161283,21305.0,0.0,0,0,1,1,1,9.529494,0,0,1,0,0,0.4607867,0.0,-35063.63,0,0,0,0.0,0,0.0,-1,1,0,1,train
1,CASH_IN,5221.77,C164714495,1046.0,6267.77,C317071334,0.0,139555.44,0,0,1,1,1,8.560783,1,0,0,0,0,4.987364,-10443.54,134333.67,0,0,0,0.0,0,0.0,-1,1,0,1,train
1,PAYMENT,12256.66,C789982400,20800.0,8543.34,M1576277927,0.0,0.0,0,0,1,1,1,9.413906,0,0,0,1,0,0.5892342,0.0,,0,0,0,0.0,0,0.0,-1,1,0,1,train
1,PAYMENT,8227.3,C2080643905,6207.0,0.0,M2137642385,0.0,0.0,0,0,1,1,1,9.015335,0,0,0,1,0,1.3252739,-2020.3,,1,0,0,0.0,0,0.0,-1,1,0,1,train
1,PAYMENT,527.15,C1627883152,72421.0,71893.85,M481553464,0.0,0.0,0,0,1,1,1,6.2693806,0,0,0,1,0,0.0072788657,0.0,,0,0,0,0.0,0,0.0,-1,1,0,1,train
1,PAYMENT,950.25,C1076966140,204944.0,203993.75,M1908781622,0.0,0.0,0,0,1,1,1,6.857777,0,0,0,1,0,0.00463661,0.0,,0,0,0,0.0,0,0.0,-1,1,0,1,train
1,PAYMENT,12728.46,C749443480,83636.0,70907.54,M796553753,0.0,0.0,0,0,1,1,1,9.451674,0,0,0,1,0,0.15218695,1.4551915e-11,,0,0,0,0.0,0,0.0,-1,1,0,1,train
1,PAYMENT,1002.96,C1721045976,8325.0,7322.04,M975001918,0.0,0.0,0,0,1,1,1,6.9117074,0,0,0,1,0,0.1204612,0.0,,0,0,0,0.0,0,0.0,-1,1,0,1,train
1,PAYMENT,6917.1,C1250582716,13555.0,6637.9,M907815246,0.0,0.0,0,0,1,1,1,8.841896,0,0,0,1,0,0.5102611,0.0,,0,0,0,0.0,0,0.0,-1,1,0,1,train
1,PAYMENT,1977.17,C2019157894,43619.0,41641.83,M677217562,0.0,0.0,0,0,1,1,1,7.5899277,0,0,0,1,0,0.045327142,0.0,,0,0,0,0.0,0,0.0,-1,1,0,1,train
1,PAYMENT,9314.84,C827035437,104536.0,95221.16,M1716164115,0.0,0.0,0,0,1,1,1,9.139471,0,0,0,1,0,0.08910567,0.0,,0,0,0,0.0,0,0.0,-1,1,0,1,train
1,PAYMENT,1157.05,C1360541835,52867.0,51709.95,M363397863,0.0,0.0,0,0,1,1,1,7.054493,0,0,0,1,0,0.021885639,0.0,,0,0,0,0.0,0,0.0,-1,1,0,1,train
1,DEBIT,3766.99,C2021053848,16600.0,12833.01,C1123629720,146166.67,46393.85,0,0,1,1,1,8.234297,0,0,1,0,0,0.22691344,0.0,-103539.81,0,0,0,0.0,0,0.0,-1,1,0,1,train
1,PAYMENT,3464.41,C1245593227,5548.0,2083.59,M1525844775,0.0,0.0,0,0,1,1,1,8.150586,0,0,0,1,0,0.6243305,0.0,,0,0,0,0.0,0,0.0,-1,1,0,1,train
1,CASH_OUT,68662.06,C118555812,2083.59,0.0,C1740000325,145843.39,1363368.51,0,0,1,1,1,11.136967,0,1,0,0,0,32.93792,-66578.47,1.148863e+06,1,0,0,0.0,0,0.0,-1,1,0,1,train
1,DEBIT,8679.29,C1233505227,150592.0,141912.71,C1877453512,21056.0,0.0,0,0,1,1,1,9.06881,0,0,1,0,0,0.057634085,0.0,-29735.29,0,0,0,0.0,0,0.0,-1,1,0,1,train
1,PAYMENT,15266.05,C1928621590,13679.0,0.0,M1016162524,0.0,0.0,0,0,1,1,1,9.633452,0,0,0,1,0,1.1159394,-1587.05,,1,0,0,0.0,0,0.0,-1,1,0,1,train
1,PAYMENT,8348.75,C858423246,0.0,0.0,M1419125235,0.0,0.0,0,0,1,1,1,9.029987,0,0,0,1,0,8348.75,-8348.75,,0,0,0,0.0,0,0.0,-1,1,0,1,train
1,PAYMENT,8419.73,C88301993,0.0,0.0,M841166421,0.0,0.0,0,0,1,1,1,9.038452,0,0,0,1,0,8419.73,-8419.73,,0,0,0,0.0,0,0.0,-1,1,0,1,train
1,PAYMENT,6688.74,C1377301456,9207.0,2518.26,M938199512,0.0,0.0,0,0,1,1,1,8.808331,0,0,0,1,0,0.7264053,0.0,,0,0,0,0.0,0,0.0,-1,1,0,1,train
1,PAYMENT,1979.94,C691779749,82034.0,80054.06,M37841489,0.0,0.0,0,0,1,1,1,7.5913267,0,0,0,1,0,0.024135308,0.0,,0,0,0,0.0,0,0.0,-1,1,0,1,train
1,PAYMENT,9574.31,C1873121466,52463.0,42888.69,M115945887,0.0,0.0,0,0,1,1,1,9.166944,0,0,0,1,0,0.18249294,0.0,,0,0,0,0.0,0,0.0,-1,1,0,1,train
1,PAYMENT,5287.68,C1927499639,11424.0,6136.32,M2079961240,0.0,0.0,0,0,1,1,1,8.573324,0,0,0,1,0,0.46281663,0.0,,0,0,0,0.0,0,0.0,-1,1,0,1,train
1,PAYMENT,10627.18,C949673757,6136.32,0.0,M1999664216,0.0,0.0,0,0,1,1,1,9.271264,0,0,0,1,0,1.7315669,-4490.86,,1,0,0,0.0,0,0.0,-1,1,0,1,train
1,PAYMENT,5809.78,C532677950,99884.0,94074.22,M688593710,0.0,0.0,0,0,1,1,1,8.66747,0,0,0,1,0,0.05816469,0.0,,0,0,0,0.0,0,0.0,-1,1,0,1,train
1,TRANSFER,411363.54,C1200048933,39951.0,0.0,C1049817027,52170.0,60738.03,0,0,1,1,1,12.927235,0,0,0,0,1,10.296444,-371412.53,-402795.5,1,0,0,0.0,0,0.0,-1,1,0,1,train
1,PAYMENT,4086.5,C862025017,0.0,0.0,M739737502,0.0,0.0,0,0,1,1,1,8.315689,0,0,0,1,0,4086.5,-4086.5,,0,0,0,0.0,0,0.0,-1,1,0,1,train
1,PAYMENT,19741.22,C1572127577,81762.38,62021.17,M546796969,0.0,0.0,0,0,1,1,1,9.890514,0,0,0,1,0,0.24144329,-0.01,,0,0,0,0.0,0,0.0,-1,1,0,1,train
1,PAYMENT,5270.72,C417797183,62021.17,56750.45,M261845810,0.0,0.0,0,0,1,1,1,8.570112,0,0,0,1,0,0.084981225,0.0,,0,0,0,0.0,0,0.0,-1,1,0,1,train
1,CASH_IN,55827.09,C1959708563,9907.0,65734.09,C1850180796,19873.0,1268668.92,0,0,1,1,1,10.930033,1,0,0,0,0,5.6345468,-111654.18,1.1929689e+06,0,0,0,0.0,0,0.0,-1,1,0,1,train
1,CASH_OUT,174068.82,C1877986974,65734.09,0.0,C33524623,1905641.8,1517262.16,0,0,1,1,1,12.067212,0,1,0,0,0,2.648035,-108334.73,-562448.44,1,0,0,0.0,0,0.0,-1,1,0,1,train
1,TRANSFER,1277212.77,C1334405552,1277212.77,0.0,C431687661,0.0,0.0,1,0,1,1,1,14.060191,0,0,0,0,1,0.9999992,0.0,-1.2772128e+06,1,1,0,0.0,0,0.0,-1,1,0,1,train
1,CASH_OUT,1277212.77,C467632528,1277212.77,0.0,C716083600,0.0,2444985.19,1,0,1,1,1,14.060191,0,1,0,0,0,0.9999992,0.0,1.1677724e+06,1,0,0,0.0,0,0.0,-1,1,0,1,train
1,CASH_IN,24105.5,C422522663,144.0,24249.5,C644345897,20875.0,0.0,0,0,1,1,1,10.090237,1,0,0,0,0,166.24483,-48211.0,-44980.5,0,0,0,0.0,0,0.0,-1,1,0,1,train
1,PAYMENT,6854.06,C145066402,19853.0,12998.94,M207988207,0.0,0.0,0,0,1,1,1,8.832743,0,0,0,1,0,0.34522313,-1.8189894e-12,,0,0,0,0.0,0,0.0,-1,1,0,1,train
1,CASH_OUT,111899.09,C1800500978,12998.94,0.0,C1883840933,10026771.77,16874643.09,0,0,1,1,1,11.625361,0,1,0,0,0,8.607662,-98900.15,6.735972e+06,1,0,0,0.0,0,0.0,-1,1,0,1,train
1,PAYMENT,1231.79,C191310504,20792.0,19560.21,M799755007,0.0,0.0,0,0,1,1,1,7.1170354,0,0,0,1,0,0.05924061,0.0,,0,0,0,0.0,0,0.0,-1,1,0,1,train
1,PAYMENT,3380.1,C247515192,19560.21,16180.11,M1850137076,0.0,0.0,0,0,1,1,1,8.125957,0,0,0,1,0,0.17279606,-1.8189894e-12,,0,0,0,0.0,0,0.0,-1,1,0,1,train
1,DEBIT,2869.65,C1556520190,8768.0,5898.35,C1664439369,15485.0,5484.37,0,0,1,1,1,7.9622936,0,0,1,0,0,0.3272494,0.0,-12870.28,0,0,0,0.0,0,0.0,-1,1,0,1,train
1,PAYMENT,1658.87,C701487403,16543.0,14884.13,M566641954,0.0,0.0,0,0,1,1,1,7.4144945,0,0,0,1,0,0.10027019,1.8189894e-12,,0,0,0,0.0,0,0.0,-1,1,0,1,train
1,PAYMENT,823.36,C2039984535,14884.13,14060.77,M299819831,0.0,0.0,0,0,1,1,1,6.7146072,0,0,0,1,0,0.05531426,-1.8189894e-12,,0,0,0,0.0,0,0.0,-1,1,0,1,train
1,PAYMENT,7541.47,C1175418534,14060.77,6519.3,M1442038800,0.0,0.0,0,0,1,1,1,8.928305,0,0,0,1,0,0.53631014,0.0,,0,0,0,0.0,0,0.0,-1,1,0,1,train
1,DEBIT,3635.93,C296541232,106929.0,103293.07,C288665596,95816.79,8496.61,0,0,1,1,1,8.198895,0,0,1,0,0,0.0340029,0.0,-90956.11,0,0,0,0.0,0,0.0,-1,1,0,1,train
1,PAYMENT,1328.59,C1997357673,14469.0,13140.41,M1250603112,0.0,0.0,0,0,1,1,1,7.192626,0,0,0,1,0,0.091816865,0.0,,0,0,0,0.0,0,0.0,-1,1,0,1,train
1,TRANSFER,56145.85,C26357357,21528.0,0.0,C1058634310,5075.0,33008.44,0,0,1,1,1,10.935726,0,0,0,0,1,2.6079173,-34617.85,-28212.41,1,0,0,0.0,0,0.0,-1,1,0,1,train
1,PAYMENT,973.18,C1990733619,10762.0,9788.82,M1806378373,0.0,0.0,0,0,1,1,1,6.881596,0,0,0,1,0,0.09041903,0.0,,0,0,0,0.0,0,0.0,-1,1,0,1,train
1,PAYMENT,619.24,C1958592872,31960.0,31340.76,M1682733268,0.0,0.0,0,0,1,1,1,6.4301066,0,0,0,1,0,0.019374862,0.0,,0,0,0,0.0,0,0.0,-1,1,0,1,train
1,DEBIT,300.41,C1395262169,39167.0,38866.59,C736709391,48749.55,46820.71,0,0,1,1,1,5.7084713,0,0,1,0,0,0.0076697813,0.0,-2229.25,0,0,0,0.0,0,0.0,-1,1,0,1,train
1,TRANSFER,700967.19,C1629454900,15383.0,0.0,C1060830840,50767.43,130747.56,0,0,1,1,1,13.460217,0,0,0,0,1,45.56469,-685584.2,-620987.06,1,0,0,0.0,0,0.0,-1,1,0,1,train
1,PAYMENT,8354.27,C2075372030,5611.0,0.0,M2092885124,0.0,0.0,0,0,1,1,1,9.030648,0,0,0,1,0,1.488644,-2743.27,,1,0,0,0.0,0,0.0,-1,1,0,1,train
1,DEBIT,5423.28,C2139168000,20281.0,14857.72,C367746789,11523.0,0.0,0,0,1,1,1,8.59864,0,0,1,0,0,0.26739374,1.8189894e-12,-16946.28,0,0,0,0.0,0,0.0,-1,1,0,1,train
1,PAYMENT,708.59,C1653751526,14857.72,14149.13,M67671827,0.0,0.0,0,0,1,1,1,6.5646873,0,0,0,1,0,0.047688495,0.0,,0,0,0,0.0,0,0.0,-1,1,0,1,train
1,PAYMENT,8358.81,C253348306,3467.0,0.0,M2013768748,0.0,0.0,0,0,1,1,1,9.031191,0,0,0,1,0,2.410268,-4891.81,,1,0,0,0.0,0,0.0,-1,1,0,1,train
1,PAYMENT,2245.62,C194107588,30910.0,28664.38,M1264674474,0.0,0.0,0,0,1,1,1,7.717182,0,0,0,1,0,0.07264792,0.0,,0,0,0,0.0,0,0.0,-1,1,0,1,train
1,PAYMENT,4593.59,C175595853,78282.0,73688.41,M1339345635,0.0,0.0,0,0,1,1,1,8.432634,0,0,0,1,0,0.05867928,0.0,,0,0,0,0.0,0,0.0,-1,1,0,1,train
1,PAYMENT,399.66,C1241938981,153760.0,153360.34,M168957945,0.0,0.0,0,0,1,1,1,5.993113,0,0,0,1,0,0.0025992286,0.0,,0,0,0,0.0,0,0.0,-1,1,0,1,train
1,PAYMENT,1617.9,C1004430079,507865.0,506247.1,M1379148981,0.0,0.0,0,0,1,1,1,7.389502,0,0,0,1,0,0.003185683,0.0,,0,0,0,0.0,0,0.0,-1,1,0,1,train
1,PAYMENT,2167.26,C732597634,13669.0,11501.74,M832432849,0.0,0.0,0,0,1,1,1,7.68168,0,0,0,1,0,0.15854134,0.0,,0,0,0,0.0,0,0.0,-1,1,0,1,train
1,PAYMENT,9738.95,C2031927175,289748.0,280009.05,M176041373,0.0,0.0,0,0,1,1,1,9.183991,0,0,0,1,0,0.033611678,0.0,,0,0,0,0.0,0,0.0,-1,1,0,1,train
1,PAYMENT,3396.25,C1967617997,18524.0,15127.75,M726843606,0.0,0.0,0,0,1,1,1,8.130721,0,0,0,1,0,0.18333334,0.0,,0,0,0,0.0,0,0.0,-1,1,0,1,train
1,PAYMENT,6780.78,C925803196,52640.0,45859.22,M1288135425,0.0,0.0,0,0,1,1,1,8.821995,0,0,0,1,0,0.12881176,0.0,,0,0,0,0.0,0,0.0,-1,1,0,1,train
1,PAYMENT,2284.54,C49318987,539.0,0.0,M1058650291,0.0,0.0,0,0,1,1,1,7.734358,0,0,0,1,0,4.2306294,-1745.54,,1,0,0,0.0,0,0.0,-1,1,0,1,train
1,PAYMENT,502.61,C2111882926,15156.0,14653.39,M172518776,0.0,0.0,0,0,1,1,1,6.221802,0,0,0,1,0,0.033160254,0.0,,0,0,0,0.0,0,0.0,-1,1,0,1,train
1,PAYMENT,8716.47,C215759534,8236.0,0.0,M2129844134,0.0,0.0,0,0,1,1,1,9.073084,0,0,0,1,0,1.0582093,-480.47,,1,0,0,0.0,0,0.0,-1,1,0,1,train
1,CASH_OUT,209370.56,C98351968,0.0,0.0,C885951223,236285.04,215851.28,0,0,1,1,1,12.251865,0,1,0,0,0,209370.56,-209370.56,-229804.31,0,0,0,0.0,0,0.0,-1,1,0,1,train
1,CASH_OUT,117023.79,C1278616846,0.0,0.0,C22805895,121366.44,651524.92,0,0,1,1,1,11.670141,0,1,0,0,0,117023.79,-117023.79,413134.7,0,0,0,0.0,0,0.0,-1,1,0,1,train
1,PAYMENT,10891.96,C559050604,4986.72,0.0,M1240843015,0.0,0.0,0,0,1,1,1,9.295872,0,0,0,1,0,2.1837554,-5905.24,,1,0,0,0.0,0,0.0,-1,1,0,1,train
1,PAYMENT,4149.86,C697460450,0.0,0.0,M1416706187,0.0,0.0,0,0,1,1,1,8.331071,0,0,0,1,0,4149.86,-4149.86,,0,0,0,0.0,0,0.0,-1,1,0,1,train
1,PAYMENT,13252.81,C1726616678,0.0,0.0,M23076423,0.0,0.0,0,0,1,1,1,9.492041,0,0,0,1,0,13252.81,-13252.81,,0,0,0,0.0,0,0.0,-1,1,0,1,train
1,PAYMENT,1213.64,C1006624255,86078.0,84864.36,M1721180011,0.0,0.0,0,0,1,1,1,7.102203,0,0,0,1,0,0.014099142,0.0,,0,0,0,0.0,0,0.0,-1,1,0,1,train
1,PAYMENT,5800.85,C1349025531,41025.0,35224.15,M1367068823,0.0,0.0,0,0,1,1,1,8.665932,0,0,0,1,0,0.14139448,0.0,,0,0,0,0.0,0,0.0,-1,1,0,1,train
1,PAYMENT,8094.53,C338620258,50950.0,42855.47,M1251788491,0.0,0.0,0,0,1,1,1,8.999067,0,0,0,1,0,0.15886891,0.0,,0,0,0,0.0,0,0.0,-1,1,0,1,train
1,PAYMENT,3825.39,C1502668485,4094.0,268.61,M1457551880,0.0,0.0,0,0,1,1,1,8.249677,0,0,0,1,0,0.9341612,1.1368684e-13,,0,0,0,0.0,0,0.0,-1,1,0,1,train
1,PAYMENT,12162.01,C903268937,38372.2,26210.19,M424732838,0.0,0.0,0,0,1,1,1,9.406155,0,0,0,1,0,0.31694022,-3.637979e-12,,0,0,0,0.0,0,0.0,-1,1,0,1,train
1,CASH_OUT,472385.25,C1193841543,26210.19,0.0,C392292416,1541224.63,3420103.09,0,0,1,1,1,13.065553,0,1,0,0,0,18.022274,-446175.06,1.4064932e+06,1,0,0,0.0,0,0.0,-1,1,0,1,train
1,PAYMENT,13427.34,C315461968,102672.0,89244.66,M290096578,0.0,0.0,0,0,1,1,1,9.505123,0,0,0,1,0,0.13077772,0.0,,0,0,0,0.0,0,0.0,-1,1,0,1,train
1,PAYMENT,1873.13,C255941269,139873.0,137999.87,M217470033,0.0,0.0,0,0,1,1,1,7.5358996,0,0,0,1,0,0.0133915525,0.0,,0,0,0,0.0,0,0.0,-1,1,0,1,train
1,PAYMENT,6443.58,C1917784974,546.0,0.0,M938405008,0.0,0.0,0,0,1,1,1,8.770995,0,0,0,1,0,11.779854,-5897.58,,1,0,0,0.0,0,0.0,-1,1,0,1,train
1,PAYMENT,4008.01,C855547146,105389.0,101380.99,M211031000,0.0,0.0,0,0,1,1,1,8.2963,0,0,0,1,0,0.038030267,0.0,,0,0,0,0.0,0,0.0,-1,1,0,1,train
1,CASH_OUT,197186.52,C105751207,101380.99,0.0,C998351292,362142.37,1015132.48,0,0,1,1,1,12.191911,0,1,0,0,0,1.9449857,-95805.53,455803.6,1,0,0,0.0,0,0.0,-1,1,0,1,train
1,PAYMENT,1220.37,C1174881426,159791.0,158570.63,M14124949,0.0,0.0,0,0,1,1,1,7.1077285,0,0,0,1,0,0.007637241,0.0,,0,0,0,0.0,0,0.0,-1,1,0,1,train
1,DEBIT,1683.95,C745627268,16741.0,15057.05,C1686100174,11346.62,9837.06,0,0,1,1,1,7.429491,0,0,1,0,0,0.10058237,0.0,-3193.51,0,0,0,0.0,0,0.0,-1,1,0,1,train
1,PAYMENT,2713.67,C1195542839,20210.0,17496.33,M1000171161,0.0,0.0,0,0,1,1,1,7.9064255,0,0,0,1,0,0.13426699,0.0,,0,0,0,0.0,0,0.0,-1,1,0,1,train
1,PAYMENT,4867.56,C130721104,30853.2,25985.64,M560549459,0.0,0.0,0,0,1,1,1,8.490554,0,0,0,1,0,0.15776004,0.0,,0,0,0,0.0,0,0.0,-1,1,0,1,train
1,CASH_OUT,242940.23,C1924227192,25985.64,0.0,C453211571,1274680.48,3461666.05,0,0,1,1,1,12.400575,0,1,0,0,0,9.348659,-216954.6,1.9440454e+06,1,0,0,0.0,0,0.0,-1,1,0,1,train
1,PAYMENT,4433.98,C583559449,10931.0,6497.02,M1895479349,0.0,0.0,0,0,1,1,1,8.397279,0,0,0,1,0,0.4055964,0.0,,0,0,0,0.0,0,0.0,-1,1,0,1,train
1,PAYMENT,2168.8,C453671855,653735.0,651566.2,M1648458262,0.0,0.0,0,0,1,1,1,7.68239,0,0,0,1,0,0.003317547,0.0,,0,0,0,0.0,0,0.0,-1,1,0,1,train
1,PAYMENT,10059.7,C52451302,10776.0,716.3,M650013863,0.0,0.0,0,0,1,1,1,9.216392,0,0,0,1,0,0.9334416,-6.82121e-13,,0,0,0,0.0,0,0.0,-1,1,0,1,train
1,PAYMENT,8092.1,C1856093404,1302.0,0.0,M123337428,0.0,0.0,0,0,1,1,1,8.998767,0,0,0,1,0,6.2103605,-6790.1,,1,0,0,0.0,0,0.0,-1,1,0,1,train
1,PAYMENT,11770.54,C105321150,255488.0,243717.46,M1397333381,0.0,0.0,0,0,1,1,1,9.37344,0,0,0,1,0,0.04607063,0.0,,0,0,0,0.0,0,0.0,-1,1,0,1,train
1,PAYMENT,1576.78,C820878444,18417.0,16840.22,M2016038911,0.0,0.0,0,0,1,1,1,7.3637743,0,0,0,1,0,0.085610814,0.0,,0,0,0,0.0,0,0.0,-1,1,0,1,train
1,PAYMENT,320.53,C1187410086,16482.0,16161.47,M1509713998,0.0,0.0,0,0,1,1,1,5.773091,0,0,0,1,0,0.019446095,0.0,,0,0,0,0.0,0,0.0,-1,1,0,1,train
1,DEBIT,3390.74,C95322593,48021.0,44630.26,C1336996537,9463.0,0.0,0,0,1,1,1,8.129098,0,0,1,0,0,0.07060806,0.0,-12853.74,0,0,0,0.0,0,0.0,-1,1,0,1,train
1,PAYMENT,2736.35,C802255644,22626.55,19890.19,M1525114112,0.0,0.0,0,0,1,1,1,7.914746,0,0,0,1,0,0.120930016,0.01,,0,0,0,0.0,0,0.0,-1,1,0,1,train
1,PAYMENT,6029.92,C1617156106,19890.19,13860.27,M288615534,0.0,0.0,0,0,1,1,1,8.704655,0,0,0,1,0,0.30314526,-1.8189894e-12,,0,0,0,0.0,0,0.0,-1,1,0,1,train
1,PAYMENT,7506.65,C895366343,13860.27,6353.62,M1416665097,0.0,0.0,0,0,1,1,1,8.923677,0,0,0,1,0,0.5415557,9.094947e-13,,0,0,0,0.0,0,0.0,-1,1,0,1,train
1,PAYMENT,12621.09,C707635461,112421.0,99799.91,M619929778,0.0,0.0,0,0,1,1,1,9.443204,0,0,0,1,0,0.112265304,0.0,,0,0,0,0.0,0,0.0,-1,1,0,1,train
1,PAYMENT,1582.67,C1624211687,14528.0,12945.33,M808447015,0.0,0.0,0,0,1,1,1,7.3675003,0,0,0,1,0,0.108931795,0.0,,0,0,0,0.0,0,0.0,-1,1,0,1,train
1,PAYMENT,881.26,C1997344422,5386.0,4504.74,M1220806149,0.0,0.0,0,0,1,1,1,6.782487,0,0,0,1,0,0.16359012,0.0,,0,0,0,0.0,0,0.0,-1,1,0,1,train
1,DEBIT,4651.67,C1410367298,35210.0,30558.33,C824208363,50204.54,0.0,0,0,1,1,1,8.445196,0,0,1,0,0,0.13210844,0.0,-54856.21,0,0,0,0.0,0,0.0,-1,1,0,1,train
1,PAYMENT,8074.16,C454160179,21495.0,13420.84,M74885833,0.0,0.0,0,0,1,1,1,8.996548,0,0,0,1,0,0.3756122,0.0,,0,0,0,0.0,0,0.0,-1,1,0,1,train
1,PAYMENT,4337.08,C1827303532,13420.84,9083.76,M1004009692,0.0,0.0,0,0,1,1,1,8.375187,0,0,0,1,0,0.32313603,0.0,,0,0,0,0.0,0,0.0,-1,1,0,1,train
1,DEBIT,429.42,C791408866,46064.0,45634.58,C1793436274,31281.0,14566.06,0,0,1,1,1,6.0647616,0,0,1,0,0,0.009322045,0.0,-17144.36,0,0,0,0.0,0,0.0,-1,1,0,1,train
1,PAYMENT,7645.96,C515520300,1798.0,0.0,M569138567,0.0,0.0,0,0,1,1,1,8.942063,0,0,0,1,0,4.250117,-5847.96,,1,0,0,0.0,0,0.0,-1,1,0,1,train
1,TRANSFER,221654.28,C637091966,22377.0,0.0,C476800120,31493.45,49864.36,0,0,1,1,1,12.308879,0,0,0,0,1,9.905008,-199277.28,-203283.38,1,0,0,0.0,0,0.0,-1,1,0,1,train
1,PAYMENT,10932.41,C1428494531,0.0,0.0,M443110940,0.0,0.0,0,0,1,1,1,9.299579,0,0,0,1,0,10932.41,-10932.41,,0,0,0,0.0,0,0.0,-1,1,0,1,train
1,PAYMENT,4518.42,C1504321715,8790.0,4271.58,M910123336,0.0,0.0,0,0,1,1,1,8.416139,0,0,0,1,0,0.5139825,0.0,,0,0,0,0.0,0,0.0,-1,1,0,1,train
1,PAYMENT,1616.52,C1260487756,50396.0,48779.48,M455668354,0.0,0.0,0,0,1,1,1,7.3886495,0,0,0,1,0,0.032075718,0.0,,0,0,0,0.0,0,0.0,-1,1,0,1,train
1,PAYMENT,3545.37,C328197868,98028.0,94482.63,M1584918772,0.0,0.0,0,0,1,1,1,8.173679,0,0,0,1,0,0.03616654,0.0,,0,0,0,0.0,0,0.0,-1,1,0,1,train
1,CASH_IN,159334.62,C431164562,1746897.72,1906232.33,C242131142,15735.13,0.0,0,0,1,1,1,11.978768,1,0,0,0,0,0.09120999,-318669.22,-175069.75,0,0,0,0.0,0,0.0,-1,1,0,1,train
1,CASH_OUT,334262.17,C1163088324,1906232.33,1571970.16,C985934102,1288904.4,971418.91,0,0,1,1,1,12.719684,0,1,0,0,0,0.17535219,2.3283064e-10,-651747.7,0,0,0,0.0,0,0.0,-1,1,0,1,train
1,PAYMENT,5403.87,C696739588,14404.0,9000.13,M1209451152,0.0,0.0,0,0,1,1,1,8.595056,0,0,0,1,0,0.3751385,1.8189894e-12,,0,0,0,0.0,0,0.0,-1,1,0,1,train
1,PAYMENT,13288.84,C1228963996,21745.0,8456.16,M373437697,0.0,0.0,0,0,1,1,1,9.494755,0,0,0,1,0,0.6110935,0.0,,0,0,0,0.0,0,0.0,-1,1,0,1,train
1,PAYMENT,7079.24,C82825098,13878.66,6799.42,M2048102341,0.0,0.0,0,0,1,1,1,8.865063,0,0,0,1,0,0.5100442,0.0,,0,0,0,0.0,0,0.0,-1,1,0,1,train
1,PAYMENT,4451.95,C932885627,6799.42,2347.47,M813131188,0.0,0.0,0,0,1,1,1,8.401322,0,0,0,1,0,0.6546581,4.5474735e-13,,0,0,0,0.0,0,0.0,-1,1,0,1,train
1,PAYMENT,25554.79,C1251897263,2347.47,0.0,M748006558,0.0,0.0,0,0,1,1,1,10.14862,0,0,0,1,0,10.881463,-23207.32,,1,0,0,0.0,0,0.0,-1,1,0,1,train
1,PAYMENT,6757.51,C1313799195,20874.0,14116.49,M1168079523,0.0,0.0,0,0,1,1,1,8.818558,0,0,0,1,0,0.32371306,0.0,,0,0,0,0.0,0,0.0,-1,1,0,1,train
1,PAYMENT,2756.3,C2093319848,27839.46,25083.17,M2109027570,0.0,0.0,0,0,1,1,1,7.922007,0,0,0,1,0,0.09900339,-0.01,,0,0,0,0.0,0,0.0,-1,1,0,1,train
1,PAYMENT,4163.82,C1151512955,25083.17,20919.34,M2052489518,0.0,0.0,0,0,1,1,1,8.334429,0,0,0,1,0,0.16599393,0.01,,0,0,0,0.0,0,0.0,-1,1,0,1,train
1,DEBIT,5416.8,C712423434,51206.0,45789.2,C1321530272,19346.0,23174.68,0,0,1,1,1,8.5974455,0,0,1,0,0,0.10578241,0.0,-1588.12,0,0,0,0.0,0,0.0,-1,1,0,1,train
1,PAYMENT,8356.44,C2125470482,26806.0,18449.56,M793269462,0.0,0.0,0,0,1,1,1,9.030908,0,0,0,1,0,0.31172603,-3.637979e-12,,0,0,0,0.0,0,0.0,-1,1,0,1,train
1,DEBIT,7257.7,C1641672672,1369271.13,1362013.43,C461160828,13711.0,17860.54,0,0,1,1,1,8.889956,0,0,1,0,0,0.0053004073,0.0,-3108.16,0,0,0,0.0,0,0.0,-1,1,0,1,train
1,PAYMENT,5570.5,C2121317689,1362013.43,1356442.93,M15094126,0.0,0.0,0,0,1,1,1,8.62542,0,0,0,1,0,0.004089898,0.0,,0,0,0,0.0,0,0.0,-1,1,0,1,train
1,PAYMENT,9181.99,C1843743552,1356442.93,1347260.94,M1139609587,0.0,0.0,0,0,1,1,1,9.125108,0,0,0,1,0,0.006769163,0.0,,0,0,0,0.0,0,0.0,-1,1,0,1,train
1,PAYMENT,663.34,C948960194,1347260.94,1346597.6,M173060252,0.0,0.0,0,0,1,1,1,6.498794,0,0,0,1,0,0.00049236155,-2.3283064e-10,,0,0,0,0.0,0,0.0,-1,1,0,1,train
1,PAYMENT,1532.35,C1302877661,1346597.6,1345065.25,M1720797452,0.0,0.0,0,0,1,1,1,7.3352103,0,0,0,1,0,0.0011379411,0.0,,0,0,0,0.0,0,0.0,-1,1,0,1,train
1,PAYMENT,1180.55,C562561015,1345065.25,1343884.7,M777813771,0.0,0.0,0,0,1,1,1,7.0745826,0,0,0,1,0,0.0008776891,0.0,,0,0,0,0.0,0,0.0,-1,1,0,1,train
1,PAYMENT,7950.29,C567656864,1343884.7,1335934.41,M1306535359,0.0,0.0,0,0,1,1,1,8.98109,0,0,0,1,0,0.0059158974,0.0,,0,0,0,0.0,0,0.0,-1,1,0,1,train
1,PAYMENT,5334.81,C1401295795,1335934.41,1330599.59,M519019247,0.0,0.0,0,0,1,1,1,8.582196,0,0,0,1,0,0.003993314,0.01,,0,0,0,0.0,0,0.0,-1,1,0,1,train
1,PAYMENT,760.21,C288919635,1330599.59,1329839.38,M1572442646,0.0,0.0,0,0,1,1,1,6.634909,0,0,0,1,0,0.00057132845,2.3283064e-10,,0,0,0,0.0,0,0.0,-1,1,0,1,train
1,PAYMENT,1697.56,C1052842393,610733.41,609035.85,M1545327692,0.0,0.0,0,0,1,1,1,7.4375362,0,0,0,1,0,0.0027795387,0.0,,0,0,0,0.0,0,0.0,-1,1,0,1,train
1,PAYMENT,112.56,C167013780,609035.85,608923.29,M416049054,0.0,0.0,0,0,1,1,1,4.7323313,0,0,0,1,0,0.00018481641,-1.1641532e-10,,0,0,0,0.0,0,0.0,-1,1,0,1,train
1,PAYMENT,13373.96,C779598031,608923.29,595549.33,M743219449,0.0,0.0,0,0,1,1,1,9.50114,0,0,0,1,0,0.021963255,1.1641532e-10,,0,0,0,0.0,0,0.0,-1,1,0,1,train
1,DEBIT,6606.47,C108982313,1862.0,0.0,C1870252780,18868.96,46462.23,0,0,1,1,1,8.795956,0,0,1,0,0,3.546146,-4744.47,20986.8,1,0,0,0.0,0,0.0,-1,1,0,1,train
1,CASH_OUT,208501.33,C2113243119,0.0,0.0,C1816757085,8698085.64,10681238.79,0,0,1,1,1,12.247705,0,1,0,0,0,208501.33,-208501.33,1.7746519e+06,0,0,0,0.0,0,0.0,-1,1,0,1,train
1,PAYMENT,1045.63,C1851255134,26411.48,25365.85,M659937029,0.0,0.0,0,0,1,1,1,6.953331,0,0,0,1,0,0.03958848,0.0,,0,0,0,0.0,0,0.0,-1,1,0,1,train
1,CASH_OUT,363482.02,C1457226878,25365.85,0.0,C1899073220,480622.13,420946.86,0,0,1,1,1,12.803488,0,1,0,0,0,14.329017,-338116.16,-423157.28,1,0,0,0.0,0,0.0,-1,1,0,1,train
1,DEBIT,2935.86,C121678773,41256.0,38320.14,C1259769769,18899.88,252055.24,0,0,1,1,1,7.9850965,0,0,1,0,0,0.07116029,0.0,230219.5,0,0,0,0.0,0,0.0,-1,1,0,1,train
1,CASH_IN,88626.65,C1443675930,39083.0,127709.65,C403147759,13360.0,0.0,0,0,1,1,1,11.3921995,1,0,0,0,0,2.267594,-177253.3,-101986.65,0,0,0,0.0,0,0.0,-1,1,0,1,train
1,CASH_OUT,540789.56,C1609086753,18130.0,0.0,C1023714065,1538532.42,1412484.09,0,0,1,1,1,13.200788,0,1,0,0,0,29.826792,-522659.56,-666837.9,1,0,0,0.0,0,0.0,-1,1,0,1,train
1,PAYMENT,10430.39,C1427775702,73364.91,62934.52,M1468343491,0.0,0.0,0,0,1,1,1,9.252575,0,0,0,1,0,0.14216943,7.275958e-12,,0,0,0,0.0,0,0.0,-1,1,0,1,train
1,PAYMENT,4279.07,C1690481990,62934.52,58655.45,M2114537280,0.0,0.0,0,0,1,1,1,8.361725,0,0,0,1,0,0.06799133,0.0,,0,0,0,0.0,0,0.0,-1,1,0,1,train
1,PAYMENT,3537.25,C2047984839,58655.45,55118.2,M80499834,0.0,0.0,0,0,1,1,1,8.171388,0,0,0,1,0,0.060304537,0.0,,0,0,0,0.0,0,0.0,-1,1,0,1,train
1,TRANSFER,66225.76,C1968552224,11642.0,0.0,C367746789,16946.28,0.0,0,0,1,1,1,11.10084,0,0,0,0,1,5.688032,-54583.76,-83172.04,1,0,0,0.0,0,0.0,-1,1,0,1,train
1,PAYMENT,964.77,C1095947149,28820.0,27855.23,M898695324,0.0,0.0,0,0,1,1,1,6.8729258,0,0,0,1,0,0.03347455,0.0,,0,0,0,0.0,0,0.0,-1,1,0,1,train
1,PAYMENT,12178.51,C1402531280,0.0,0.0,M190628410,0.0,0.0,0,0,1,1,1,9.407511,0,0,0,1,0,12178.51,-12178.51,,0,0,0,0.0,0,0.0,-1,1,0,1,train
1,CASH_OUT,310157.55,C1556461159,0.0,0.0,C1590550415,19105114.55,19169204.93,0,0,1,1,1,12.644839,0,1,0,0,0,310157.56,-310157.56,-246067.17,0,0,0,0.0,0,0.0,-1,1,0,1,train
1,PAYMENT,2272.54,C1642973315,39494.0,37221.46,M1972326147,0.0,0.0,0,0,1,1,1,7.7290936,0,0,0,1,0,0.057539944,0.0,,0,0,0,0.0,0,0.0,-1,1,0,1,train
1,PAYMENT,6078.56,C405741210,16124.0,10045.44,M1764291958,0.0,0.0,0,0,1,1,1,8.7126875,0,0,0,1,0,0.37696496,-1.8189894e-12,,0,0,0,0.0,0,0.0,-1,1,0,1,train
1,PAYMENT,4108.8,C1712230656,12083.0,7974.2,M1777745301,0.0,0.0,0,0,1,1,1,8.32113,0,0,0,1,0,0.34001985,0.0,,0,0,0,0.0,0,0.0,-1,1,0,1,train
1,PAYMENT,2671.31,C164439551,57811.0,55139.69,M669053685,0.0,0.0,0,0,1,1,1,7.8906984,0,0,0,1,0,0.046206843,0.0,,0,0,0,0.0,0,0.0,-1,1,0,1,train
1,PAYMENT,12426.38,C896852376,32300.0,19873.62,M1840670774,0.0,0.0,0,0,1,1,1,9.427657,0,0,0,1,0,0.38470572,3.637979e-12,,0,0,0,0.0,0,0.0,-1,1,0,1,train
1,PAYMENT,17373.04,C229919394,19873.62,2500.58,M769877691,0.0,0.0,0,0,1,1,1,9.7627325,0,0,0,1,0,0.8741319,-1.8189894e-12,,0,0,0,0.0,0,0.0,-1,1,0,1,train
1,PAYMENT,7272.63,C1057569470,85719.0,78446.37,M1637876401,0.0,0.0,0,0,1,1,1,8.892011,0,0,0,1,0,0.08484169,0.0,,0,0,0,0.0,0,0.0,-1,1,0,1,train
1,PAYMENT,6548.43,C1324262781,204316.0,197767.57,M2014233765,0.0,0.0,0,0,1,1,1,8.787133,0,0,0,1,0,0.032050345,0.0,,0,0,0,0.0,0,0.0,-1,1,0,1,train
1,PAYMENT,2644.63,C237297104,117.0,0.0,M1869673263,0.0,0.0,0,0,1,1,1,7.8806643,0,0,0,1,0,22.412119,-2527.63,,1,0,0,0.0,0,0.0,-1,1,0,1,train
1,PAYMENT,6776.93,C1418622705,5031.0,0.0,M1521204009,0.0,0.0,0,0,1,1,1,8.821427,0,0,0,1,0,1.3467667,-1745.93,,1,0,0,0.0,0,0.0,-1,1,0,1,train
1,PAYMENT,1810.41,C1925785585,0.0,0.0,M449338124,0.0,0.0,0,0,1,1,1,7.5018606,0,0,0,1,0,1810.41,-1810.41,,0,0,0,0.0,0,0.0,-1,1,0,1,train
1,DEBIT,2586.39,C1037475674,29859.0,27272.61,C392292416,2013609.89,3420103.09,0,0,1,1,1,7.858405,0,0,1,0,0,0.08661722,0.0,1.4039068e+06,0,0,0,0.0,0,0.0,-1,1,0,1,train
1,TRANSFER,47564.74,C983767354,359.21,0.0,C1671179293,82250.0,58319.72,0,0,1,1,1,10.769868,0,0,0,0,1,132.04726,-47205.53,-71495.02,1,0,0,0.0,0,0.0,-1,1,0,1,train
1,PAYMENT,5485.04,C32393008,0.0,0.0,M1504083002,0.0,0.0,0,0,1,1,1,8.6099615,0,0,0,1,0,5485.04,-5485.04,,0,0,0,0.0,0,0.0,-1,1,0,1,train
1,DEBIT,2644.54,C1342374939,39695.0,37050.46,C1948471365,63960.0,18627.02,0,0,1,1,1,7.8806305,0,0,1,0,0,0.06661981,0.0,-47977.52,0,0,0,0.0,0,0.0,-1,1,0,1,train
1,PAYMENT,9361.47,C1917562344,31909.0,22547.53,M24097622,0.0,0.0,0,0,1,1,1,9.1444645,0,0,0,1,0,0.29337105,0.0,,0,0,0,0.0,0,0.0,-1,1,0,1,train
1,PAYMENT,1193.24,C1807894765,280.0,0.0,M598325842,0.0,0.0,0,0,1,1,1,7.085265,0,0,0,1,0,4.2464056,-913.24,,1,0,0,0.0,0,0.0,-1,1,0,1,train
1,DEBIT,9549.7,C211973922,130.0,0.0,C728885526,36655.0,897150.84,0,0,1,1,1,9.16437,0,0,1,0,0,72.898476,-9419.7,850946.1,1,0,0,0.0,0,0.0,-1,1,0,1,train
1,CASH_OUT,593.4,C1890287843,0.0,0.0,C1123629720,149933.66,46393.85,0,0,1,1,1,6.3875523,0,1,0,0,0,593.4,-593.4,-104133.21,0,0,0,0.0,0,0.0,-1,1,0,1,train
1,PAYMENT,1122.14,C156711739,30206.0,29083.86,M1732410217,0.0,0.0,0,0,1,1,1,7.023884,0,0,0,1,0,0.03714834,0.0,,0,0,0,0.0,0,0.0,-1,1,0,1,train
1,TRANSFER,264361.19,C2017860548,29083.86,0.0,C716083600,1277212.77,2444985.19,0,0,1,1,1,12.485075,0,0,0,0,1,9.089306,-235277.33,903411.25,1,0,0,0.0,0,0.0,-1,1,0,1,train
1,PAYMENT,8148.08,C1413886135,5451.0,0.0,M1693997031,0.0,0.0,0,0,1,1,1,9.00566,0,0,0,1,0,1.4945121,-2697.08,,1,0,0,0.0,0,0.0,-1,1,0,1,train
1,PAYMENT,8264.22,C278262050,172650.0,164385.78,M1489322191,0.0,0.0,0,0,1,1,1,9.019812,0,0,0,1,0,0.04786662,0.0,,0,0,0,0.0,0,0.0,-1,1,0,1,train
1,PAYMENT,3393.22,C1029898472,340661.0,337267.78,M461516748,0.0,0.0,0,0,1,1,1,8.129829,0,0,0,1,0,0.009960664,0.0,,0,0,0,0.0,0,0.0,-1,1,0,1,train
1,PAYMENT,2392.53,C614580607,104141.0,101748.47,M1443900956,0.0,0.0,0,0,1,1,1,7.7805247,0,0,0,1,0,0.022973727,0.0,,0,0,0,0.0,0,0.0,-1,1,0,1,train
1,PAYMENT,5324.43,C1934692470,482008.15,476683.72,M2032647583,0.0,0.0,0,0,1,1,1,8.580249,0,0,0,1,0,0.011046326,5.820766e-11,,0,0,0,0.0,0,0.0,-1,1,0,1,train
1,CASH_OUT,160700.51,C1395073533,476683.72,315983.22,C557041912,438917.02,557537.26,0,0,1,1,1,11.987304,0,1,0,0,0,0.33712116,-0.01,-42080.27,0,0,0,0.0,0,0.0,-1,1,0,1,train
1,DEBIT,8901.32,C68195659,8687.52,0.0,C240650537,13182.08,0.0,0,0,1,1,1,9.094068,0,0,1,0,0,1.0244921,-213.8,-22083.4,1,0,0,0.0,0,0.0,-1,1,0,1,train
1,CASH_OUT,9864.23,C2142893855,0.0,0.0,C1254526270,15207.22,0.0,0,0,1,1,1,9.196772,0,1,0,0,0,9864.23,-9864.23,-25071.45,0,0,0,0.0,0,0.0,-1,1,0,1,train
1,PAYMENT,8791.02,C993420850,41330.0,32538.98,M1374982240,0.0,0.0,0,0,1,1,1,9.0816,0,0,0,1,0,0.21269797,0.0,,0,0,0,0.0,0,0.0,-1,1,0,1,train
1,TRANSFER,35063.63,C1364127192,35063.63,0.0,C1136419747,0.0,0.0,1,0,1,1,1,10.464949,0,0,0,0,1,0.9999715,0.0,-35063.63,1,1,0,0.0,0,0.0,-1,1,0,1,train
1,CASH_OUT,35063.63,C1635772897,35063.63,0.0,C1983025922,31140.0,7550.03,1,0,1,1,1,10.464949,0,1,0,0,0,0.9999715,0.0,-58653.6,1,0,0,0.0,0,0.0,-1,1,0,1,train
1,PAYMENT,1066.04,C1768952842,50240.0,49173.96,M485686996,0.0,0.0,0,0,1,1,1,6.972644,0,0,0,1,0,0.021218527,0.0,,0,0,0,0.0,0,0.0,-1,1,0,1,train
1,DEBIT,5430.64,C989126847,5656.75,226.11,C1526298704,244233.08,32092.07,0,0,1,1,1,8.599997,0,0,1,0,0,0.9598586,-3.410605e-13,-217571.66,0,0,0,0.0,0,0.0,-1,1,0,1,train
1,CASH_OUT,161796.96,C609887969,226.11,0.0,C985934102,1623166.58,971418.91,0,0,1,1,1,11.994103,0,1,0,0,0,712.4167,-161570.84,-813544.6,1,0,0,0.0,0,0.0,-1,1,0,1,train
1,CASH_OUT,107292.25,C1298380324,0.0,0.0,C1096283470,199498.92,0.0,0,0,1,1,1,11.583321,0,1,0,0,0,107292.25,-107292.25,-306791.16,0,0,0,0.0,0,0.0,-1,1,0,1,train
1,PAYMENT,6488.6,C1181545730,82949.0,76460.4,M1535116392,0.0,0.0,0,0,1,1,1,8.777956,0,0,0,1,0,0.07822303,0.0,,0,0,0,0.0,0,0.0,-1,1,0,1,train
1,PAYMENT,1617.97,C773348567,22083.39,20465.43,M2115640742,0.0,0.0,0,0,1,1,1,7.3895454,0,0,0,1,0,0.073263064,-0.01,,0,0,0,0.0,0,0.0,-1,1,0,1,train
1,CASH_OUT,427175.03,C1602167682,20465.43,0.0,C248609774,3404364.13,6453430.91,0,0,1,1,1,12.9649515,0,1,0,0,0,20.871986,-406709.6,2.6218918e+06,1,0,0,0.0,0,0.0,-1,1,0,1,train
1,DEBIT,6765.12,C67620673,50317.0,43551.88,C1122805102,16803.8,23568.91,0,0,1,1,1,8.819683,0,0,1,0,0,0.13444732,0.0,-0.01,0,0,0,0.0,0,0.0,-1,1,0,1,train
1,DEBIT,3269.72,C1746257394,22906.25,19636.54,C793315160,25808.5,139915.18,0,0,1,1,1,8.092766,0,0,1,0,0,0.14273734,-0.01,110836.96,0,0,0,0.0,0,0.0,-1,1,0,1,train
1,PAYMENT,9499.4,C1187779195,19636.54,10137.14,M1611221523,0.0,0.0,0,0,1,1,1,9.159089,0,0,0,1,0,0.48373675,1.8189894e-12,,0,0,0,0.0,0,0.0,-1,1,0,1,train
1,PAYMENT,865.77,C1523510420,0.0,0.0,M473073770,0.0,0.0,0,0,1,1,1,6.764774,0,0,0,1,0,865.77,-865.77,,0,0,0,0.0,0,0.0,-1,1,0,1,train
1,CASH_OUT,151096.79,C977997405,0.0,0.0,C1049817027,463533.54,60738.03,0,0,1,1,1,11.925682,0,1,0,0,0,151096.8,-151096.8,-553892.3,0,0,0,0.0,0,0.0,-1,1,0,1,train
1,DEBIT,4244.4,C280531669,6055.0,1810.6,C1360767589,1842542.65,2107965.39,0,0,1,1,1,8.353591,0,0,1,0,0,0.70085865,4.5474735e-13,261178.34,0,0,0,0.0,0,0.0,-1,1,0,1,train
1,PAYMENT,885.9,C1027569178,1810.6,924.7,M893835279,0.0,0.0,0,0,1,1,1,6.787732,0,0,0,1,0,0.48901522,-1.1368684e-13,,0,0,0,0.0,0,0.0,-1,1,0,1,train
1,PAYMENT,4322.17,C1469907228,51141.0,46818.83,M57085696,0.0,0.0,0,0,1,1,1,8.371744,0,0,0,1,0,0.08451312,0.0,,0,0,0,0.0,0,0.0,-1,1,0,1,train
1,PAYMENT,7664.12,C1160652496,129.0,0.0,M1185618138,0.0,0.0,0,0,1,1,1,8.944435,0,0,0,1,0,58.95477,-7535.12,,1,0,0,0.0,0,0.0,-1,1,0,1,train
1,PAYMENT,3644.85,C2030138610,24111.0,20466.15,M1109752797,0.0,0.0,0,0,1,1,1,8.2013445,0,0,0,1,0,0.15116332,0.0,,0,0,0,0.0,0,0.0,-1,1,0,1,train
1,PAYMENT,12462.9,C1988746735,33180.0,20717.1,M1752856108,0.0,0.0,0,0,1,1,1,9.430592,0,0,0,1,0,0.3756035,0.0,,0,0,0,0.0,0,0.0,-1,1,0,1,train
1,PAYMENT,3014.54,C439232821,15485.0,12470.46,M1933328958,0.0,0.0,0,0,1,1,1,8.011534,0,0,0,1,0,0.19466227,0.0,,0,0,0,0.0,0,0.0,-1,1,0,1,train
1,PAYMENT,5880.33,C1264754451,11593.0,5712.67,M1888639813,0.0,0.0,0,0,1,1,1,8.679538,0,0,0,1,0,0.50718737,0.0,,0,0,0,0.0,0,0.0,-1,1,0,1,train
1,PAYMENT,14025.72,C463381475,20309.0,6283.28,M178401052,0.0,0.0,0,0,1,1,1,9.548719,0,0,0,1,0,0.690582,9.094947e-13,,0,0,0,0.0,0,0.0,-1,1,0,1,train
1,PAYMENT,12187.88,C1441243996,22472.0,10284.12,M936219350,0.0,0.0,0,0,1,1,1,9.408279,0,0,0,1,0,0.5423344,0.0,,0,0,0,0.0,0,0.0,-1,1,0,1,train
1,PAYMENT,10777.89,C1495445111,105804.0,95026.11,M1113829504,0.0,0.0,0,0,1,1,1,9.285345,0,0,0,1,0,0.101865605,0.0,,0,0,0,0.0,0,0.0,-1,1,0,1,train
1,PAYMENT,708.82,C720770771,43324.0,42615.18,M1911978617,0.0,0.0,0,0,1,1,1,6.5650115,0,0,0,1,0,0.01636053,0.0,,0,0,0,0.0,0,0.0,-1,1,0,1,train
1,DEBIT,5633.3,C1038820134,61694.0,56060.7,C1961176822,49578.0,0.0,0,0,1,1,1,8.636628,0,0,1,0,0,0.091308855,0.0,-55211.3,0,0,0,0.0,0,0.0,-1,1,0,1,train
1,PAYMENT,2223.41,C1658020779,17.0,0.0,M2022285740,0.0,0.0,0,0,1,1,1,7.707247,0,0,0,1,0,123.52278,-2206.41,,1,0,0,0.0,0,0.0,-1,1,0,1,train
1,PAYMENT,2195.63,C988690806,9320.0,7124.37,M1593368350,0.0,0.0,0,0,1,1,1,7.6946797,0,0,0,1,0,0.23555735,0.0,,0,0,0,0.0,0,0.0,-1,1,0,1,train
1,DEBIT,1668.11,C667890001,1080.0,0.0,C673068808,17145.04,9672.67,0,0,1,1,1,7.420046,0,0,1,0,0,1.5431175,-588.11,-9140.48,1,0,0,0.0,0,0.0,-1,1,0,1,train
1,TRANSFER,281425.06,C310276293,0.0,0.0,C1831477404,299995.48,247063.16,0,0,1,1,1,12.547625,0,0,0,0,1,281425.06,-281425.06,-334357.38,0,0,0,0.0,0,0.0,-1,1,0,1,train
1,TRANSFER,18561.23,C1494277749,0.0,0.0,C1629911510,192136.35,15375.37,0,0,1,1,1,9.828884,0,0,0,0,1,18561.23,-18561.23,-195322.2,0,0,0,0.0,0,0.0,-1,1,0,1,train
1,TRANSFER,39069.42,C1091107430,0.0,0.0,C22805895,238390.23,651524.92,0,0,1,1,1,10.573121,0,0,0,0,1,39069.42,-39069.42,374065.28,0,0,0,0.0,0,0.0,-1,1,0,1,train
1,TRANSFER,63186.93,C521342639,0.0,0.0,C1123629720,150527.05,46393.85,0,0,1,1,1,11.053868,0,0,0,0,1,63186.93,-63186.93,-167320.12,0,0,0,0.0,0,0.0,-1,1,0,1,train
1,TRANSFER,419757.69,C2114629072,0.0,0.0,C998351292,559328.89,1015132.48,0,0,1,1,1,12.947435,0,0,0,0,1,419757.7,-419757.7,36045.9,0,0,0,0.0,0,0.0,-1,1,0,1,train
1,TRANSFER,127920.4,C557197074,0.0,0.0,C977993101,330781.11,965870.05,0,0,1,1,1,11.7591715,0,0,0,0,1,127920.4,-127920.4,507168.53,0,0,0,0.0,0,0.0,-1,1,0,1,train
1,TRANSFER,11136.72,C669725336,0.0,0.0,C1782580546,16180.11,27316.83,0,0,1,1,1,9.318093,0,0,0,0,1,11136.72,-11136.72,1.8189894e-12,0,0,0,0.0,0,0.0,-1,1,0,1,train
1,TRANSFER,33782.98,C537536188,0.0,0.0,C1973538135,39134.79,16896.7,0,0,1,1,1,10.427742,0,0,0,0,1,33782.98,-33782.98,-56021.07,0,0,0,0.0,0,0.0,-1,1,0,1,train
1,TRANSFER,3776389.09,C197491520,0.0,0.0,C1883840933,10138670.86,16874643.09,0,0,1,1,1,15.1442795,0,0,0,0,1,3.776389e+06,-3.776389e+06,2.9595832e+06,0,0,0,0.0,0,0.0,-1,1,0,1,train
1,TRANSFER,1127058.69,C458998685,0.0,0.0,C453211571,1517620.71,3461666.05,0,0,1,1,1,13.9351225,0,0,0,0,1,1.1270588e+06,-1.1270588e+06,816986.6,0,0,0,0.0,0,0.0,-1,1,0,1,train
1,TRANSFER,112401.53,C1700421020,0.0,0.0,C1688019098,259740.13,97263.78,0,0,1,1,1,11.629842,0,0,0,0,1,112401.53,-112401.53,-274877.88,0,0,0,0.0,0,0.0,-1,1,0,1,train
1,TRANSFER,668237.36,C345290829,0.0,0.0,C1789550256,2115891.91,4619798.56,0,0,1,1,1,13.4124,0,0,0,0,1,668237.4,-668237.4,1.8356692e+06,0,0,0,0.0,0,0.0,-1,1,0,1,train
1,TRANSFER,789419.02,C883678948,0.0,0.0,C1286084959,1967540.22,2107778.11,0,0,1,1,1,13.579054,0,0,0,0,1,789419.0,-789419.0,-649181.1,0,0,0,0.0,0,0.0,-1,1,0,1,train
1,TRANSFER,569068.84,C1906947271,0.0,0.0,C1782113663,1001253.72,3997768.55,0,0,1,1,1,13.251759,0,0,0,0,1,569068.8,-569068.8,2.427446e+06,0,0,0,0.0,0,0.0,-1,1,0,1,train
1,TRANSFER,682894.68,C1177072083,0.0,0.0,C1023714065,2079321.97,1412484.09,0,0,1,1,1,13.434097,0,0,0,0,1,682894.7,-682894.7,-1.3497325e+06,0,0,0,0.0,0,0.0,-1,1,0,1,train
1,TRANSFER,443116.03,C2010070923,0.0,0.0,C564160838,1299990.45,1254956.07,0,0,1,1,1,13.001589,0,0,0,0,1,443116.03,-443116.03,-488150.4,0,0,0,0.0,0,0.0,-1,1,0,1,train
1,TRANSFER,3942.44,C502891368,0.0,0.0,C1225616405,25716.56,0.0,0,0,1,1,1,8.279809,0,0,0,0,1,3942.44,-3942.44,-29659.0,0,0,0,0.0,0,0.0,-1,1,0,1,train
1,TRANSFER,539430.95,C566891420,0.0,0.0,C1750905143,595549.33,424250.45,0,0,1,1,1,13.198272,0,0,0,0,1,539430.94,-539430.94,-710729.8,0,0,0,0.0,0,0.0,-1,1,0,1,train
1,TRANSFER,598782.65,C577734751,0.0,0.0,C453211571,2644679.4,3461666.05,0,0,1,1,1,13.302655,0,0,0,0,1,598782.6,-598782.6,218204.0,0,0,0,0.0,0,0.0,-1,1,0,1,train
1,TRANSFER,600581.61,C752011518,0.0,0.0,C1782113663,1570322.56,3997768.55,0,0,1,1,1,13.3056555,0,0,0,0,1,600581.6,-600581.6,1.8268644e+06,0,0,0,0.0,0,0.0,-1,1,0,1,train
1,TRANSFER,221297.05,C2103569615,0.0,0.0,C1318822808,595455.57,500631.71,0,0,1,1,1,12.307265,0,0,0,0,1,221297.05,-221297.05,-316120.9,0,0,0,0.0,0,0.0,-1,1,0,1,train
1,TRANSFER,249592.99,C214320652,0.0,0.0,C1318822808,816752.62,500631.71,0,0,1,1,1,12.42759,0,0,0,0,1,249592.98,-249592.98,-565713.9,0,0,0,0.0,0,0.0,-1,1,0,1,train
1,PAYMENT,5170.23,C1379207867,184781.0,179610.77,M1746578747,0.0,0.0,0,0,1,1,1,8.550866,0,0,0,1,0,0.02798016,0.0,,0,0,0,0.0,0,0.0,-1,1,0,1,train
1,PAYMENT,8553.73,C443491171,69404.0,60850.27,M606593028,0.0,0.0,0,0,1,1,1,9.054239,0,0,0,1,0,0.12324371,7.275958e-12,,0,0,0,0.0,0,0.0,-1,1,0,1,train
1,CASH_OUT,9980.32,C1589466857,12936.0,2955.68,C1018298342,0.0,9980.32,0,0,1,1,1,9.20847,0,1,0,0,0,0.7714555,4.5474735e-13,0.0,0,0,0,0.0,0,0.0,-1,1,0,1,train
1,PAYMENT,11982.62,C1676888944,22386.0,10403.38,M6559830,0.0,0.0,0,0,1,1,1,9.391296,0,0,0,1,0,0.53524905,0.0,,0,0,0,0.0,0,0.0,-1,1,0,1,train
1,DEBIT,2763.95,C458817438,60249.0,57485.05,C846947180,10137.14,12901.08,0,0,1,1,1,7.924778,0,0,1,0,0,0.04587469,0.0,-0.01,0,0,0,0.0,0,0.0,-1,1,0,1,train
1,CASH_OUT,265763.02,C795273218,57485.05,0.0,C985934102,1784963.53,971418.91,0,0,1,1,1,12.490364,0,1,0,0,0,4.623087,-208277.97,-1.0793076e+06,1,0,0,0.0,0,0.0,-1,1,0,1,train
1,PAYMENT,2364.01,C1454870101,31392.0,29027.99,M1982958205,0.0,0.0,0,0,1,1,1,7.7685375,0,0,0,1,0,0.07530373,-3.637979e-12,,0,0,0,0.0,0,0.0,-1,1,0,1,train
1,PAYMENT,1432.47,C709439274,7102.0,5669.53,M846718105,0.0,0.0,0,0,1,1,1,7.2678533,0,0,0,1,0,0.20167112,0.0,,0,0,0,0.0,0,0.0,-1,1,0,1,train
1,PAYMENT,233.76,C1482166692,54214.0,53980.24,M583015088,0.0,0.0,0,0,1,1,1,5.458564,0,0,0,1,0,0.004311722,0.0,,0,0,0,0.0,0,0.0,-1,1,0,1,train
1,PAYMENT,13259.12,C1091781053,581420.54,568161.42,M1280128554,0.0,0.0,0,0,1,1,1,9.4925165,0,0,0,1,0,0.022804659,0.0,,0,0,0,0.0,0,0.0,-1,1,0,1,train
1,PAYMENT,2364.34,C1409342262,568161.42,565797.08,M1991724700,0.0,0.0,0,0,1,1,1,7.768677,0,0,0,1,0,0.0041613807,1.1641532e-10,,0,0,0,0.0,0,0.0,-1,1,0,1,train
1,PAYMENT,3903.48,C762509150,11308.0,7404.52,M145455292,0.0,0.0,0,0,1,1,1,8.26988,0,0,0,1,0,0.3451658,0.0,,0,0,0,0.0,0,0.0,-1,1,0,1,train
1,TRANSFER,301298.69,C1520491508,213449.0,0.0,C662736689,25871.21,4891090.56,0,0,1,1,1,12.615861,0,0,0,0,1,1.4115657,-87849.69,4.5639205e+06,1,0,0,0.0,0,0.0,-1,1,0,1,train
1,PAYMENT,6623.21,C380616082,1036.0,0.0,M744316958,0.0,0.0,0,0,1,1,1,8.798487,0,0,0,1,0,6.3868947,-5587.21,,1,0,0,0.0,0,0.0,-1,1,0,1,train
1,DEBIT,1009.43,C2145420209,23322.0,22312.57,C1531333864,476138.03,55974.56,0,0,1,1,1,6.9181314,0,0,1,0,0,0.043280452,0.0,-421172.9,0,0,0,0.0,0,0.0,-1,1,0,1,train
1,PAYMENT,1639.33,C600017090,5912.0,4272.67,M1215029765,0.0,0.0,0,0,1,1,1,7.4026527,0,0,0,1,0,0.27724168,0.0,,0,0,0,0.0,0,0.0,-1,1,0,1,train
1,PAYMENT,2033.14,C259077766,186592.0,184558.86,M1962398162,0.0,0.0,0,0,1,1,1,7.6178284,0,0,0,1,0,0.010896121,0.0,,0,0,0,0.0,0,0.0,-1,1,0,1,train
1,TRANSFER,45864.43,C1263391254,10675.0,0.0,C85777802,42769.62,0.0,0,0,1,1,1,10.733467,0,0,0,0,1,4.2960315,-35189.43,-88634.05,1,0,0,0.0,0,0.0,-1,1,0,1,train
1,PAYMENT,11411.34,C1554086576,90587.0,79175.66,M1516417700,0.0,0.0,0,0,1,1,1,9.34245,0,0,0,1,0,0.12596966,0.0,,0,0,0,0.0,0,0.0,-1,1,0,1,train
1,PAYMENT,23.31,C273777019,45360.0,45336.69,M891894789,0.0,0.0,0,0,1,1,1,3.1908877,0,0,0,1,0,0.00051387755,0.0,,0,0,0,0.0,0,0.0,-1,1,0,1,train
1,PAYMENT,613.83,C1644864746,368.0,0.0,M766696861,0.0,0.0,0,0,1,1,1,6.4213457,0,0,0,1,0,1.6634959,-245.83,,1,0,0,0.0,0,0.0,-1,1,0,1,train
1,PAYMENT,7154.46,C829737737,10115.0,2960.54,M1296109622,0.0,0.0,0,0,1,1,1,8.875631,0,0,0,1,0,0.707242,0.0,,0,0,0,0.0,0,0.0,-1,1,0,1,train
1,PAYMENT,1091.54,C2061226112,74850.0,73758.46,M1103017075,0.0,0.0,0,0,1,1,1,6.9962606,0,0,0,1,0,0.014582838,0.0,,0,0,0,0.0,0,0.0,-1,1,0,1,train
1,PAYMENT,3193.99,C1443173326,29992.0,26798.01,M318794136,0.0,0.0,0,0,1,1,1,8.069339,0,0,0,1,0,0.10649118,3.637979e-12,,0,0,0,0.0,0,0.0,-1,1,0,1,train
1,PAYMENT,1849.56,C939254952,10426.0,8576.44,M55755528,0.0,0.0,0,0,1,1,1,7.5232434,0,0,0,1,0,0.1773818,0.0,,0,0,0,0.0,0,0.0,-1,1,0,1,train
1,PAYMENT,4170.82,C2100771791,31251.0,27080.18,M1835778392,0.0,0.0,0,0,1,1,1,8.336107,0,0,0,1,0,0.1334577,0.0,,0,0,0,0.0,0,0.0,-1,1,0,1,train
1,PAYMENT,4099.91,C98412281,21262.0,17162.09,M268599241,0.0,0.0,0,0,1,1,1,8.318964,0,0,0,1,0,0.19281898,0.0,,0,0,0,0.0,0,0.0,-1,1,0,1,train
1,PAYMENT,5923.01,C1420810053,6057.0,133.99,M1736293769,0.0,0.0,0,0,1,1,1,8.686769,0,0,0,1,0,0.97771704,-2.2737368e-13,,0,0,0,0.0,0,0.0,-1,1,0,1,train
1,TRANSFER,208376.61,C268379633,133.99,0.0,C716083600,1541573.96,2444985.19,0,0,1,1,1,12.2471075,0,0,0,0,1,1543.6448,-208242.62,695034.6,1,0,0,0.0,0,0.0,-1,1,0,1,train
1,TRANSFER,131033.44,C201392112,0.0,0.0,C1335050193,141691.68,353532.56,0,0,1,1,1,11.7832155,0,0,0,0,1,131033.44,-131033.44,80807.44,0,0,0,0.0,0,0.0,-1,1,0,1,train
1,TRANSFER,223848.92,C641664202,0.0,0.0,C1526298704,249663.72,32092.07,0,0,1,1,1,12.318731,0,0,0,0,1,223848.92,-223848.92,-441420.56,0,0,0,0.0,0,0.0,-1,1,0,1,train
1,TRANSFER,68332.36,C748975217,0.0,0.0,C1782113663,2170904.16,3997768.55,0,0,1,1,1,11.1321535,0,0,0,0,1,68332.36,-68332.36,1.758532e+06,0,0,0,0.0,0,0.0,-1,1,0,1,train
1,TRANSFER,205368.78,C1510087865,0.0,0.0,C985934102,2050726.55,971418.91,0,0,1,1,1,12.232568,0,0,0,0,1,205368.78,-205368.78,-1.2846764e+06,0,0,0,0.0,0,0.0,-1,1,0,1,train
1,TRANSFER,424141.36,C1366722422,0.0,0.0,C2083562754,763134.49,1186556.81,0,0,1,1,1,12.957825,0,0,0,0,1,424141.38,-424141.38,-719.04,0,0,0,0.0,0,0.0,-1,1,0,1,train
1,TRANSFER,373185.07,C254918854,0.0,0.0,C401424608,430989.2,1178808.14,0,0,1,1,1,12.829832,0,0,0,0,1,373185.06,-373185.06,374633.88,0,0,0,0.0,0,0.0,-1,1,0,1,train
1,TRANSFER,2258388.15,C12139181,0.0,0.0,C1789550256,2784129.27,4619798.56,0,0,1,1,1,14.630162,0,0,0,0,1,2.2583882e+06,-2.2583882e+06,-422718.88,0,0,0,0.0,0,0.0,-1,1,0,1,train
1,TRANSFER,250968.18,C1251219927,0.0,0.0,C1782113663,2239236.52,3997768.55,0,0,1,1,1,12.433085,0,0,0,0,1,250968.19,-250968.19,1.5075639e+06,0,0,0,0.0,0,0.0,-1,1,0,1,train
1,TRANSFER,19772.53,C792488644,0.0,0.0,C2094777811,44486.99,64259.52,0,0,1,1,1,9.892099,0,0,0,0,1,19772.53,-19772.53,0.0,0,0,0,0.0,0,0.0,-1,1,0,1,train
1,TRANSFER,43023.82,C780843029,0.0,0.0,C660143728,56750.45,42450.71,0,0,1,1,1,10.669533,0,0,0,0,1,43023.82,-43023.82,-57323.56,0,0,0,0.0,0,0.0,-1,1,0,1,train
1,TRANSFER,1628887.72,C1739555643,0.0,0.0,C451111351,1986951.69,3940085.21,0,0,1,1,1,14.303409,0,0,0,0,1,1.6288878e+06,-1.6288878e+06,324245.8,0,0,0,0.0,0,0.0,-1,1,0,1,train
1,TRANSFER,755499.13,C220165304,0.0,0.0,C1262822392,8637055.36,12494367.15,0,0,1,1,1,13.535135,0,0,0,0,1,755499.1,-755499.1,3.1018128e+06,0,0,0,0.0,0,0.0,-1,1,0,1,train
1,TRANSFER,289203.45,C1094272405,0.0,0.0,C998351292,979086.58,1015132.48,0,0,1,1,1,12.574889,0,0,0,0,1,289203.44,-289203.44,-253157.55,0,0,0,0.0,0,0.0,-1,1,0,1,train
1,TRANSFER,902485.36,C973604791,0.0,0.0,C392292416,2016196.28,3420103.09,0,0,1,1,1,13.712909,0,0,0,0,1,902485.4,-902485.4,501421.44,0,0,0,0.0,0,0.0,-1,1,0,1,train
1,TRANSFER,351854.11,C564526486,0.0,0.0,C451111351,3615839.41,3940085.21,0,0,1,1,1,12.770975,0,0,0,0,1,351854.12,-351854.12,-27608.31,0,0,0,0.0,0,0.0,-1,1,0,1,train
1,TRANSFER,605790.2,C1466558382,0.0,0.0,C401424608,804174.27,1178808.14,0,0,1,1,1,13.314291,0,0,0,0,1,605790.2,-605790.2,-231156.33,0,0,0,0.0,0,0.0,-1,1,0,1,train
1,TRANSFER,353312.93,C1551303995,0.0,0.0,C977993101,458701.51,965870.05,0,0,1,1,1,12.775112,0,0,0,0,1,353312.94,-353312.94,153855.61,0,0,0,0.0,0,0.0,-1,1,0,1,train
1,TRANSFER,855931.4,C649630909,0.0,0.0,C1234776885,1329839.38,2025098.66,0,0,1,1,1,13.659946,0,0,0,0,1,855931.4,-855931.4,-160672.12,0,0,0,0.0,0,0.0,-1,1,0,1,train
1,TRANSFER,699928.86,C679449777,0.0,0.0,C998351292,1268290.04,1015132.48,0,0,1,1,1,13.458735,0,0,0,0,1,699928.9,-699928.9,-953086.44,0,0,0,0.0,0,0.0,-1,1,0,1,train
1,PAYMENT,5886.25,C817054343,29735.29,23849.03,M1418315639,0.0,0.0,0,0,1,1,1,8.680544,0,0,0,1,0,0.19794837,0.01,,0,0,0,0.0,0,0.0,-1,1,0,1,train
1,TRANSFER,200774.62,C913746983,23849.03,0.0,C1810132623,255089.02,97128.19,0,0,1,1,1,12.209943,0,0,0,0,1,8.418213,-176925.6,-358735.44,1,0,0,0.0,0,0.0,-1,1,0,1,train
1,DEBIT,1088.94,C1660451908,5096.0,4007.06,C2001112025,13100.81,0.0,0,0,1,1,1,6.993878,0,0,1,0,0,0.21364331,0.0,-14189.75,0,0,0,0.0,0,0.0,-1,1,0,1,train
1,PAYMENT,3500.0,C1224064486,103588.0,100088.0,M1381857776,0.0,0.0,0,0,1,1,1,8.160804,0,0,0,1,0,0.03378737,0.0,,0,0,0,0.0,0,0.0,-1,1,0,1,train
1,TRANSFER,109552.96,C1363800072,9915.47,0.0,C1360767589,1846787.05,2107965.39,0,0,1,1,1,11.604173,0,0,0,0,1,11.047576,-99637.49,151625.38,1,0,0,0.0,0,0.0,-1,1,0,1,train
1,TRANSFER,59531.87,C1886567481,0.0,0.0,C998351292,1968218.89,1015132.48,0,0,1,1,1,10.994284,0,0,0,0,1,59531.87,-59531.87,-1.01261825e+06,0,0,0,0.0,0,0.0,-1,1,0,1,train
1,TRANSFER,133637.07,C361571676,0.0,0.0,C306206744,1921882.33,3554299.27,0,0,1,1,1,11.802891,0,0,0,0,1,133637.06,-133637.06,1.4987799e+06,0,0,0,0.0,0,0.0,-1,1,0,1,train
1,TRANSFER,75752.73,C749100260,0.0,0.0,C1688019098,372141.66,97263.78,0,0,1,1,1,11.235243,0,0,0,0,1,75752.73,-75752.73,-350630.62,0,0,0,0.0,0,0.0,-1,1,0,1,train
1,TRANSFER,100362.16,C846274760,0.0,0.0,C747464370,876637.74,1567434.81,0,0,1,1,1,11.51655,0,0,0,0,1,100362.16,-100362.16,590434.94,0,0,0,0.0,0,0.0,-1,1,0,1,train
1,TRANSFER,191177.92,C1460126155,0.0,0.0,C716083600,1749950.57,2444985.19,0,0,1,1,1,12.160965,0,0,0,0,1,191177.92,-191177.92,503856.7,0,0,0,0.0,0,0.0,-1,1,0,1,train
1,TRANSFER,435589.96,C727497138,0.0,0.0,C401424608,1409964.46,1178808.14,0,0,1,1,1,12.984459,0,0,0,0,1,435589.97,-435589.97,-666746.25,0,0,0,0.0,0,0.0,-1,1,0,1,train
1,TRANSFER,1950.77,C889422145,0.0,0.0,C614685048,106511.31,0.0,0,0,1,1,1,7.576492,0,0,0,0,1,1950.77,-1950.77,-108462.08,0,0,0,0.0,0,0.0,-1,1,0,1,train
1,TRANSFER,2223005.62,C248483913,0.0,0.0,C248609774,3831539.16,6453430.91,0,0,1,1,1,14.614371,0,0,0,0,1,2.2230055e+06,-2.2230055e+06,398886.12,0,0,0,0.0,0,0.0,-1,1,0,1,train
1,TRANSFER,902505.61,C1731137986,0.0,0.0,C932583850,1571970.16,2719172.89,0,0,1,1,1,13.712932,0,0,0,0,1,902505.6,-902505.6,244697.12,0,0,0,0.0,0,0.0,-1,1,0,1,train
1,TRANSFER,1201716.66,C695248316,0.0,0.0,C665576141,4139387.14,5515763.34,0,0,1,1,1,13.999263,0,0,0,0,1,1.2017166e+06,-1.2017166e+06,174659.55,0,0,0,0.0,0,0.0,-1,1,0,1,train
1,TRANSFER,494972.01,C5255258,0.0,0.0,C1234776885,2185770.78,2025098.66,0,0,1,1,1,13.112259,0,0,0,0,1,494972.0,-494972.0,-655644.1,0,0,0,0.0,0,0.0,-1,1,0,1,train
1,TRANSFER,1417001.19,C1928312257,0.0,0.0,C306206744,2055519.4,3554299.27,0,0,1,1,1,14.164054,0,0,0,0,1,1.4170012e+06,-1.4170012e+06,81778.68,0,0,0,0.0,0,0.0,-1,1,0,1,train
1,PAYMENT,3445.96,C1834031967,8576.0,5130.04,M1092619788,0.0,0.0,0,0,1,1,1,8.145248,0,0,0,1,0,0.40176752,0.0,,0,0,0,0.0,0,0.0,-1,1,0,1,train
1,PAYMENT,2650.82,C1089680530,3113.0,462.18,M1337835760,0.0,0.0,0,0,1,1,1,7.8830013,0,0,0,1,0,0.8512588,-1.7053026e-13,,0,0,0,0.0,0,0.0,-1,1,0,1,train
1,PAYMENT,2073.2,C718512571,21363.74,19290.55,M1807911555,0.0,0.0,0,0,1,1,1,7.637331,0,0,0,1,0,0.09703839,-0.01,,0,0,0,0.0,0,0.0,-1,1,0,1,train
1,CASH_OUT,319825.94,C843867341,19290.55,0.0,C564160838,1743106.48,1254956.07,0,0,1,1,1,12.675535,0,1,0,0,0,16.57855,-300535.38,-807976.4,1,0,0,0.0,0,0.0,-1,1,0,1,train
1,CASH_OUT,129431.13,C324507700,0.0,0.0,C747464370,976999.9,1567434.81,0,0,1,1,1,11.770912,0,1,0,0,0,129431.13,-129431.13,461003.78,0,0,0,0.0,0,0.0,-1,1,0,1,train
1,CASH_OUT,105351.94,C616443292,0.0,0.0,C401424608,1845554.42,1178808.14,0,0,1,1,1,11.565071,0,1,0,0,0,105351.94,-105351.94,-772098.25,0,0,0,0.0,0,0.0,-1,1,0,1,train
1,CASH_OUT,38167.0,C1540832538,0.0,0.0,C488044861,82599.36,5203.54,0,0,1,1,1,10.549753,0,1,0,0,0,38167.0,-38167.0,-115562.82,0,0,0,0.0,0,0.0,-1,1,0,1,train
1,CASH_OUT,4682.74,C183259297,0.0,0.0,C195600860,27134.6,40348.79,0,0,1,1,1,8.451852,0,1,0,0,0,4682.74,-4682.74,8531.45,0,0,0,0.0,0,0.0,-1,1,0,1,train
1,DEBIT,1280.14,C626393072,15159.0,13878.86,C1112414583,11898.0,67762.92,0,0,1,1,1,7.1555057,0,0,1,0,0,0.08444195,0.0,54584.78,0,0,0,0.0,0,0.0,-1,1,0,1,train
1,DEBIT,3039.84,C1892869131,152809.0,149769.16,C33524623,2079710.62,1517262.16,0,0,1,1,1,8.019889,0,0,1,0,0,0.019892938,0.0,-565488.3,0,0,0,0.0,0,0.0,-1,1,0,1,train
1,PAYMENT,5998.0,C302987494,164.0,0.0,M2047744862,0.0,0.0,0,0,1,1,1,8.699348,0,0,0,1,0,36.351517,-5834.0,,1,0,0,0.0,0,0.0,-1,1,0,1,train
1,PAYMENT,4273.0,C1882116496,0.0,0.0,M389779746,0.0,0.0,0,0,1,1,1,8.360306,0,0,0,1,0,4273.0,-4273.0,,0,0,0,0.0,0,0.0,-1,1,0,1,train
1,PAYMENT,3637.13,C2081964843,0.0,0.0,M1984328477,0.0,0.0,0,0,1,1,1,8.199225,0,0,0,1,0,3637.13,-3637.13,,0,0,0,0.0,0,0.0,-1,1,0,1,train
1,PAYMENT,892.53,C1893899796,29998.0,29105.47,M991671211,0.0,0.0,0,0,1,1,1,6.79518,0,0,0,1,0,0.029751992,0.0,,0,0,0,0.0,0,0.0,-1,1,0,1,train
1,PAYMENT,10707.6,C94682872,42496.0,31788.4,M1086323658,0.0,0.0,0,0,1,1,1,9.278803,0,0,0,1,0,0.25196132,0.0,,0,0,0,0.0,0,0.0,-1,1,0,1,train
1,PAYMENT,6380.75,C608817143,31788.4,25407.65,M1118414398,0.0,0.0,0,0,1,1,1,8.761198,0,0,0,1,0,0.20071942,0.0,,0,0,0,0.0,0,0.0,-1,1,0,1,train
1,TRANSFER,271161.74,C1658487789,0.0,0.0,C1219161283,0.0,0.0,0,0,1,1,1,12.510474,0,0,0,0,1,271161.75,-271161.75,-271161.75,0,1,0,0.0,0,0.0,-1,1,0,1,train
1,TRANSFER,274108.4,C1568949719,0.0,0.0,C564160838,2062932.43,1254956.07,0,0,1,1,1,12.521282,0,0,0,0,1,274108.4,-274108.4,-1.0820848e+06,0,0,0,0.0,0,0.0,-1,1,0,1,train
1,DEBIT,2676.97,C936906727,94551.0,91874.03,C824208363,54856.21,0.0,0,0,1,1,1,7.892814,0,0,1,0,0,0.028312145,0.0,-57533.18,0,0,0,0.0,0,0.0,-1,1,0,1,train
1,PAYMENT,7512.61,C944752500,20574.0,13061.39,M238874235,0.0,0.0,0,0,1,1,1,8.924471,0,0,0,1,0,0.36513293,0.0,,0,0,0,0.0,0,0.0,-1,1,0,1,train
1,PAYMENT,8612.28,C1911138454,137974.0,129361.72,M112797307,0.0,0.0,0,0,1,1,1,9.061061,0,0,0,1,0,0.062419135,0.0,,0,0,0,0.0,0,0.0,-1,1,0,1,train
1,PAYMENT,413.4,C1082865087,56237.03,55823.63,M699221219,0.0,0.0,0,0,1,1,1,6.0268316,0,0,0,1,0,0.0073508974,0.0,,0,0,0,0.0,0,0.0,-1,1,0,1,train
1,PAYMENT,6794.39,C364704856,55823.63,49029.24,M1526305386,0.0,0.0,0,0,1,1,1,8.823999,0,0,0,1,0,0.12170954,0.0,,0,0,0,0.0,0,0.0,-1,1,0,1,train
1,PAYMENT,9247.18,C1137078855,5582.0,0.0,M1027200,0.0,0.0,0,0,1,1,1,9.132182,0,0,0,1,0,1.6563102,-3665.18,,1,0,0,0.0,0,0.0,-1,1,0,1,train
1,PAYMENT,2821.51,C1919125229,0.0,0.0,M1688150025,0.0,0.0,0,0,1,1,1,7.9453816,0,0,0,1,0,2821.51,-2821.51,,0,0,0,0.0,0,0.0,-1,1,0,1,train
1,TRANSFER,378703.81,C347808407,31813.0,0.0,C838411509,6353.62,22774.25,0,0,1,1,1,12.844512,0,0,0,0,1,11.903685,-346890.8,-362283.2,1,0,0,0.0,0,0.0,-1,1,0,1,train
1,PAYMENT,9818.95,C1773008684,151.0,0.0,M127356954,0.0,0.0,0,0,1,1,1,9.192171,0,0,0,1,0,64.59836,-9667.95,,1,0,0,0.0,0,0.0,-1,1,0,1,train
1,PAYMENT,13268.46,C437630857,5881.44,0.0,M1475842502,0.0,0.0,0,0,1,1,1,9.49322,0,0,0,1,0,2.2556047,-7387.02,,1,0,0,0.0,0,0.0,-1,1,0,1,train
1,CASH_IN,378896.52,C1365575811,0.0,378896.52,C306206744,3472520.59,3554299.27,0,0,1,1,1,12.845021,1,0,0,0,0,378896.53,-757793.06,-297117.84,0,0,0,0.0,0,0.0,-1,1,0,1,train
1,CASH_IN,65671.39,C1817154869,378896.52,444567.92,C716083600,1941128.49,2444985.19,0,0,1,1,1,11.092434,1,0,0,0,0,0.1733223,-131342.8,438185.3,0,0,0,0.0,0,0.0,-1,1,0,1,train
1,CASH_IN,35492.2,C1540476618,444567.92,480060.12,C2050019814,377569.57,0.0,0,0,1,1,1,10.477097,1,0,0,0,0,0.07983509,-70984.4,-413061.78,0,0,0,0.0,0,0.0,-1,1,0,1,train
1,CASH_IN,18510.43,C818093527,480060.12,498570.55,C2089016471,20801.0,34361.39,0,0,1,1,1,9.826143,1,0,0,0,0,0.038558487,-37020.86,-4950.04,0,0,0,0.0,0,0.0,-1,1,0,1,train
1,CASH_IN,83587.86,C1234905692,498570.55,582158.41,C1219161283,271161.74,0.0,0,0,1,1,1,11.333666,1,0,0,0,0,0.1676547,-167175.72,-354749.6,0,0,0,0.0,0,0.0,-1,1,0,1,train
1,CASH_IN,62455.76,C1500379239,582158.41,644614.17,C1359044626,171158.16,16518.36,0,0,1,1,1,11.04223,1,0,0,0,0,0.107282914,-124911.52,-217095.56,0,0,0,0.0,0,0.0,-1,1,0,1,train
1,CASH_IN,44708.03,C203409950,644614.17,689322.19,C97730845,51569.17,9940339.29,0,0,1,1,1,10.707931,1,0,0,0,0,0.06935616,-89416.05,9.844062e+06,0,0,0,0.0,0,0.0,-1,1,0,1,train
1,CASH_IN,343189.13,C605705199,689322.19,1032511.32,C1816757085,8906586.96,10681238.79,0,0,1,1,1,12.74604,1,0,0,0,0,0.4978639,-686378.25,1.4314628e+06,0,0,0,0.0,0,0.0,-1,1,0,1,train
1,CASH_IN,60215.46,C876823802,1032511.32,1092726.78,C367746789,83172.04,0.0,0,0,1,1,1,11.005701,1,0,0,0,0,0.058319364,-120430.92,-143387.5,0,0,0,0.0,0,0.0,-1,1,0,1,train
1,CASH_IN,235288.68,C47918293,1092726.78,1328015.46,C306206744,3093624.06,3554299.27,0,0,1,1,1,12.368573,1,0,0,0,0,0.21532232,-470577.38,225386.53,0,0,0,0.0,0,0.0,-1,1,0,1,train
1,CASH_IN,206955.99,C1894144426,1328015.46,1534971.46,C998351292,2027750.76,1015132.48,0,0,1,1,1,12.240266,1,0,0,0,0,0.15583842,-413912.0,-1.2195742e+06,0,0,0,0.0,0,0.0,-1,1,0,1,train
1,CASH_IN,383446.61,C102103410,1534971.46,1918418.07,C564160838,2337040.82,1254956.07,0,0,1,1,1,12.856958,1,0,0,0,0,0.24980684,-766893.25,-1.4655314e+06,0,0,0,0.0,0,0.0,-1,1,0,1,train
1,CASH_IN,145095.94,C677317086,1918418.07,2063514.01,C2083562754,1187275.85,1186556.81,0,0,1,1,1,11.885158,1,0,0,0,0,0.07563308,-290191.88,-145814.98,0,0,0,0.0,0,0.0,-1,1,0,1,train
1,CASH_IN,300632.87,C1933129092,2063514.01,2364146.87,C838411509,385057.43,22774.25,0,0,1,1,1,12.613648,1,0,0,0,0,0.1456897,-601265.75,-662916.06,0,0,0,0.0,0,0.0,-1,1,0,1,train
1,CASH_IN,119081.76,C827328832,2364146.87,2483228.64,C1023714065,2762216.66,1412484.09,0,0,1,1,1,11.687574,1,0,0,0,0,0.050369844,-238163.53,-1.4688144e+06,0,0,0,0.0,0,0.0,-1,1,0,1,train
1,CASH_IN,203148.34,C405252209,2483228.64,2686376.98,C1750905143,1134980.28,424250.45,0,0,1,1,1,12.221697,1,0,0,0,0,0.08180812,-406296.7,-913878.2,0,0,0,0.0,0,0.0,-1,1,0,1,train
1,CASH_IN,104335.07,C1223050066,2686376.98,2790712.05,C716083600,1875457.1,2444985.19,0,0,1,1,1,11.555372,1,0,0,0,0,0.038838565,-208670.14,465193.03,0,0,0,0.0,0,0.0,-1,1,0,1,train
1,CASH_IN,251482.63,C1917442783,2790712.05,3042194.68,C1023714065,2643134.89,1412484.09,0,0,1,1,1,12.435133,1,0,0,0,0,0.09011411,-502965.25,-1.4821334e+06,0,0,0,0.0,0,0.0,-1,1,0,1,train
1,CASH_IN,92784.06,C1130551263,3042194.68,3134978.74,C1761291320,119296.99,22233.65,0,0,1,1,1,11.438041,1,0,0,0,0,0.030499045,-185568.12,-189847.4,0,0,0,0.0,0,0.0,-1,1,0,1,train
1,CASH_IN,21670.38,C1713605602,3134978.74,3156649.13,C215145189,54530.44,1891.79,0,0,1,1,1,9.9837475,1,0,0,0,0,0.0069124466,-43340.77,-74309.03,0,0,0,0.0,0,0.0,-1,1,0,1,train
1,CASH_IN,175443.85,C472234151,3156649.13,3332092.98,C392292416,2918681.63,3420103.09,0,0,1,1,1,12.07508,1,0,0,0,0,0.055579126,-350887.7,325977.62,0,0,0,0.0,0,0.0,-1,1,0,1,train
1,CASH_IN,226031.29,C537265886,3332092.98,3558124.26,C564160838,1953594.21,1254956.07,0,0,1,1,1,12.328433,1,0,0,0,0,0.06783461,-452062.56,-924669.44,0,0,0,0.0,0,0.0,-1,1,0,1,train
1,CASH_IN,234052.7,C1963974958,3558124.26,3792176.96,C1060830840,751734.62,130747.56,0,0,1,1,1,12.363306,1,0,0,0,0,0.06577978,-468105.4,-855039.75,0,0,0,0.0,0,0.0,-1,1,0,1,train
1,CASH_IN,229848.96,C260638966,3792176.96,4022025.93,C2083562754,1042179.91,1186556.81,0,0,1,1,1,12.345182,1,0,0,0,0,0.060611334,-459697.94,-85472.06,0,0,0,0.0,0,0.0,-1,1,0,1,train
1,CASH_IN,111655.85,C1045985568,4022025.93,4133681.78,C1831477404,565797.08,247063.16,0,0,1,1,1,11.623185,1,0,0,0,0,0.027761089,-223311.7,-430389.78,0,0,0,0.0,0,0.0,-1,1,0,1,train
1,CASH_IN,51284.87,C788048067,4133681.78,4184966.65,C248609774,6054544.78,6453430.91,0,0,1,1,1,10.845171,1,0,0,0,0,0.012406581,-102569.74,347601.25,0,0,0,0.0,0,0.0,-1,1,0,1,train
1,CASH_IN,270.78,C619985571,4184966.65,4185237.43,C875917495,3019.0,0.0,0,0,1,1,1,5.604993,1,0,0,0,0,6.470301e-05,-541.56,-3289.78,0,0,0,0.0,0,0.0,-1,1,0,1,train
1,CASH_IN,154442.99,C1677543539,4185237.43,4339680.42,C832279283,315983.22,185389.8,0,0,1,1,1,11.947587,1,0,0,0,0,0.03690184,-308885.97,-285036.4,0,0,0,0.0,0,0.0,-1,1,0,1,train
1,CASH_IN,34918.59,C504478805,4339680.42,4374599.01,C1948471365,66604.54,18627.02,0,0,1,1,1,10.460803,1,0,0,0,0,0.008046349,-69837.18,-82896.11,0,0,0,0.0,0,0.0,-1,1,0,1,train
1,CASH_IN,57262.72,C1967432164,4374599.01,4431861.74,C1973538135,72917.77,16896.7,0,0,1,1,1,10.955422,1,0,0,0,0,0.013089819,-114525.45,-113283.79,0,0,0,0.0,0,0.0,-1,1,0,1,train
1,CASH_IN,189703.56,C1893772493,4431861.74,4621565.3,C1531333864,477147.47,55974.56,0,0,1,1,1,12.153223,1,0,0,0,0,0.042804476,-379407.12,-610876.5,0,0,0,0.0,0,0.0,-1,1,0,1,train
1,CASH_IN,288838.13,C2035801202,4621565.3,4910403.44,C1060830840,517681.93,130747.56,0,0,1,1,1,12.573626,1,0,0,0,0,0.062497888,-577676.25,-675772.5,0,0,0,0.0,0,0.0,-1,1,0,1,train
1,CASH_IN,61505.91,C1790387225,4910403.44,4910403.44,C11003494,4910403.44,10588885.27,0,0,1,1,1,11.026905,1,0,0,0,0,0.01252563,-61505.91,5.616976e+06,0,0,0,0.0,0,0.0,-1,1,0,1,train
1,CASH_IN,404167.6,C984412970,4910403.44,4910403.44,C11003494,4910403.44,10588885.27,0,0,1,1,1,12.909588,1,0,0,0,0,0.08230841,-404167.6,5.274314e+06,0,0,0,0.0,0,0.0,-1,1,0,1,train
1,CASH_IN,57323.56,C1340057206,4910403.44,4967726.99,C660143728,99774.27,42450.71,0,0,1,1,1,10.956485,1,0,0,0,0,0.0116738975,-114647.11,-114647.12,0,0,0,0.0,0,0.0,-1,1,0,1,train
1,CASH_IN,68988.21,C137123763,4967726.99,5036715.2,C998351292,1820794.77,1015132.48,0,0,1,1,1,11.1417055,1,0,0,0,0,0.013887276,-137976.42,-874650.5,0,0,0,0.0,0,0.0,-1,1,0,1,train
1,CASH_IN,74230.21,C1541942595,5036715.2,5110945.41,C1590550415,19415272.09,19169204.93,0,0,1,1,1,11.21494,1,0,0,0,0,0.014737818,-148460.42,-320297.38,0,0,0,0.0,0,0.0,-1,1,0,1,train
1,CASH_IN,377287.8,C100708535,5110945.41,5488233.21,C985934102,2256095.33,971418.91,0,0,1,1,1,12.840766,1,0,0,0,0,0.073819555,-754575.6,-1.6619642e+06,0,0,0,0.0,0,0.0,-1,1,0,1,train
1,CASH_IN,185897.79,C878598679,5488233.21,5674131.0,C1182461167,390209.15,23508.22,0,0,1,1,1,12.132957,1,0,0,0,0,0.033872057,-371795.6,-552598.75,0,0,0,0.0,0,0.0,-1,1,0,1,train
1,CASH_IN,173842.23,C1587872480,5674131.0,5847973.23,C1291286504,231914.67,66575.5,0,0,1,1,1,12.065909,1,0,0,0,0,0.030637678,-347684.47,-339181.4,0,0,0,0.0,0,0.0,-1,1,0,1,train
1,CASH_IN,31646.31,C1144897090,5847973.23,5879619.54,C1291286504,58072.44,66575.5,0,0,1,1,1,10.362409,1,0,0,0,0,0.0054114996,-63292.62,-23143.25,0,0,0,0.0,0,0.0,-1,1,0,1,train
1,CASH_IN,48134.99,C1195064186,5879619.54,5927754.53,C1961176822,55211.3,0.0,0,0,1,1,1,10.781785,1,0,0,0,0,0.008186751,-96269.98,-103346.29,0,0,0,0.0,0,0.0,-1,1,0,1,train
1,CASH_IN,229982.47,C24334184,5927754.53,6157737.0,C564160838,1727562.92,1254956.07,0,0,1,1,1,12.345762,1,0,0,0,0,0.038797565,-459964.94,-702589.3,0,0,0,0.0,0,0.0,-1,1,0,1,train
1,CASH_IN,216806.48,C2008547236,6157737.0,6374543.48,C564160838,1497580.45,1254956.07,0,0,1,1,1,12.286765,1,0,0,0,0,0.035208788,-433612.97,-459430.88,0,0,0,0.0,0,0.0,-1,1,0,1,train
1,CASH_IN,117257.18,C1590792382,6374543.48,6491800.66,C1182461167,204311.36,23508.22,0,0,1,1,1,11.672133,1,0,0,0,0,0.018394597,-234514.36,-298060.3,0,0,0,0.0,0,0.0,-1,1,0,1,train
1,CASH_IN,174413.77,C1076855029,6491800.66,6666214.43,C1123629720,213713.99,46393.85,0,0,1,1,1,12.069192,1,0,0,0,0,0.026866775,-348827.53,-341733.9,0,0,0,0.0,0,0.0,-1,1,0,1,train
1,CASH_IN,72897.92,C1539088279,6666214.43,6739112.35,C662736689,327169.9,4891090.56,0,0,1,1,1,11.196829,1,0,0,0,0,0.010935429,-145795.84,4.4910225e+06,0,0,0,0.0,0,0.0,-1,1,0,1,train
1,CASH_IN,82564.24,C322830747,6739112.35,6821676.59,C2050019814,342077.36,0.0,0,0,1,1,1,11.321344,1,0,0,0,0,0.012251499,-165128.48,-424641.6,0,0,0,0.0,0,0.0,-1,1,0,1,train
1,CASH_IN,63764.9,C1094199074,6821676.59,6885441.49,C885951223,445655.6,215851.28,0,0,1,1,1,11.062974,1,0,0,0,0,0.009347393,-127529.8,-293569.22,0,0,0,0.0,0,0.0,-1,1,0,1,train
1,CASH_IN,183074.81,C2108440536,6885441.49,7068516.3,C1219161283,187573.89,0.0,0,0,1,1,1,12.117656,1,0,0,0,0,0.026588678,-366149.62,-370648.7,0,0,0,0.0,0,0.0,-1,1,0,1,train
1,CASH_IN,223744.8,C1112758237,7068516.3,7292261.09,C1831477404,454141.23,247063.16,0,0,1,1,1,12.318266,1,0,0,0,0,0.03165371,-447489.6,-430822.88,0,0,0,0.0,0,0.0,-1,1,0,1,train
1,CASH_IN,46179.38,C553821397,7292261.09,7338440.47,C1096283470,306791.16,0.0,0,0,1,1,1,10.740311,1,0,0,0,0,0.006332655,-92358.76,-352970.53,0,0,0,0.0,0,0.0,-1,1,0,1,train
1,CASH_IN,91611.03,C553879264,7338440.47,7430051.5,C1750905143,931831.94,424250.45,0,0,1,1,1,11.425318,1,0,0,0,0,0.012483718,-183222.06,-599192.5,0,0,0,0.0,0,0.0,-1,1,0,1,train
1,CASH_IN,128022.19,C1028472807,7430051.5,7558073.69,C1286084959,2756959.24,2107778.11,0,0,1,1,1,11.759967,1,0,0,0,0,0.01723032,-256044.38,-777203.3,0,0,0,0.0,0,0.0,-1,1,0,1,train
1,CASH_IN,157949.72,C1710783020,7558073.69,7716023.4,C985934102,1878807.53,971418.91,0,0,1,1,1,11.970038,1,0,0,0,0,0.020898143,-315899.44,-1.0653384e+06,0,0,0,0.0,0,0.0,-1,1,0,1,train
1,CASH_IN,26516.56,C1365790282,7716023.4,7742539.96,C1937962514,63127.8,8383.29,0,0,1,1,1,10.185562,1,0,0,0,0,0.0034365573,-53033.12,-81261.07,0,0,0,0.0,0,0.0,-1,1,0,1,train
1,CASH_IN,105647.45,C1826747905,7742539.96,7848187.42,C1068824137,126541.52,265092.36,0,0,1,1,1,11.567872,1,0,0,0,0,0.013645062,-211294.9,32903.39,0,0,0,0.0,0,0.0,-1,1,0,1,train
1,CASH_IN,61858.19,C948395645,7848187.42,7910045.61,C985934102,1720857.81,971418.91,0,0,1,1,1,11.032616,1,0,0,0,0,0.0078818435,-123716.38,-811297.06,0,0,0,0.0,0,0.0,-1,1,0,1,train
1,CASH_IN,245041.35,C512256603,7910045.61,8155086.95,C985934102,1658999.62,971418.91,0,0,1,1,1,12.409186,1,0,0,0,0,0.030978497,-490082.7,-932622.06,0,0,0,0.0,0,0.0,-1,1,0,1,train
1,CASH_IN,42922.81,C226586078,8155086.95,8198009.76,C1182461167,87054.17,23508.22,0,0,1,1,1,10.667182,1,0,0,0,0,0.0052633164,-85845.62,-106468.76,0,0,0,0.0,0,0.0,-1,1,0,1,train
1,CASH_IN,137465.55,C1848886161,8198009.76,8335475.31,C1318822808,1066345.61,500631.71,0,0,1,1,1,11.831136,1,0,0,0,0,0.01676816,-274931.1,-703179.44,0,0,0,0.0,0,0.0,-1,1,0,1,train
1,CASH_IN,170207.14,C1816468636,8335475.31,8505682.45,C2050019814,259513.13,0.0,0,0,1,1,1,12.044777,1,0,0,0,0,0.020419605,-340414.28,-429720.28,0,0,0,0.0,0,0.0,-1,1,0,1,train
1,CASH_IN,18513.77,C834824701,8505682.45,8524196.22,C306206744,2858335.38,3554299.27,0,0,1,1,1,9.826324,1,0,0,0,0,0.0021766352,-37027.54,677450.1,0,0,0,0.0,0,0.0,-1,1,0,1,train
1,CASH_IN,199318.34,C925568390,8524196.22,8723514.56,C1096283470,260611.78,0.0,0,0,1,1,1,12.202663,1,0,0,0,0,0.023382653,-398636.7,-459930.12,0,0,0,0.0,0,0.0,-1,1,0,1,train
1,CASH_IN,26295.3,C1198817209,8723514.56,8749809.86,C1883840933,13915059.95,16874643.09,0,0,1,1,1,10.177183,1,0,0,0,0,0.0030143007,-52590.6,2.9332878e+06,0,0,0,0.0,0,0.0,-1,1,0,1,train
1,CASH_IN,111549.83,C51460663,8749809.86,8861359.69,C1749186397,208152.76,277515.05,0,0,1,1,1,11.622235,1,0,0,0,0,0.012748827,-223099.66,-42187.54,0,0,0,0.0,0,0.0,-1,1,0,1,train
1,CASH_IN,56912.01,C557725225,8861359.69,8918271.71,C614685048,108462.08,0.0,0,0,1,1,1,10.949279,1,0,0,0,0,0.0064224913,-113824.03,-165374.1,0,0,0,0.0,0,0.0,-1,1,0,1,train
1,CASH_IN,414285.51,C1318475957,8918271.71,9332557.22,C1049817027,614630.33,60738.03,0,0,1,1,1,12.934313,1,0,0,0,0,0.046453558,-828571.0,-968177.8,0,0,0,0.0,0,0.0,-1,1,0,1,train
1,CASH_IN,298109.36,C712732521,9332557.22,9630666.58,C667346055,493746.17,9291619.62,0,0,1,1,1,12.605219,1,0,0,0,0,0.03194294,-596218.75,8.499764e+06,0,0,0,0.0,0,0.0,-1,1,0,1,train
1,CASH_IN,269736.99,C540092563,9630666.58,9900403.57,C1526298704,473512.63,32092.07,0,0,1,1,1,12.505206,1,0,0,0,0,0.02800813,-539474.0,-711157.56,0,0,0,0.0,0,0.0,-1,1,0,1,train
1,CASH_IN,18622.16,C1894698434,9900403.57,9919025.73,C1825027294,55379.84,36757.68,0,0,1,1,1,9.832161,1,0,0,0,0,0.0018809494,-37244.32,-37244.32,0,0,0,0.0,0,0.0,-1,1,0,1,train
1,CASH_IN,183816.31,C205615258,9919025.73,10102842.03,C1023714065,2391652.26,1412484.09,0,0,1,1,1,12.121697,1,0,0,0,0,0.018531688,-367632.62,-1.1629845e+06,0,0,0,0.0,0,0.0,-1,1,0,1,train
1,CASH_IN,143405.8,C2108708444,10102842.03,10246247.83,C667346055,195636.81,9291619.62,0,0,1,1,1,11.873441,1,0,0,0,0,0.014194598,-286811.6,8.952577e+06,0,0,0,0.0,0,0.0,-1,1,0,1,train
1,PAYMENT,449.97,C1424788681,13030.57,12580.6,M1391119179,0.0,0.0,0,0,1,1,1,6.1114006,0,0,0,1,0,0.034529224,0.0,,0,0,0,0.0,0,0.0,-1,1,0,1,train
1,PAYMENT,2743.55,C1428726828,12580.6,9837.06,M710220387,0.0,0.0,0,0,1,1,1,7.917372,0,0,0,1,0,0.21806051,-0.01,,0,0,0,0.0,0,0.0,-1,1,0,1,train
1,PAYMENT,1548.73,C443502884,38285.31,36736.58,M517693873,0.0,0.0,0,0,1,1,1,7.345836,0,0,0,1,0,0.040451273,-7.275958e-12,,0,0,0,0.0,0,0.0,-1,1,0,1,train
1,PAYMENT,4828.43,C247644034,36736.58,31908.14,M214313531,0.0,0.0,0,0,1,1,1,8.482484,0,0,0,1,0,0.13143027,0.01,,0,0,0,0.0,0,0.0,-1,1,0,1,train
1,PAYMENT,1737.12,C1824570614,31908.14,30171.02,M693345846,0.0,0.0,0,0,1,1,1,7.4605594,0,0,0,1,0,0.054439574,0.0,,0,0,0,0.0,0,0.0,-1,1,0,1,train
1,PAYMENT,1089.31,C854989361,30171.02,29081.71,M257718694,0.0,0.0,0,0,1,1,1,6.9942174,0,0,0,1,0,0.036103316,0.0,,0,0,0,0.0,0,0.0,-1,1,0,1,train
1,PAYMENT,5237.7,C1720865719,29081.71,23844.01,M1392886653,0.0,0.0,0,0,1,1,1,8.563828,0,0,0,1,0,0.1800967,0.0,,0,0,0,0.0,0,0.0,-1,1,0,1,train
1,PAYMENT,3364.48,C1369468094,23844.01,20479.53,M1037942373,0.0,0.0,0,0,1,1,1,8.1213255,0,0,0,1,0,0.14109786,0.0,,0,0,0,0.0,0,0.0,-1,1,0,1,train
1,PAYMENT,1889.41,C1235635586,20479.53,18590.13,M876962272,0.0,0.0,0,0,1,1,1,7.544549,0,0,0,1,0,0.09225396,-0.01,,0,0,0,0.0,0,0.0,-1,1,0,1,train
1,PAYMENT,2685.44,C1725054538,11302.0,8616.56,M917277283,0.0,0.0,0,0,1,1,1,7.8959723,0,0,0,1,0,0.23758648,0.0,,0,0,0,0.0,0,0.0,-1,1,0,1,train
1,PAYMENT,1238.08,C1302141801,8616.56,7378.48,M1388849499,0.0,0.0,0,0,1,1,1,7.1221247,0,0,0,1,0,0.14366944,0.0,,0,0,0,0.0,0,0.0,-1,1,0,1,train
1,PAYMENT,17994.24,C622820646,7378.48,0.0,M2008159348,0.0,0.0,0,0,1,1,1,9.797863,0,0,0,1,0,2.4384158,-10615.76,,1,0,0,0.0,0,0.0,-1,1,0,1,train
1,PAYMENT,6396.49,C1389432760,458.0,0.0,M1103132232,0.0,0.0,0,0,1,1,1,8.763661,0,0,0,1,0,13.935708,-5938.49,,1,0,0,0.0,0,0.0,-1,1,0,1,train
1,PAYMENT,2380.21,C535352603,6003259.91,6000879.7,M2015261478,0.0,0.0,0,0,1,1,1,7.775364,0,0,0,1,0,0.00039648617,0.0,,0,0,0,0.0,0,0.0,-1,1,0,1,train
1,CASH_OUT,139754.72,C577245010,6000879.7,5861124.98,C932583850,2474475.78,2719172.89,0,0,1,1,1,11.8476515,0,1,0,0,0,0.023289034,0.0,104942.39,0,0,0,0.0,0,0.0,-1,1,0,1,train
1,PAYMENT,8787.63,C1624788833,50784.0,41996.37,M968957548,0.0,0.0,0,0,1,1,1,9.081214,0,0,0,1,0,0.17303593,0.0,,0,0,0,0.0,0,0.0,-1,1,0,1,train
1,DEBIT,2261.24,C843959601,3183.0,921.76,C1750905143,840220.91,424250.45,0,0,1,1,1,7.7241106,0,0,1,0,0,0.71018845,2.2737368e-13,-418231.7,0,0,0,0.0,0,0.0,-1,1,0,1,train
1,DEBIT,2807.73,C1346197173,1704.0,0.0,C1973538135,15655.05,16896.7,0,0,1,1,1,7.940488,0,0,1,0,0,1.6467625,-1103.73,-1566.08,1,0,0,0.0,0,0.0,-1,1,0,1,train
1,PAYMENT,4247.14,C1924966548,49049.96,44802.82,M1128266449,0.0,0.0,0,0,1,1,1,8.354237,0,0,0,1,0,0.086586274,0.0,,0,0,0,0.0,0,0.0,-1,1,0,1,train
1,PAYMENT,4504.48,C533173186,44802.82,40298.34,M628487793,0.0,0.0,0,0,1,1,1,8.41305,0,0,0,1,0,0.10053786,0.0,,0,0,0,0.0,0,0.0,-1,1,0,1,train
1,PAYMENT,3051.76,C848958019,236272.0,233220.24,M248487859,0.0,0.0,0,0,1,1,1,8.023802,0,0,0,1,0,0.0129162455,0.0,,0,0,0,0.0,0,0.0,-1,1,0,1,train
1,PAYMENT,5675.84,C758465579,224.0,0.0,M670689666,0.0,0.0,0,0,1,1,1,8.64415,0,0,0,1,0,25.225956,-5451.84,,1,0,0,0.0,0,0.0,-1,1,0,1,train
1,DEBIT,194.4,C1167327028,30364.0,30169.6,C75457651,29741.84,31469.78,0,0,1,1,1,5.2750487,0,0,1,0,0,0.006402108,0.0,1533.54,0,0,0,0.0,0,0.0,-1,1,0,1,train
1,PAYMENT,8176.58,C936628786,820.0,0.0,M817941759,0.0,0.0,0,0,1,1,1,9.009151,0,0,0,1,0,9.959293,-7356.58,,1,0,0,0.0,0,0.0,-1,1,0,1,train
1,PAYMENT,4074.17,C1478334108,574.0,0.0,M36550900,0.0,0.0,0,0,1,1,1,8.312668,0,0,0,1,0,7.085513,-3500.17,,1,0,0,0.0,0,0.0,-1,1,0,1,train
1,PAYMENT,13695.83,C726051009,27392.0,13696.17,M492252770,0.0,0.0,0,0,1,1,1,9.5249195,0,0,0,1,0,0.49997553,0.0,,0,0,0,0.0,0,0.0,-1,1,0,1,train
1,PAYMENT,8092.22,C701166114,595.0,0.0,M1187972599,0.0,0.0,0,0,1,1,1,8.998782,0,0,0,1,0,13.57755,-7497.22,,1,0,0,0.0,0,0.0,-1,1,0,1,train
1,CASH_OUT,286803.5,C1481751887,0.0,0.0,C997608398,774294.17,157982.12,0,0,1,1,1,12.566556,0,1,0,0,0,286803.5,-286803.5,-903115.56,0,0,0,0.0,0,0.0,-1,1,0,1,train
1,PAYMENT,3620.25,C2094115865,22956.58,19336.33,M49547843,0.0,0.0,0,0,1,1,1,8.194574,0,0,0,1,0,0.15769301,0.0,,0,0,0,0.0,0,0.0,-1,1,0,1,train
1,CASH_OUT,153952.87,C1017792343,19336.33,0.0,C1023714065,2207835.95,1412484.09,0,0,1,1,1,11.944408,0,1,0,0,0,7.961434,-134616.55,-949304.75,1,0,0,0.0,0,0.0,-1,1,0,1,train
1,PAYMENT,1335.03,C1774468680,2043.0,707.97,M402978317,0.0,0.0,0,0,1,1,1,7.197458,0,0,0,1,0,0.6531458,0.0,,0,0,0,0.0,0,0.0,-1,1,0,1,train
1,PAYMENT,96.32,C981487964,41255.0,41158.68,M1417554340,0.0,0.0,0,0,1,1,1,4.5780044,0,0,0,1,0,0.0023346907,0.0,,0,0,0,0.0,0,0.0,-1,1,0,1,train
1,TRANSFER,412906.88,C478182173,10353.0,0.0,C1068824137,20894.07,265092.36,0,0,1,1,1,12.93098,0,0,0,0,1,39.87897,-402553.88,-168708.6,1,0,0,0.0,0,0.0,-1,1,0,1,train
1,TRANSFER,288638.46,C596333086,0.0,0.0,C747464370,1106431.03,1567434.81,0,0,1,1,1,12.572933,0,0,0,0,1,288638.47,-288638.47,172365.31,0,0,0,0.0,0,0.0,-1,1,0,1,train
1,PAYMENT,2918.83,C456785282,158.0,0.0,M1043317832,0.0,0.0,0,0,1,1,1,7.9792805,0,0,0,1,0,18.357422,-2760.83,,1,0,0,0.0,0,0.0,-1,1,0,1,train
1,PAYMENT,4852.65,C560465923,30128.26,25275.61,M1485485458,0.0,0.0,0,0,1,1,1,8.487486,0,0,0,1,0,0.16106105,0.0,,0,0,0,0.0,0,0.0,-1,1,0,1,train
1,PAYMENT,13343.47,C210474732,25275.61,11932.14,M1288052401,0.0,0.0,0,0,1,1,1,9.4988575,0,0,0,1,0,0.52789795,1.8189894e-12,,0,0,0,0.0,0,0.0,-1,1,0,1,train
1,DEBIT,1672.55,C764358458,50419.0,48746.45,C885951223,381890.69,215851.28,0,0,1,1,1,7.4227023,0,0,1,0,0,0.033172354,0.0,-167711.95,0,0,0,0.0,0,0.0,-1,1,0,1,train
1,PAYMENT,1020.89,C539240764,75771.0,74750.11,M1883830050,0.0,0.0,0,0,1,1,1,6.929409,0,0,0,1,0,0.013473183,0.0,,0,0,0,0.0,0,0.0,-1,1,0,1,train
1,PAYMENT,4440.79,C201804812,49624.0,45183.21,M1487230025,0.0,0.0,0,0,1,1,1,8.398812,0,0,0,1,0,0.08948695,0.0,,0,0,0,0.0,0,0.0,-1,1,0,1,train
1,PAYMENT,12271.39,C1498016680,715.0,0.0,M1846539844,0.0,0.0,0,0,1,1,1,9.415108,0,0,0,1,0,17.138813,-11556.39,,1,0,0,0.0,0,0.0,-1,1,0,1,train
1,TRANSFER,379953.15,C1490985125,121856.0,0.0,C459857341,19826.79,387263.02,0,0,1,1,1,12.847806,0,0,0,0,1,3.1180248,-258097.16,-12516.92,1,0,0,0.0,0,0.0,-1,1,0,1,train
1,PAYMENT,9198.49,C707506411,5970.0,0.0,M1009326765,0.0,0.0,0,0,1,1,1,9.126904,0,0,0,1,0,1.5405276,-3228.49,,1,0,0,0.0,0,0.0,-1,1,0,1,train
1,PAYMENT,660.52,C755328698,35451.0,34790.48,M7548983,0.0,0.0,0,0,1,1,1,6.49454,0,0,0,1,0,0.01863139,0.0,,0,0,0,0.0,0,0.0,-1,1,0,1,train
1,PAYMENT,3485.64,C1999135802,460.0,0.0,M52487168,0.0,0.0,0,0,1,1,1,8.156693,0,0,0,1,0,7.5610414,-3025.64,,1,0,0,0.0,0,0.0,-1,1,0,1,train
1,PAYMENT,413.84,C85357160,26512.93,26099.09,M486348917,0.0,0.0,0,0,1,1,1,6.027893,0,0,0,1,0,0.015608399,0.0,,0,0,0,0.0,0,0.0,-1,1,0,1,train
1,PAYMENT,3865.44,C683718244,26099.09,22233.65,M742672280,0.0,0.0,0,0,1,1,1,8.26009,0,0,0,1,0,0.14810064,0.0,,0,0,0,0.0,0,0.0,-1,1,0,1,train
1,CASH_OUT,124832.65,C452457802,128.0,0.0,C812586739,4795.0,122027.28,0,0,1,1,1,11.734737,0,1,0,0,0,967.69495,-124704.65,-7600.37,1,0,0,0.0,0,0.0,-1,1,0,1,train
1,TRANSFER,302151.25,C1857910993,166321.0,0.0,C1234250905,1786.0,193018.94,0,0,1,1,1,12.618687,0,0,0,0,1,1.8166643,-135830.25,-110918.31,1,0,0,0.0,0,0.0,-1,1,0,1,train
1,PAYMENT,1854.51,C1130598644,2244.0,389.49,M1293252487,0.0,0.0,0,0,1,1,1,7.5259147,0,0,0,1,0,0.8260624,0.0,,0,0,0,0.0,0,0.0,-1,1,0,1,train
1,PAYMENT,2850.6,C1760401098,51550.07,48699.47,M1829966070,0.0,0.0,0,0,1,1,1,7.9556355,0,0,0,1,0,0.055296622,0.0,,0,0,0,0.0,0,0.0,-1,1,0,1,train
1,CASH_OUT,130905.88,C841537936,48699.47,0.0,C1068824137,433800.95,265092.36,0,0,1,1,1,11.782242,0,1,0,0,0,2.6879797,-82206.41,-299614.47,1,0,0,0.0,0,0.0,-1,1,0,1,train
1,PAYMENT,8782.48,C1424439581,21368.0,12585.52,M1354280589,0.0,0.0,0,0,1,1,1,9.080628,0,0,0,1,0,0.4109916,0.0,,0,0,0,0.0,0,0.0,-1,1,0,1,train
1,CASH_IN,254286.27,C626626764,22351.0,276637.27,C1832532108,11155.0,0.0,0,0,1,1,1,12.446219,1,0,0,0,0,11.376444,-508572.53,-265441.28,0,0,0,0.0,0,0.0,-1,1,0,1,train
1,PAYMENT,10239.16,C1372137902,276637.27,266398.11,M1015799131,0.0,0.0,0,0,1,1,1,9.234073,0,0,0,1,0,0.03701281,5.820766e-11,,0,0,0,0.0,0,0.0,-1,1,0,1,train
1,TRANSFER,7276.69,C701681793,93.0,0.0,C154319946,1463.0,0.0,0,0,1,1,1,8.892569,0,0,0,0,1,77.4116,-7183.69,-8739.69,1,0,0,0.0,0,0.0,-1,1,0,1,train
1,DEBIT,4993.81,C1088744071,20801.0,15807.19,C488044861,120766.35,5203.54,0,0,1,1,1,8.516154,0,0,1,0,0,0.24006394,-1.8189894e-12,-120556.62,0,0,0,0.0,0,0.0,-1,1,0,1,train
1,DEBIT,8531.44,C1484275564,2080.0,0.0,C195600860,31817.35,40348.79,0,0,1,1,1,9.051631,0,0,1,0,0,4.099683,-6451.44,1.8189894e-12,1,0,0,0.0,0,0.0,-1,1,0,1,train
1,PAYMENT,4297.27,C981159997,7468.0,3170.73,M85121323,0.0,0.0,0,0,1,1,1,8.365968,0,0,0,1,0,0.5753474,-4.5474735e-13,,0,0,0,0.0,0,0.0,-1,1,0,1,train
1,PAYMENT,7287.73,C1657125852,3170.73,0.0,M2078239671,0.0,0.0,0,0,1,1,1,8.894085,0,0,0,1,0,2.2977145,-4117.0,,1,0,0,0.0,0,0.0,-1,1,0,1,train
1,PAYMENT,5375.2,C465909321,81625.0,76249.8,M143486875,0.0,0.0,0,0,1,1,1,8.589737,0,0,0,1,0,0.06585157,0.0,,0,0,0,0.0,0,0.0,-1,1,0,1,train
1,PAYMENT,3830.45,C1205419533,84182.0,80351.55,M1197176722,0.0,0.0,0,0,1,1,1,8.2509985,0,0,0,1,0,0.045501467,0.0,,0,0,0,0.0,0,0.0,-1,1,0,1,train
1,TRANSFER,70543.76,C1964926542,80351.55,9807.8,C997608398,1061097.67,157982.12,0,0,1,1,1,11.164002,0,0,0,0,1,0.8779281,-0.01,-973659.3,0,0,0,0.0,0,0.0,-1,1,0,1,train
1,PAYMENT,3558.79,C369901249,20791.0,17232.21,M405488475,0.0,0.0,0,0,1,1,1,8.177457,0,0,0,1,0,0.1711615,0.0,,0,0,0,0.0,0,0.0,-1,1,0,1,train
1,PAYMENT,6891.56,C80756779,41921.0,35029.44,M49969897,0.0,0.0,0,0,1,1,1,8.838198,0,0,0,1,0,0.16439006,0.0,,0,0,0,0.0,0,0.0,-1,1,0,1,train
1,PAYMENT,2875.66,C1970779713,399779.94,396904.27,M923013679,0.0,0.0,0,0,1,1,1,7.964385,0,0,0,1,0,0.0071930895,0.01,,0,0,0,0.0,0,0.0,-1,1,0,1,train
1,PAYMENT,4632.68,C827579900,396904.27,392271.59,M1622135821,0.0,0.0,0,0,1,1,1,8.441107,0,0,0,1,0,0.011672004,0.0,,0,0,0,0.0,0,0.0,-1,1,0,1,train
1,PAYMENT,13693.11,C681747431,392271.59,378578.48,M1059080630,0.0,0.0,0,0,1,1,1,9.524721,0,0,0,1,0,0.03490713,5.820766e-11,,0,0,0,0.0,0,0.0,-1,1,0,1,train
1,TRANSFER,81222.77,C280223635,180207.0,98984.23,C453211571,3243462.05,3461666.05,0,0,1,1,1,11.304963,0,0,0,0,1,0.4507168,0.0,136981.23,0,0,0,0.0,0,0.0,-1,1,0,1,train
1,DEBIT,2801.1,C245530164,661.0,0.0,C63387985,10505.0,3883.96,0,0,1,1,1,7.938124,0,0,1,0,0,4.231269,-2140.1,-9422.14,1,0,0,0.0,0,0.0,-1,1,0,1,train
1,TRANSFER,273951.34,C866273692,0.0,0.0,C1262822392,9392554.49,12494367.15,0,0,1,1,1,12.520709,0,0,0,0,1,273951.34,-273951.34,2.8278612e+06,0,0,0,0.0,0,0.0,-1,1,0,1,train
1,TRANSFER,490341.11,C242408359,20846.0,0.0,C1504109395,0.0,593737.38,0,0,1,1,1,13.102859,0,0,0,0,1,23.520943,-469495.12,103396.27,1,0,0,0.0,0,0.0,-1,1,0,1,train
1,PAYMENT,226.29,C3392189,11762.0,11535.71,M503144273,0.0,0.0,0,0,1,1,1,5.4262266,0,0,0,1,0,0.01923744,0.0,,0,0,0,0.0,0,0.0,-1,1,0,1,train
1,CASH_OUT,204691.97,C1009916891,11535.71,0.0,C1068824137,564706.83,265092.36,0,0,1,1,1,12.229266,0,1,0,0,0,17.742664,-193156.27,-504306.44,1,0,0,0.0,0,0.0,-1,1,0,1,train
1,PAYMENT,3399.54,C612716569,40264.0,36864.46,M985487390,0.0,0.0,0,0,1,1,1,8.131689,0,0,0,1,0,0.08442916,0.0,,0,0,0,0.0,0,0.0,-1,1,0,1,train
1,PAYMENT,261.95,C1296928719,1803.0,1541.05,M1628289406,0.0,0.0,0,0,1,1,1,5.571964,0,0,0,1,0,0.1452051,0.0,,0,0,0,0.0,0,0.0,-1,1,0,1,train
1,PAYMENT,1815.83,C1862674654,383563.24,381747.41,M1068232840,0.0,0.0,0,0,1,1,1,7.5048485,0,0,0,1,0,0.004734096,0.0,,0,0,0,0.0,0,0.0,-1,1,0,1,train
1,PAYMENT,10287.6,C507061061,381747.41,371459.81,M317960117,0.0,0.0,0,0,1,1,1,9.238791,0,0,0,1,0,0.026948638,0.0,,0,0,0,0.0,0,0.0,-1,1,0,1,train
1,DEBIT,2633.08,C1290614253,124905.0,122271.92,C1992550266,17146.0,0.0,0,0,1,1,1,7.8762894,0,0,1,0,0,0.021080492,0.0,-19779.08,0,0,0,0.0,0,0.0,-1,1,0,1,train
1,PAYMENT,8818.07,C740467528,56054.0,47235.93,M2077662850,0.0,0.0,0,0,1,1,1,9.084672,0,0,0,1,0,0.15731104,0.0,,0,0,0,0.0,0,0.0,-1,1,0,1,train
1,PAYMENT,271.77,C1960253514,23550.87,23279.1,M1370495328,0.0,0.0,0,0,1,1,1,5.6086287,0,0,0,1,0,0.0115392115,0.0,,0,0,0,0.0,0,0.0,-1,1,0,1,train
1,PAYMENT,7017.21,C1748097277,23279.1,16261.9,M668760567,0.0,0.0,0,0,1,1,1,8.856263,0,0,0,1,0,0.30142525,-0.01,,0,0,0,0.0,0,0.0,-1,1,0,1,train
1,PAYMENT,16709.74,C1803890702,26396.0,9686.26,M984567559,0.0,0.0,0,0,1,1,1,9.723807,0,0,0,1,0,0.63301665,-1.8189894e-12,,0,0,0,0.0,0,0.0,-1,1,0,1,train
1,PAYMENT,2020.04,C1556061855,9686.26,7666.22,M417875774,0.0,0.0,0,0,1,1,1,7.6113677,0,0,0,1,0,0.20852542,0.0,,0,0,0,0.0,0,0.0,-1,1,0,1,train
1,PAYMENT,3601.28,C1513029997,10621.0,7019.72,M439925336,0.0,0.0,0,0,1,1,1,8.189322,0,0,0,1,0,0.33903974,-9.094947e-13,,0,0,0,0.0,0,0.0,-1,1,0,1,train
1,DEBIT,6027.22,C986944742,277100.0,271072.78,C1286084959,2628937.05,2107778.11,0,0,1,1,1,8.704207,0,0,1,0,0,0.021750987,0.0,-527186.2,0,0,0,0.0,0,0.0,-1,1,0,1,train
1,PAYMENT,7886.77,C1616438581,10863.0,2976.23,M1121891386,0.0,0.0,0,0,1,1,1,8.973069,0,0,0,1,0,0.72595453,-4.5474735e-13,,0,0,0,0.0,0,0.0,-1,1,0,1,train
1,TRANSFER,421520.68,C501951555,80772.0,0.0,C2083117811,31429.67,290772.6,0,0,1,1,1,12.951627,0,0,0,0,1,5.218584,-340748.7,-162177.75,1,0,0,0.0,0,0.0,-1,1,0,1,train
1,PAYMENT,2444.49,C1002041276,31454.0,29009.51,M485475507,0.0,0.0,0,0,1,1,1,7.802001,0,0,0,1,0,0.07771388,3.637979e-12,,0,0,0,0.0,0,0.0,-1,1,0,1,train
1,PAYMENT,2786.6,C724028528,29009.51,26222.91,M1869247587,0.0,0.0,0,0,1,1,1,7.932936,0,0,0,1,0,0.096054845,0.0,,0,0,0,0.0,0,0.0,-1,1,0,1,train
1,PAYMENT,2186.58,C467313213,46265.0,44078.42,M2045913001,0.0,0.0,0,0,1,1,1,7.6905513,0,0,0,1,0,0.047261056,0.0,,0,0,0,0.0,0,0.0,-1,1,0,1,train
1,CASH_OUT,265803.38,C1822630059,2634964.27,2369160.89,C1839337592,20480.0,141110.62,0,0,1,1,1,12.490516,0,1,0,0,0,0.100875475,0.0,-145172.77,0,0,0,0.0,0,0.0,-1,1,0,1,train
1,PAYMENT,12363.37,C1356236848,2369160.89,2356797.53,M508760925,0.0,0.0,0,0,1,1,1,9.422574,0,0,0,1,0,0.0052184574,-0.01,,0,0,0,0.0,0,0.0,-1,1,0,1,train
1,DEBIT,3014.72,C1987354705,31568.0,28553.28,C40075281,25407.65,28422.37,0,0,1,1,1,8.011594,0,0,1,0,0,0.095496215,0.0,-2.2737368e-12,0,0,0,0.0,0,0.0,-1,1,0,1,train
1,TRANSFER,9533.48,C61304908,13056.0,3522.52,C800281454,888.0,0.0,0,0,1,1,1,9.16267,0,0,0,0,1,0.7301432,4.5474735e-13,-10421.48,0,0,0,0.0,0,0.0,-1,1,0,1,train
1,TRANSFER,139555.44,C1733619456,19466.0,0.0,C317071334,0.0,139555.44,0,0,1,1,1,11.846225,0,0,0,0,1,7.168821,-120089.44,0.0,1,0,0,0.0,0,0.0,-1,1,0,1,train
1,PAYMENT,13525.15,C1637601612,173.0,0.0,M842957574,0.0,0.0,0,0,1,1,1,9.512381,0,0,0,1,0,77.73074,-13352.15,,1,0,0,0.0,0,0.0,-1,1,0,1,train
1,PAYMENT,5134.7,C170106909,341.0,0.0,M1255109302,0.0,0.0,0,0,1,1,1,8.543971,0,0,0,1,0,15.013742,-4793.7,,1,0,0,0.0,0,0.0,-1,1,0,1,train
1,PAYMENT,4881.15,C1969347346,30241.0,25359.85,M855724043,0.0,0.0,0,0,1,1,1,8.493341,0,0,0,1,0,0.16140302,0.0,,0,0,0,0.0,0,0.0,-1,1,0,1,train
1,CASH_OUT,130470.14,C615853374,25359.85,0.0,C564160838,1280773.97,1254956.07,0,0,1,1,1,11.778908,0,1,0,0,0,5.1445494,-105110.29,-156288.05,1,0,0,0.0,0,0.0,-1,1,0,1,train
1,TRANSFER,722161.86,C366916060,11120.0,0.0,C836514715,0.0,708608.07,0,0,1,1,1,13.4900055,0,0,0,0,1,64.936775,-711041.9,-13553.79,1,0,0,0.0,0,0.0,-1,1,0,1,train
1,PAYMENT,5085.47,C1855734078,104537.0,99451.53,M1470420462,0.0,0.0,0,0,1,1,1,8.534339,0,0,0,1,0,0.048647095,0.0,,0,0,0,0.0,0,0.0,-1,1,0,1,train
1,PAYMENT,4617.63,C1526062841,61807.0,57189.37,M977650730,0.0,0.0,0,0,1,1,1,8.437854,0,0,0,1,0,0.07470926,0.0,,0,0,0,0.0,0,0.0,-1,1,0,1,train
1,PAYMENT,3941.6,C920446957,128.0,0.0,M1202081661,0.0,0.0,0,0,1,1,1,8.279595,0,0,0,1,0,30.555038,-3813.6,,1,0,0,0.0,0,0.0,-1,1,0,1,train
1,PAYMENT,1471.39,C869290854,0.0,0.0,M664839586,0.0,0.0,0,0,1,1,1,7.294642,0,0,0,1,0,1471.39,-1471.39,,0,0,0,0.0,0,0.0,-1,1,0,1,train
1,PAYMENT,5480.96,C1989332276,379457.0,373976.04,M54176060,0.0,0.0,0,0,1,1,1,8.609218,0,0,0,1,0,0.014444181,0.0,,0,0,0,0.0,0,0.0,-1,1,0,1,train
1,PAYMENT,1834.74,C851480926,40061.0,38226.26,M275754769,0.0,0.0,0,0,1,1,1,7.515203,0,0,0,1,0,0.045797516,0.0,,0,0,0,0.0,0,0.0,-1,1,0,1,train
1,CASH_IN,365914.64,C1895054149,1314.0,367228.64,C614685048,0.0,0.0,0,0,1,1,1,12.810158,1,0,0,0,0,278.2621,-731829.25,-365914.62,0,1,0,0.0,0,0.0,-1,1,0,1,train
1,PAYMENT,16472.92,C651235118,367228.64,350755.71,M279781579,0.0,0.0,0,0,1,1,1,9.709534,0,0,0,1,0,0.04485727,0.01,,0,0,0,0.0,0,0.0,-1,1,0,1,train
1,PAYMENT,31922.09,C2111247080,350755.71,318833.62,M740827140,0.0,0.0,0,0,1,1,1,10.371085,0,0,0,1,0,0.09100921,0.0,,0,0,0,0.0,0,0.0,-1,1,0,1,train
1,PAYMENT,6450.56,C36627152,2006.0,0.0,M2080125222,0.0,0.0,0,0,1,1,1,8.772078,0,0,0,1,0,3.214031,-4444.56,,1,0,0,0.0,0,0.0,-1,1,0,1,train
1,CASH_OUT,315325.25,C1048128739,0.0,0.0,C665576141,5341103.79,5515763.34,0,0,1,1,1,12.661363,0,1,0,0,0,315325.25,-315325.25,-140665.7,0,0,0,0.0,0,0.0,-1,1,0,1,train
1,PAYMENT,2869.11,C1404834600,116740.0,113870.89,M653345773,0.0,0.0,0,0,1,1,1,7.9621058,0,0,0,1,0,0.024576712,0.0,,0,0,0,0.0,0,0.0,-1,1,0,1,train
1,PAYMENT,2738.86,C1008612116,12622.0,9883.14,M1266093632,0.0,0.0,0,0,1,1,1,7.9156623,0,0,0,1,0,0.21697378,0.0,,0,0,0,0.0,0,0.0,-1,1,0,1,train
1,CASH_IN,60503.37,C2028036437,18465.0,78968.37,C1860513229,55118.2,0.0,0,0,1,1,1,11.010471,1,0,0,0,0,3.276474,-121006.74,-115621.57,0,0,0,0.0,0,0.0,-1,1,0,1,train
1,PAYMENT,450.55,C1420012431,12203.0,11752.45,M426288284,0.0,0.0,0,0,1,1,1,6.112686,0,0,0,1,0,0.036918223,0.0,,0,0,0,0.0,0,0.0,-1,1,0,1,train
1,DEBIT,8161.64,C1780399359,99379.0,91217.36,C1504109395,490341.11,593737.38,0,0,1,1,1,9.007323,0,0,1,0,0,0.08212558,0.0,95234.63,0,0,0,0.0,0,0.0,-1,1,0,1,train
1,TRANSFER,40149.38,C428245792,287443.9,247294.52,C1291286504,26426.12,66575.5,0,0,1,1,1,10.600388,0,0,0,0,1,0.13967678,2.910383e-11,7.275958e-12,0,0,0,0.0,0,0.0,-1,1,0,1,train
1,PAYMENT,5829.39,C1353759820,247294.52,241465.13,M203472514,0.0,0.0,0,0,1,1,1,8.670839,0,0,0,1,0,0.023572566,-2.910383e-11,,0,0,0,0.0,0,0.0,-1,1,0,1,train
1,PAYMENT,9119.89,C331748029,241465.13,232345.24,M1056185446,0.0,0.0,0,0,1,1,1,9.118322,0,0,0,1,0,0.03776882,0.0,,0,0,0,0.0,0,0.0,-1,1,0,1,train
1,PAYMENT,3854.39,C1802736936,11049.0,7194.61,M1647243882,0.0,0.0,0,0,1,1,1,8.257228,0,0,0,1,0,0.34881356,9.094947e-13,,0,0,0,0.0,0,0.0,-1,1,0,1,train
1,PAYMENT,1053.13,C1105090408,107327.0,106273.87,M1599566873,0.0,0.0,0,0,1,1,1,6.960471,0,0,0,1,0,0.009812258,0.0,,0,0,0,0.0,0,0.0,-1,1,0,1,train
1,PAYMENT,7296.95,C687501326,12853.74,5556.8,M1028811481,0.0,0.0,0,0,1,1,1,8.895349,0,0,0,1,0,0.5676466,-0.01,,0,0,0,0.0,0,0.0,-1,1,0,1,train
1,PAYMENT,9114.34,C235151116,5556.8,0.0,M1779914089,0.0,0.0,0,0,1,1,1,9.117714,0,0,0,1,0,1.6399187,-3557.54,,1,0,0,0.0,0,0.0,-1,1,0,1,train
1,PAYMENT,18625.28,C295055909,0.0,0.0,M1060935276,0.0,0.0,0,0,1,1,1,9.832329,0,0,0,1,0,18625.28,-18625.28,,0,0,0,0.0,0,0.0,-1,1,0,1,train
1,PAYMENT,2134.11,C300811000,0.0,0.0,M1090695601,0.0,0.0,0,0,1,1,1,7.6662736,0,0,0,1,0,2134.11,-2134.11,,0,0,0,0.0,0,0.0,-1,1,0,1,train
1,PAYMENT,3743.03,C1638249646,0.0,0.0,M980533504,0.0,0.0,0,0,1,1,1,8.227918,0,0,0,1,0,3743.03,-3743.03,,0,0,0,0.0,0,0.0,-1,1,0,1,train
1,PAYMENT,17457.7,C1533672820,0.0,0.0,M254955665,0.0,0.0,0,0,1,1,1,9.767593,0,0,0,1,0,17457.7,-17457.7,,0,0,0,0.0,0,0.0,-1,1,0,1,train
1,PAYMENT,1098.78,C1132369181,0.0,0.0,M2008229299,0.0,0.0,0,0,1,1,1,7.0028653,0,0,0,1,0,1098.78,-1098.78,,0,0,0,0.0,0,0.0,-1,1,0,1,train
1,PAYMENT,1393.49,C1671816300,0.0,0.0,M2123269713,0.0,0.0,0,0,1,1,1,7.240284,0,0,0,1,0,1393.49,-1393.49,,0,0,0,0.0,0,0.0,-1,1,0,1,train
1,PAYMENT,3466.83,C1240412896,0.0,0.0,M656349395,0.0,0.0,0,0,1,1,1,8.151284,0,0,0,1,0,3466.83,-3466.83,,0,0,0,0.0,0,0.0,-1,1,0,1,train
1,PAYMENT,12960.72,C1809129176,0.0,0.0,M1642308093,0.0,0.0,0,0,1,1,1,9.469756,0,0,0,1,0,12960.72,-12960.72,,0,0,0,0.0,0,0.0,-1,1,0,1,train
1,PAYMENT,3383.61,C1370224403,0.0,0.0,M246264949,0.0,0.0,0,0,1,1,1,8.126994,0,0,0,1,0,3383.61,-3383.61,,0,0,0,0.0,0,0.0,-1,1,0,1,train
1,PAYMENT,3285.68,C1296910502,0.0,0.0,M828241083,0.0,0.0,0,0,1,1,1,8.097633,0,0,0,1,0,3285.68,-3285.68,,0,0,0,0.0,0,0.0,-1,1,0,1,train
1,PAYMENT,4898.07,C1069584108,0.0,0.0,M1554877309,0.0,0.0,0,0,1,1,1,8.4968,0,0,0,1,0,4898.07,-4898.07,,0,0,0,0.0,0,0.0,-1,1,0,1,train
1,PAYMENT,9642.19,C2063786038,0.0,0.0,M623131585,0.0,0.0,0,0,1,1,1,9.174007,0,0,0,1,0,9642.19,-9642.19,,0,0,0,0.0,0,0.0,-1,1,0,1,train
1,PAYMENT,1919.77,C505968231,0.0,0.0,M779018428,0.0,0.0,0,0,1,1,1,7.5604815,0,0,0,1,0,1919.77,-1919.77,,0,0,0,0.0,0,0.0,-1,1,0,1,train
1,PAYMENT,21820.68,C1107404311,0.0,0.0,M1182758821,0.0,0.0,0,0,1,1,1,9.99066,0,0,0,1,0,21820.68,-21820.68,,0,0,0,0.0,0,0.0,-1,1,0,1,train
1,PAYMENT,18187.81,C465152579,0.0,0.0,M1108066952,0.0,0.0,0,0,1,1,1,9.808562,0,0,0,1,0,18187.81,-18187.81,,0,0,0,0.0,0,0.0,-1,1,0,1,train
1,PAYMENT,23069.76,C234223040,0.0,0.0,M814377348,0.0,0.0,0,0,1,1,1,10.046321,0,0,0,1,0,23069.76,-23069.76,,0,0,0,0.0,0,0.0,-1,1,0,1,train
1,PAYMENT,6820.53,C1723278948,0.0,0.0,M2050275256,0.0,0.0,0,0,1,1,1,8.827839,0,0,0,1,0,6820.53,-6820.53,,0,0,0,0.0,0,0.0,-1,1,0,1,train
1,PAYMENT,2635.06,C1489831627,105.0,0.0,M1005093407,0.0,0.0,0,0,1,1,1,7.877041,0,0,0,1,0,24.859056,-2530.06,,1,0,0,0.0,0,0.0,-1,1,0,1,train
1,PAYMENT,5371.1,C1689458432,14805.0,9433.9,M996533593,0.0,0.0,0,0,1,1,1,8.588974,0,0,0,1,0,0.3627651,0.0,,0,0,0,0.0,0,0.0,-1,1,0,1,train
1,CASH_OUT,358124.44,C195970976,19909.0,0.0,C1789550256,5042517.42,4619798.56,0,0,1,1,1,12.788639,0,1,0,0,0,17.987164,-338215.44,-780843.3,1,0,0,0.0,0,0.0,-1,1,0,1,train
1,PAYMENT,2645.88,C1957282992,94.0,0.0,M140428850,0.0,0.0,0,0,1,1,1,7.881137,0,0,0,1,0,27.851368,-2551.88,,1,0,0,0.0,0,0.0,-1,1,0,1,train
1,DEBIT,5454.05,C470132045,86214.0,80759.95,C1330106945,18590.13,24044.18,0,0,1,1,1,8.604297,0,0,1,0,0,0.06326103,0.0,-9.094947e-13,0,0,0,0.0,0,0.0,-1,1,0,1,train
1,PAYMENT,2691.57,C1710191146,11618.0,8926.43,M1608103523,0.0,0.0,0,0,1,1,1,7.8982515,0,0,0,1,0,0.23165247,0.0,,0,0,0,0.0,0,0.0,-1,1,0,1,train
1,DEBIT,3269.57,C558404860,57324.0,54054.43,C767904468,20445.0,0.0,0,0,1,1,1,8.09272,0,0,1,0,0,0.057035673,0.0,-23714.57,0,0,0,0.0,0,0.0,-1,1,0,1,train
1,PAYMENT,3623.4,C274100821,39410.0,35786.6,M238431319,0.0,0.0,0,0,1,1,1,8.195444,0,0,0,1,0,0.0919388,0.0,,0,0,0,0.0,0,0.0,-1,1,0,1,train
1,PAYMENT,102.37,C474933596,43046.0,42943.63,M2042917213,0.0,0.0,0,0,1,1,1,4.6383147,0,0,0,1,0,0.0023780984,0.0,,0,0,0,0.0,0,0.0,-1,1,0,1,train
1,PAYMENT,5601.3,C1520656618,7638.0,2036.7,M1699265405,0.0,0.0,0,0,1,1,1,8.630933,0,0,0,1,0,0.73325044,-2.2737368e-13,,0,0,0,0.0,0,0.0,-1,1,0,1,train
1,CASH_OUT,151768.14,C237484673,2036.7,0.0,C357863579,179331.6,92307.65,0,0,1,1,1,11.930116,0,1,0,0,0,74.48012,-149731.44,-238792.1,1,0,0,0.0,0,0.0,-1,1,0,1,train
1,PAYMENT,2725.19,C1412656257,14785.0,12059.81,M358019805,0.0,0.0,0,0,1,1,1,7.9106603,0,0,0,1,0,0.18430881,0.0,,0,0,0,0.0,0,0.0,-1,1,0,1,train
1,PAYMENT,1534.54,C904208473,12059.81,10525.28,M103118806,0.0,0.0,0,0,1,1,1,7.3366375,0,0,0,1,0,0.12723358,-0.01,,0,0,0,0.0,0,0.0,-1,1,0,1,train
1,PAYMENT,402.54,C1237144823,10525.28,10122.73,M1801422599,0.0,0.0,0,0,1,1,1,6.0002756,0,0,0,1,0,0.03824143,0.01,,0,0,0,0.0,0,0.0,-1,1,0,1,train
1,DEBIT,12617.81,C1998882269,10709.0,0.0,C1424082571,30393.0,0.0,0,0,1,1,1,9.442944,0,0,1,0,0,1.1781335,-1908.81,-43010.81,1,0,0,0.0,0,0.0,-1,1,0,1,train
1,PAYMENT,3631.87,C1511180072,13178.14,9546.27,M2041264753,0.0,0.0,0,0,1,1,1,8.197779,0,0,0,1,0,0.27557716,0.0,,0,0,0,0.0,0,0.0,-1,1,0,1,train
1,CASH_OUT,333946.96,C1851522556,9546.27,0.0,C1170794006,4921976.75,22190.99,0,0,1,1,1,12.71874,0,1,0,0,0,34.978268,-324400.7,-5.2337325e+06,1,0,0,0.0,0,0.0,-1,1,0,1,train
1,PAYMENT,7648.78,C1031968647,1596.0,0.0,M1902455960,0.0,0.0,0,0,1,1,1,8.942432,0,0,0,1,0,4.789468,-6052.78,,1,0,0,0.0,0,0.0,-1,1,0,1,train
1,PAYMENT,11679.19,C1371400311,30414.0,18734.81,M1622694817,0.0,0.0,0,0,1,1,1,9.365649,0,0,0,1,0,0.3839944,-3.637979e-12,,0,0,0,0.0,0,0.0,-1,1,0,1,train
1,PAYMENT,272.8,C1227867806,101473.0,101200.2,M292958927,0.0,0.0,0,0,1,1,1,5.612398,0,0,0,1,0,0.0026883734,0.0,,0,0,0,0.0,0,0.0,-1,1,0,1,train
1,PAYMENT,1380.95,C800493254,32860.06,31479.11,M225553858,0.0,0.0,0,0,1,1,1,7.231251,0,0,0,1,0,0.042023905,-3.637979e-12,,0,0,0,0.0,0,0.0,-1,1,0,1,train
1,CASH_OUT,29587.32,C987595204,31479.11,1891.79,C998351292,1751806.56,1015132.48,0,0,1,1,1,10.295135,0,1,0,0,0,0.93987346,9.094947e-13,-766261.4,0,0,0,0.0,0,0.0,-1,1,0,1,train
1,PAYMENT,1056.64,C438123546,5578.0,4521.36,M29774113,0.0,0.0,0,0,1,1,1,6.963795,0,0,0,1,0,0.18939595,0.0,,0,0,0,0.0,0,0.0,-1,1,0,1,train
1,PAYMENT,2515.46,C22668134,270.0,0.0,M1474072872,0.0,0.0,0,0,1,1,1,7.8306084,0,0,0,1,0,9.28214,-2245.46,,1,0,0,0.0,0,0.0,-1,1,0,1,train
1,DEBIT,6077.94,C609389093,73904.0,67826.06,C775514090,11082.0,0.0,0,0,1,1,1,8.712585,0,0,1,0,0,0.0822399,0.0,-17159.94,0,0,0,0.0,0,0.0,-1,1,0,1,train
1,DEBIT,8648.45,C397318359,6734.0,0.0,C171493374,11010.0,0.0,0,0,1,1,1,9.065251,0,0,1,0,0,1.2841054,-1914.45,-19658.45,1,0,0,0.0,0,0.0,-1,1,0,1,train
1,DEBIT,5264.43,C1495407511,326183.0,320918.57,C778731861,20989.0,0.0,0,0,1,1,1,8.568918,0,0,1,0,0,0.01613945,0.0,-26253.43,0,0,0,0.0,0,0.0,-1,1,0,1,train
1,PAYMENT,3821.75,C1791267914,10183.0,6361.25,M1517758613,0.0,0.0,0,0,1,1,1,8.248725,0,0,0,1,0,0.37527004,0.0,,0,0,0,0.0,0,0.0,-1,1,0,1,train
1,PAYMENT,4920.42,C972843820,49478.0,44557.58,M1883971879,0.0,0.0,0,0,1,1,1,8.501352,0,0,0,1,0,0.09944461,0.0,,0,0,0,0.0,0,0.0,-1,1,0,1,train
1,PAYMENT,5635.6,C1055104416,31710.42,26074.82,M1563634025,0.0,0.0,0,0,1,1,1,8.637036,0,0,0,1,0,0.17771515,0.0,,0,0,0,0.0,0,0.0,-1,1,0,1,train
1,PAYMENT,11508.76,C130850024,26074.82,14566.06,M774362927,0.0,0.0,0,0,1,1,1,9.35095,0,0,0,1,0,0.44135755,0.0,,0,0,0,0.0,0,0.0,-1,1,0,1,train
1,PAYMENT,2147.21,C202064342,101336.0,99188.79,M1211586911,0.0,0.0,0,0,1,1,1,7.67239,0,0,0,1,0,0.021188805,0.0,,0,0,0,0.0,0,0.0,-1,1,0,1,train
1,PAYMENT,8380.77,C738174829,119.0,0.0,M997294994,0.0,0.0,0,0,1,1,1,9.033814,0,0,0,1,0,69.83975,-8261.77,,1,0,0,0.0,0,0.0,-1,1,0,1,train
1,PAYMENT,3850.6,C1830969563,2839821.61,2835971.01,M523051393,0.0,0.0,0,0,1,1,1,8.256244,0,0,0,1,0,0.0013559298,0.0,,0,0,0,0.0,0,0.0,-1,1,0,1,train
1,PAYMENT,5238.73,C1237264838,2835971.01,2830732.28,M2128961136,0.0,0.0,0,0,1,1,1,8.564025,0,0,0,1,0,0.0018472432,0.0,,0,0,0,0.0,0,0.0,-1,1,0,1,train
1,PAYMENT,6173.13,C4181455,100312.0,94138.87,M1986581856,0.0,0.0,0,0,1,1,1,8.728124,0,0,0,1,0,0.061538685,0.0,,0,0,0,0.0,0,0.0,-1,1,0,1,train
1,PAYMENT,1196.9,C1177101170,1956340.01,1955143.11,M309060377,0.0,0.0,0,0,1,1,1,7.0883255,0,0,0,1,0,0.0006118054,0.0,,0,0,0,0.0,0,0.0,-1,1,0,1,train
1,PAYMENT,150.07,C1816397102,1955143.11,1954993.04,M1547116051,0.0,0.0,0,0,1,1,1,5.017743,0,0,0,1,0,7.675649e-05,0.0,,0,0,0,0.0,0,0.0,-1,1,0,1,train
1,PAYMENT,624.1,C1393198164,1954993.04,1954368.93,M506775047,0.0,0.0,0,0,1,1,1,6.4379115,0,0,0,1,0,0.00031923372,0.01,,0,0,0,0.0,0,0.0,-1,1,0,1,train
1,PAYMENT,1012.86,C1377160602,284879.0,283866.14,M917935693,0.0,0.0,0,0,1,1,1,6.92152,0,0,0,1,0,0.0035553917,0.0,,0,0,0,0.0,0,0.0,-1,1,0,1,train
1,PAYMENT,3688.28,C823758059,32528.0,28839.72,M153448497,0.0,0.0,0,0,1,1,1,8.213186,0,0,0,1,0,0.113384366,0.0,,0,0,0,0.0,0,0.0,-1,1,0,1,train
1,TRANSFER,26112.94,C1965036946,29008.0,2895.06,C611572016,0.0,2608.64,0,0,1,1,1,10.170224,0,0,0,0,1,0.90016687,1.364242e-12,-23504.3,0,0,0,0.0,0,0.0,-1,1,0,1,train
1,CASH_OUT,286590.92,C1999036805,2895.06,0.0,C306206744,2830732.28,3554299.27,0,0,1,1,1,12.565815,0,1,0,0,0,98.9589,-283695.88,436976.06,1,0,0,0.0,0,0.0,-1,1,0,1,train
1,PAYMENT,5430.53,C178603358,12096.0,6665.47,M673384643,0.0,0.0,0,0,1,1,1,8.599977,0,0,0,1,0,0.44891542,0.0,,0,0,0,0.0,0,0.0,-1,1,0,1,train
1,PAYMENT,13840.98,C1574573264,7252.0,0.0,M498134055,0.0,0.0,0,0,1,1,1,9.535461,0,0,0,1,0,1.908311,-6588.98,,1,0,0,0.0,0,0.0,-1,1,0,1,train
1,PAYMENT,11479.22,C1033880954,179.0,0.0,M223000346,0.0,0.0,0,0,1,1,1,9.348381,0,0,0,1,0,63.773445,-11300.22,,1,0,0,0.0,0,0.0,-1,1,0,1,train
1,CASH_OUT,119570.96,C3886839,0.0,0.0,C1170794006,5255923.71,22190.99,0,0,1,1,1,11.691673,0,1,0,0,0,119570.96,-119570.96,-5.3533035e+06,0,0,0,0.0,0,0.0,-1,1,0,1,train
1,DEBIT,818.99,C451959555,35335.0,34516.01,C1321640594,11932.14,18910.85,0,0,1,1,1,6.709292,0,0,1,0,0,0.023177214,0.0,6159.72,0,0,0,0.0,0,0.0,-1,1,0,1,train
1,PAYMENT,2736.66,C1502079282,10145.0,7408.34,M28145535,0.0,0.0,0,0,1,1,1,7.914859,0,0,0,1,0,0.26972798,0.0,,0,0,0,0.0,0,0.0,-1,1,0,1,train
1,PAYMENT,6166.35,C1539038539,10704.0,4537.65,M1133227388,0.0,0.0,0,0,1,1,1,8.727024,0,0,0,1,0,0.57602525,0.0,,0,0,0,0.0,0,0.0,-1,1,0,1,train
1,PAYMENT,4052.14,C623051334,107305.0,103252.86,M1340051218,0.0,0.0,0,0,1,1,1,8.307247,0,0,0,1,0,0.037762474,0.0,,0,0,0,0.0,0,0.0,-1,1,0,1,train
1,PAYMENT,6730.59,C1250644519,43809.91,37079.31,M1425405511,0.0,0.0,0,0,1,1,1,8.814567,0,0,0,1,0,0.15362817,0.01,,0,0,0,0.0,0,0.0,-1,1,0,1,train
1,TRANSFER,259096.62,C1769598893,37079.31,0.0,C1335050193,272725.11,353532.56,0,0,1,1,1,12.46496,0,0,0,0,1,6.987445,-222017.31,-178289.17,1,0,0,0.0,0,0.0,-1,1,0,1,train
1,TRANSFER,21502.38,C1517116047,0.0,0.0,C1023714065,2361788.82,1412484.09,0,0,1,1,1,9.9759655,0,0,0,0,1,21502.38,-21502.38,-970807.1,0,0,0,0.0,0,0.0,-1,1,0,1,train
1,PAYMENT,1810.88,C1248276879,27574.0,25763.12,M828088650,0.0,0.0,0,0,1,1,1,7.5021205,0,0,0,1,0,0.06567108,0.0,,0,0,0,0.0,0,0.0,-1,1,0,1,train
1,PAYMENT,700.86,C402207819,859272.0,858571.14,M670084377,0.0,0.0,0,0,1,1,1,6.553734,0,0,0,1,0,0.000815643,0.0,,0,0,0,0.0,0,0.0,-1,1,0,1,train
1,DEBIT,7273.9,C1424497441,31264.0,23990.1,C832279283,161540.23,185389.8,0,0,1,1,1,8.892185,0,0,1,0,0,0.23265313,0.0,16575.67,0,0,0,0.0,0,0.0,-1,1,0,1,train
1,PAYMENT,4845.31,C953528583,5998.0,1152.69,M1716551994,0.0,0.0,0,0,1,1,1,8.485972,0,0,0,1,0,0.80768627,-4.5474735e-13,,0,0,0,0.0,0,0.0,-1,1,0,1,train
1,PAYMENT,1153.98,C1156210828,20432.0,19278.02,M1355766307,0.0,0.0,0,0,1,1,1,7.0518384,0,0,0,1,0,0.056476288,0.0,,0,0,0,0.0,0,0.0,-1,1,0,1,train
1,PAYMENT,1624.03,C1158124724,3079.0,1454.97,M658281599,0.0,0.0,0,0,1,1,1,7.3932815,0,0,0,1,0,0.5272825,0.0,,0,0,0,0.0,0,0.0,-1,1,0,1,train
1,PAYMENT,8076.53,C809860628,172012.0,163935.47,M452015229,0.0,0.0,0,0,1,1,1,8.996841,0,0,0,1,0,0.046953022,0.0,,0,0,0,0.0,0,0.0,-1,1,0,1,train
1,PAYMENT,1313.6,C1663738275,21210.0,19896.4,M544628437,0.0,0.0,0,0,1,1,1,7.181288,0,0,0,1,0,0.06193013,0.0,,0,0,0,0.0,0,0.0,-1,1,0,1,train
1,PAYMENT,6128.41,C995631377,91737.45,85609.04,M681158875,0.0,0.0,0,0,1,1,1,8.720854,0,0,0,1,0,0.06680307,0.0,,0,0,0,0.0,0,0.0,-1,1,0,1,train
1,PAYMENT,11301.82,C512238546,85609.04,74307.22,M203048480,0.0,0.0,0,0,1,1,1,9.332808,0,0,0,1,0,0.13201512,0.0,,0,0,0,0.0,0,0.0,-1,1,0,1,train
1,PAYMENT,4508.96,C1991290395,74307.22,69798.26,M319426406,0.0,0.0,0,0,1,1,1,8.414043,0,0,0,1,0,0.060679156,0.0,,0,0,0,0.0,0,0.0,-1,1,0,1,train
1,PAYMENT,2588.24,C1279469670,69798.26,67210.02,M305552520,0.0,0.0,0,0,1,1,1,7.85912,0,0,0,1,0,0.037081197,-1.4551915e-11,,0,0,0,0.0,0,0.0,-1,1,0,1,train
1,PAYMENT,909.33,C1627781283,67210.02,66300.68,M574077658,0.0,0.0,0,0,1,1,1,6.813807,0,0,0,1,0,0.013529478,0.01,,0,0,0,0.0,0,0.0,-1,1,0,1,train
1,PAYMENT,7123.18,C2011342562,66300.68,59177.5,M1460696714,0.0,0.0,0,0,1,1,1,8.87125,0,0,0,1,0,0.10743589,-7.275958e-12,,0,0,0,0.0,0,0.0,-1,1,0,1,train
1,PAYMENT,4449.8,C429804587,59177.5,54727.71,M115397800,0.0,0.0,0,0,1,1,1,8.400839,0,0,0,1,0,0.07519285,-0.01,,0,0,0,0.0,0,0.0,-1,1,0,1,train
1,PAYMENT,663.34,C1691858720,54727.71,54064.37,M807872790,0.0,0.0,0,0,1,1,1,6.498794,0,0,0,1,0,0.012120512,0.0,,0,0,0,0.0,0,0.0,-1,1,0,1,train
1,PAYMENT,4043.76,C1538511917,54064.37,50020.61,M1542856295,0.0,0.0,0,0,1,1,1,8.305178,0,0,0,1,0,0.074793905,0.0,,0,0,0,0.0,0,0.0,-1,1,0,1,train
1,PAYMENT,15350.84,C46259342,50020.61,34669.76,M187120217,0.0,0.0,0,0,1,1,1,9.63899,0,0,0,1,0,0.30688417,0.01,,0,0,0,0.0,0,0.0,-1,1,0,1,train
1,PAYMENT,11917.23,C1316001196,34669.76,22752.54,M622772003,0.0,0.0,0,0,1,1,1,9.385824,0,0,0,1,0,0.34372565,-0.01,,0,0,0,0.0,0,0.0,-1,1,0,1,train
1,PAYMENT,14145.51,C699871906,22752.54,8607.03,M460333119,0.0,0.0,0,0,1,1,1,9.557223,0,0,0,1,0,0.6216839,0.0,,0,0,0,0.0,0,0.0,-1,1,0,1,train
1,PAYMENT,28301.88,C1365711624,8607.03,0.0,M22040992,0.0,0.0,0,0,1,1,1,10.250719,0,0,0,1,0,3.2878463,-19694.85,,1,0,0,0.0,0,0.0,-1,1,0,1,train
1,PAYMENT,6976.97,C291651850,0.0,0.0,M185203393,0.0,0.0,0,0,1,1,1,8.850513,0,0,0,1,0,6976.97,-6976.97,,0,0,0,0.0,0,0.0,-1,1,0,1,train
1,PAYMENT,19572.25,C1658785779,0.0,0.0,M1627496281,0.0,0.0,0,0,1,1,1,9.881919,0,0,0,1,0,19572.25,-19572.25,,0,0,0,0.0,0,0.0,-1,1,0,1,train
1,PAYMENT,17389.94,C1659435106,0.0,0.0,M653515020,0.0,0.0,0,0,1,1,1,9.763704,0,0,0,1,0,17389.94,-17389.94,,0,0,0,0.0,0,0.0,-1,1,0,1,train
1,PAYMENT,12123.91,C1011481270,0.0,0.0,M1365197105,0.0,0.0,0,0,1,1,1,9.403017,0,0,0,1,0,12123.91,-12123.91,,0,0,0,0.0,0,0.0,-1,1,0,1,train
1,PAYMENT,20007.91,C1951500432,0.0,0.0,M1280443567,0.0,0.0,0,0,1,1,1,9.903933,0,0,0,1,0,20007.91,-20007.91,,0,0,0,0.0,0,0.0,-1,1,0,1,train
1,PAYMENT,18389.77,C1061018585,0.0,0.0,M348148678,0.0,0.0,0,0,1,1,1,9.819604,0,0,0,1,0,18389.77,-18389.77,,0,0,0,0.0,0,0.0,-1,1,0,1,train
1,PAYMENT,5947.8,C1814908102,0.0,0.0,M814111376,0.0,0.0,0,0,1,1,1,8.690945,0,0,0,1,0,5947.8,-5947.8,,0,0,0,0.0,0,0.0,-1,1,0,1,train
1,PAYMENT,804.16,C1630841930,0.0,0.0,M2004655561,0.0,0.0,0,0,1,1,1,6.691041,0,0,0,1,0,804.16,-804.16,,0,0,0,0.0,0,0.0,-1,1,0,1,train
1,PAYMENT,14711.9,C1907467420,0.0,0.0,M1944138464,0.0,0.0,0,0,1,1,1,9.59648,0,0,0,1,0,14711.9,-14711.9,,0,0,0,0.0,0,0.0,-1,1,0,1,train
1,PAYMENT,2407.47,C930317866,0.0,0.0,M611502040,0.0,0.0,0,0,1,1,1,7.786747,0,0,0,1,0,2407.47,-2407.47,,0,0,0,0.0,0,0.0,-1,1,0,1,train
1,PAYMENT,2074.51,C1486553742,12318.0,10243.49,M571956559,0.0,0.0,0,0,1,1,1,7.6379623,0,0,0,1,0,0.16839921,0.0,,0,0,0,0.0,0,0.0,-1,1,0,1,train
1,PAYMENT,5711.01,C167693809,3967693.52,3961982.51,M998283025,0.0,0.0,0,0,1,1,1,8.650327,0,0,0,1,0,0.0014393774,4.656613e-10,,0,0,0,0.0,0,0.0,-1,1,0,1,train
1,PAYMENT,21897.3,C990870941,3961982.51,3940085.21,M594195094,0.0,0.0,0,0,1,1,1,9.994164,0,0,0,1,0,0.005526853,0.0,,0,0,0,0.0,0,0.0,-1,1,0,1,train
1,PAYMENT,5462.01,C1552179791,26289.0,20826.99,M1661161169,0.0,0.0,0,0,1,1,1,8.605755,0,0,0,1,0,0.20775999,-3.637979e-12,,0,0,0,0.0,0,0.0,-1,1,0,1,train
1,PAYMENT,2185.54,C589309113,20826.99,18641.45,M1437129801,0.0,0.0,0,0,1,1,1,7.690076,0,0,0,1,0,0.10493283,0.0,,0,0,0,0.0,0,0.0,-1,1,0,1,train
1,DEBIT,5655.43,C708926121,131875.0,126219.57,C1096283470,61293.45,0.0,0,0,1,1,1,8.640549,0,0,1,0,0,0.04288445,0.0,-66948.88,0,0,0,0.0,0,0.0,-1,1,0,1,train
1,PAYMENT,727.94,C1406004470,103538.0,102810.06,M1911168986,0.0,0.0,0,0,1,1,1,6.5915914,0,0,0,1,0,0.0070305876,0.0,,0,0,0,0.0,0,0.0,-1,1,0,1,train
1,PAYMENT,7868.9,C1655955258,601.0,0.0,M1107772887,0.0,0.0,0,0,1,1,1,8.9708,0,0,0,1,0,13.071262,-7267.9,,1,0,0,0.0,0,0.0,-1,1,0,1,train
1,PAYMENT,4029.56,C2115087165,106681.0,102651.44,M1604616170,0.0,0.0,0,0,1,1,1,8.301661,0,0,0,1,0,0.037771694,0.0,,0,0,0,0.0,0,0.0,-1,1,0,1,train
1,DEBIT,2637.07,C596779307,72159.0,69521.93,C1740000325,214505.46,1363368.51,0,0,1,1,1,7.877803,0,0,1,0,0,0.036544763,0.0,1.146226e+06,0,0,0,0.0,0,0.0,-1,1,0,1,train
1,PAYMENT,3129.06,C1531175283,9690.0,6560.94,M687399269,0.0,0.0,0,0,1,1,1,8.048807,0,0,0,1,0,0.3228831,9.094947e-13,,0,0,0,0.0,0,0.0,-1,1,0,1,train
1,PAYMENT,6899.83,C1415545023,1004.0,0.0,M1727424614,0.0,0.0,0,0,1,1,1,8.839397,0,0,0,1,0,6.8655024,-5895.83,,1,0,0,0.0,0,0.0,-1,1,0,1,train
1,CASH_IN,38366.56,C586831282,65466.0,103832.56,C214187874,26686.0,0.0,0,0,1,1,1,10.554968,1,0,0,0,0,0.58604425,-76733.12,-65052.56,0,0,0,0.0,0,0.0,-1,1,0,1,train
1,PAYMENT,6778.32,C1298557761,1023.0,0.0,M1704214570,0.0,0.0,0,0,1,1,1,8.821632,0,0,0,1,0,6.619453,-5755.32,,1,0,0,0.0,0,0.0,-1,1,0,1,train
1,CASH_IN,96015.94,C821342630,4184.0,100199.94,C657736958,175.0,45881.29,0,0,1,1,1,11.47228,1,0,0,0,0,22.942877,-192031.88,-50309.65,0,0,0,0.0,0,0.0,-1,1,0,1,train
1,PAYMENT,2304.2,C1079190991,131375.0,129070.8,M1041326823,0.0,0.0,0,0,1,1,1,7.742923,0,0,0,1,0,0.017538972,0.0,,0,0,0,0.0,0,0.0,-1,1,0,1,train
1,PAYMENT,5575.09,C2042884127,5773.0,197.91,M1815025408,0.0,0.0,0,0,1,1,1,8.626243,0,0,0,1,0,0.9655507,-1.4210855e-13,,0,0,0,0.0,0,0.0,-1,1,0,1,train
1,PAYMENT,1667.88,C889928215,197.91,0.0,M3694603,0.0,0.0,0,0,1,1,1,7.419908,0,0,0,1,0,8.385098,-1469.97,,1,0,0,0.0,0,0.0,-1,1,0,1,train
1,PAYMENT,24659.46,C1721576219,0.0,0.0,M1914615775,0.0,0.0,0,0,1,1,1,10.112956,0,0,0,1,0,24659.46,-24659.46,,0,0,0,0.0,0,0.0,-1,1,0,1,train
1,CASH_IN,221557.88,C514453513,11599.0,233156.88,C998351292,1781393.88,1015132.48,0,0,1,1,1,12.308444,1,0,0,0,0,19.099817,-443115.75,-987819.25,0,0,0,0.0,0,0.0,-1,1,0,1,train
1,PAYMENT,1117.17,C1565713391,233156.88,232039.71,M1385750189,0.0,0.0,0,0,1,1,1,7.0194488,0,0,0,1,0,0.0047914744,0.0,,0,0,0,0.0,0,0.0,-1,1,0,1,train
1,PAYMENT,7731.23,C1430207342,5816.0,0.0,M80191608,0.0,0.0,0,0,1,1,1,8.953153,0,0,0,1,0,1.3290751,-1915.23,,1,0,0,0.0,0,0.0,-1,1,0,1,train
1,CASH_OUT,69490.69,C1312843412,9326.0,0.0,C1529115495,20093.0,67268.02,0,0,1,1,1,11.148962,0,1,0,0,0,7.4504867,-60164.69,-22315.67,1,0,0,0.0,0,0.0,-1,1,0,1,train
1,PAYMENT,5437.85,C1522119751,13306.1,7868.25,M1995505717,0.0,0.0,0,0,1,1,1,8.601323,0,0,0,1,0,0.40864277,0.0,,0,0,0,0.0,0,0.0,-1,1,0,1,train
1,PAYMENT,3984.3,C1334618867,7868.25,3883.96,M45416784,0.0,0.0,0,0,1,1,1,8.290368,0,0,0,1,0,0.50631255,-0.01,,0,0,0,0.0,0,0.0,-1,1,0,1,train
1,PAYMENT,5630.13,C364480205,50661.0,45030.87,M1807207655,0.0,0.0,0,0,1,1,1,8.6360655,0,0,0,1,0,0.11113122,0.0,,0,0,0,0.0,0,0.0,-1,1,0,1,train
1,PAYMENT,3399.78,C1103505488,28514.33,25114.55,M1800605369,0.0,0.0,0,0,1,1,1,8.13176,0,0,0,1,0,0.119226396,3.637979e-12,,0,0,0,0.0,0,0.0,-1,1,0,1,train
1,PAYMENT,7883.75,C847606512,25114.55,17230.8,M1736458419,0.0,0.0,0,0,1,1,1,8.972686,0,0,0,1,0,0.31389916,0.0,,0,0,0,0.0,0,0.0,-1,1,0,1,train
1,PAYMENT,635.55,C401891515,1131641.43,1131005.88,M1688310330,0.0,0.0,0,0,1,1,1,6.456063,0,0,0,1,0,0.0005616173,0.0,,0,0,0,0.0,0,0.0,-1,1,0,1,train
1,PAYMENT,2248.26,C2099932844,1131005.88,1128757.61,M415906914,0.0,0.0,0,0,1,1,1,7.7183566,0,0,0,1,0,0.0019878394,0.01,,0,0,0,0.0,0,0.0,-1,1,0,1,train
1,PAYMENT,9261.94,C739210872,16752.0,7490.06,M1154941313,0.0,0.0,0,0,1,1,1,9.133777,0,0,0,1,0,0.55285263,-9.094947e-13,,0,0,0,0.0,0,0.0,-1,1,0,1,train
1,PAYMENT,9614.73,C1789282489,275664.0,266049.27,M600199331,0.0,0.0,0,0,1,1,1,9.171156,0,0,0,1,0,0.034878314,0.0,,0,0,0,0.0,0,0.0,-1,1,0,1,train
1,CASH_OUT,30308.45,C1949126165,88926.2,88926.2,C1568059495,88926.2,122750.49,0,0,1,1,1,10.319215,0,1,0,0,0,0.34082317,-30308.45,3515.84,0,0,0,0.0,0,0.0,-1,1,0,1,train
1,PAYMENT,1012.84,C143295000,88926.2,87913.35,M1353838640,0.0,0.0,0,0,1,1,1,6.9215,0,0,0,1,0,0.011389541,0.01,,0,0,0,0.0,0,0.0,-1,1,0,1,train
1,PAYMENT,6534.05,C1097069005,11301.0,4766.95,M1604342290,0.0,0.0,0,0,1,1,1,8.784935,0,0,0,1,0,0.5781322,0.0,,0,0,0,0.0,0,0.0,-1,1,0,1,train
1,PAYMENT,9460.66,C65438140,204975.0,195514.34,M1544147328,0.0,0.0,0,0,1,1,1,9.155004,0,0,0,1,0,0.046154965,0.0,,0,0,0,0.0,0,0.0,-1,1,0,1,train
1,PAYMENT,2552.79,C37400149,5020.0,2467.21,M1599556802,0.0,0.0,0,0,1,1,1,7.8453336,0,0,0,1,0,0.5084226,0.0,,0,0,0,0.0,0,0.0,-1,1,0,1,train
1,PAYMENT,5912.4,C1745608181,286283.38,280370.98,M2057077925,0.0,0.0,0,0,1,1,1,8.684977,0,0,0,1,0,0.020652192,0.0,,0,0,0,0.0,0,0.0,-1,1,0,1,train
1,PAYMENT,8009.83,C763610533,280370.98,272361.15,M1222094219,0.0,0.0,0,0,1,1,1,8.988549,0,0,0,1,0,0.028568583,-5.820766e-11,,0,0,0,0.0,0,0.0,-1,1,0,1,train
1,PAYMENT,8625.97,C2114270481,22414.0,13788.03,M1612853208,0.0,0.0,0,0,1,1,1,9.062649,0,0,0,1,0,0.38483024,0.0,,0,0,0,0.0,0,0.0,-1,1,0,1,train
1,TRANSFER,244964.08,C1405055124,18879.0,0.0,C811597470,19600.0,204822.85,0,0,1,1,1,12.408871,0,0,0,0,1,12.9747925,-226085.08,-59741.23,1,0,0,0.0,0,0.0,-1,1,0,1,train
1,PAYMENT,5663.87,C653337757,26090.0,20426.13,M1896558831,0.0,0.0,0,0,1,1,1,8.642039,0,0,0,1,0,0.21708137,0.0,,0,0,0,0.0,0,0.0,-1,1,0,1,train
1,PAYMENT,1892.34,C10915321,10863.0,8970.66,M682981033,0.0,0.0,0,0,1,1,1,7.5460978,0,0,0,1,0,0.17418446,0.0,,0,0,0,0.0,0,0.0,-1,1,0,1,train
1,PAYMENT,561.01,C131037934,30104.0,29542.99,M795590320,0.0,0.0,0,0,1,1,1,6.3315196,0,0,0,1,0,0.01863511,0.0,,0,0,0,0.0,0,0.0,-1,1,0,1,train
1,PAYMENT,3218.06,C454440929,52991.0,49772.94,M404036116,0.0,0.0,0,0,1,1,1,8.076844,0,0,0,1,0,0.06072728,0.0,,0,0,0,0.0,0,0.0,-1,1,0,1,train
1,PAYMENT,9731.47,C1685134322,6574.0,0.0,M379430898,0.0,0.0,0,0,1,1,1,9.183223,0,0,0,1,0,1.4800714,-3157.47,,1,0,0,0.0,0,0.0,-1,1,0,1,train
1,PAYMENT,4018.12,C1008608255,140777.0,136758.88,M216746962,0.0,0.0,0,0,1,1,1,8.298819,0,0,0,1,0,0.028542243,0.0,,0,0,0,0.0,0,0.0,-1,1,0,1,train
1,PAYMENT,6376.99,C1613332278,357871.0,351494.01,M468776694,0.0,0.0,0,0,1,1,1,8.760609,0,0,0,1,0,0.017819192,0.0,,0,0,0,0.0,0,0.0,-1,1,0,1,train
1,PAYMENT,5983.88,C1455177644,3530.0,0.0,M14633842,0.0,0.0,0,0,1,1,1,8.696992,0,0,0,1,0,1.6946701,-2453.88,,1,0,0,0.0,0,0.0,-1,1,0,1,train
1,PAYMENT,280.59,C732189840,200148.0,199867.41,M939475028,0.0,0.0,0,0,1,1,1,5.640452,0,0,0,1,0,0.0014019056,0.0,,0,0,0,0.0,0,0.0,-1,1,0,1,train
1,PAYMENT,5263.67,C8996952,31429.0,26165.33,M2063009760,0.0,0.0,0,0,1,1,1,8.568773,0,0,0,1,0,0.1674728,0.0,,0,0,0,0.0,0,0.0,-1,1,0,1,train
1,CASH_IN,176370.68,C1937693946,26165.33,202536.0,C1531333864,232345.24,55974.56,0,0,1,1,1,12.080349,1,0,0,0,0,6.7403674,-352741.34,-352741.38,0,0,0,0.0,0,0.0,-1,1,0,1,train
1,CASH_IN,62783.13,C1053744929,202536.0,265319.13,C811597470,264564.08,204822.85,0,0,1,1,1,11.047458,1,0,0,0,0,0.30998352,-125566.26,-122524.36,0,0,0,0.0,0,0.0,-1,1,0,1,train
1,CASH_IN,90956.1,C1959758632,265319.13,356275.23,C288665596,99452.72,8496.61,0,0,1,1,1,11.418143,1,0,0,0,0,0.34281644,-181912.2,-181912.2,0,0,0,0.0,0,0.0,-1,1,0,1,train
1,CASH_IN,120556.62,C918899286,356275.23,476831.86,C488044861,125760.16,5203.54,0,0,1,1,1,11.699883,1,0,0,0,0,0.33837962,-241113.25,-241113.23,0,0,0,0.0,0,0.0,-1,1,0,1,train
1,CASH_IN,475857.13,C861522296,476831.86,952688.99,C1789550256,5400641.87,4619798.56,0,0,1,1,1,13.072875,1,0,0,0,0,0.9979537,-951714.25,-1.2567005e+06,0,0,0,0.0,0,0.0,-1,1,0,1,train
1,CASH_IN,239510.08,C2074492901,952688.99,1192199.07,C985934102,1413958.28,971418.91,0,0,1,1,1,12.386355,1,0,0,0,0,0.25140402,-479020.16,-682049.44,0,0,0,0.0,0,0.0,-1,1,0,1,train
1,CASH_IN,50938.65,C1933077874,1192199.07,1243137.72,C1262822392,9666505.83,12494367.15,0,0,1,1,1,10.838397,1,0,0,0,0,0.042726595,-101877.3,2.7769228e+06,0,0,0,0.0,0,0.0,-1,1,0,1,train
1,CASH_IN,288438.0,C1865617081,1243137.72,1531575.72,C33524623,2082750.45,1517262.16,0,0,1,1,1,12.572239,1,0,0,0,0,0.23202398,-576876.0,-853926.3,0,0,0,0.0,0,0.0,-1,1,0,1,train
1,PAYMENT,10349.31,C308021294,11497.0,1147.69,M1481594007,0.0,0.0,0,0,1,1,1,9.244772,0,0,0,1,0,0.90009654,4.5474735e-13,,0,0,0,0.0,0,0.0,-1,1,0,1,train
1,PAYMENT,7672.12,C1756160273,1147.69,0.0,M530410619,0.0,0.0,0,0,1,1,1,8.945478,0,0,0,1,0,6.679017,-6524.43,,1,0,0,0.0,0,0.0,-1,1,0,1,train
1,PAYMENT,1203.13,C1844579038,0.0,0.0,M1337655323,0.0,0.0,0,0,1,1,1,7.0935125,0,0,0,1,0,1203.13,-1203.13,,0,0,0,0.0,0,0.0,-1,1,0,1,train
1,PAYMENT,1635.86,C1074844820,0.0,0.0,M874153561,0.0,0.0,0,0,1,1,1,7.400535,0,0,0,1,0,1635.86,-1635.86,,0,0,0,0.0,0,0.0,-1,1,0,1,train
1,PAYMENT,5072.52,C1229184766,0.0,0.0,M1592763413,0.0,0.0,0,0,1,1,1,8.53179,0,0,0,1,0,5072.52,-5072.52,,0,0,0,0.0,0,0.0,-1,1,0,1,train
1,PAYMENT,3176.52,C404586280,0.0,0.0,M2027227708,0.0,0.0,0,0,1,1,1,8.063856,0,0,0,1,0,3176.52,-3176.52,,0,0,0,0.0,0,0.0,-1,1,0,1,train
1,PAYMENT,2891.7,C800497654,0.0,0.0,M215632153,0.0,0.0,0,0,1,1,1,7.9699454,0,0,0,1,0,2891.7,-2891.7,,0,0,0,0.0,0,0.0,-1,1,0,1,train
1,PAYMENT,1557.98,C2135790485,0.0,0.0,M790229674,0.0,0.0,0,0,1,1,1,7.351787,0,0,0,1,0,1557.98,-1557.98,,0,0,0,0.0,0,0.0,-1,1,0,1,train
1,PAYMENT,19316.5,C877363600,0.0,0.0,M1778877569,0.0,0.0,0,0,1,1,1,9.868767,0,0,0,1,0,19316.5,-19316.5,,0,0,0,0.0,0,0.0,-1,1,0,1,train
1,PAYMENT,8212.99,C2042979183,0.0,0.0,M422134367,0.0,0.0,0,0,1,1,1,9.013594,0,0,0,1,0,8212.99,-8212.99,,0,0,0,0.0,0,0.0,-1,1,0,1,train
1,PAYMENT,5284.56,C1904609259,0.0,0.0,M670283478,0.0,0.0,0,0,1,1,1,8.572734,0,0,0,1,0,5284.56,-5284.56,,0,0,0,0.0,0,0.0,-1,1,0,1,train
1,PAYMENT,16265.77,C1971283804,0.0,0.0,M639105046,0.0,0.0,0,0,1,1,1,9.696879,0,0,0,1,0,16265.77,-16265.77,,0,0,0,0.0,0,0.0,-1,1,0,1,train
1,PAYMENT,14054.64,C1735330400,0.0,0.0,M1561347421,0.0,0.0,0,0,1,1,1,9.550779,0,0,0,1,0,14054.64,-14054.64,,0,0,0,0.0,0,0.0,-1,1,0,1,train
1,PAYMENT,11334.96,C1398508580,0.0,0.0,M1251285265,0.0,0.0,0,0,1,1,1,9.335735,0,0,0,1,0,11334.96,-11334.96,,0,0,0,0.0,0,0.0,-1,1,0,1,train
1,PAYMENT,12445.65,C1438000681,0.0,0.0,M173259631,0.0,0.0,0,0,1,1,1,9.429207,0,0,0,1,0,12445.65,-12445.65,,0,0,0,0.0,0,0.0,-1,1,0,1,train
1,PAYMENT,42.0,C98974893,0.0,0.0,M1733947537,0.0,0.0,0,0,1,1,1,3.7612002,0,0,0,1,0,42.0,-42.0,,0,0,0,0.0,0,0.0,-1,1,0,1,train
1,PAYMENT,10685.2,C54134077,0.0,0.0,M346377974,0.0,0.0,0,0,1,1,1,9.276709,0,0,0,1,0,10685.2,-10685.2,,0,0,0,0.0,0,0.0,-1,1,0,1,train
1,PAYMENT,5778.99,C546446235,0.0,0.0,M141015648,0.0,0.0,0,0,1,1,1,8.662157,0,0,0,1,0,5778.99,-5778.99,,0,0,0,0.0,0,0.0,-1,1,0,1,train
1,PAYMENT,7366.3,C1537689020,0.0,0.0,M1699443392,0.0,0.0,0,0,1,1,1,8.904806,0,0,0,1,0,7366.3,-7366.3,,0,0,0,0.0,0,0.0,-1,1,0,1,train
1,PAYMENT,10810.73,C1437983537,0.0,0.0,M1614079837,0.0,0.0,0,0,1,1,1,9.288387,0,0,0,1,0,10810.73,-10810.73,,0,0,0,0.0,0,0.0,-1,1,0,1,train
1,PAYMENT,5935.34,C23053378,279695.0,273759.66,M1060928475,0.0,0.0,0,0,1,1,1,8.6888485,0,0,0,1,0,0.021220682,0.0,,0,0,0,0.0,0,0.0,-1,1,0,1,train
1,PAYMENT,8539.76,C1164622694,182.0,0.0,M44278425,0.0,0.0,0,0,1,1,1,9.052606,0,0,0,1,0,46.665356,-8357.76,,1,0,0,0.0,0,0.0,-1,1,0,1,train
1,DEBIT,1703.38,C2107706203,10372.0,8668.62,C1504109395,498502.75,593737.38,0,0,1,1,1,7.4409566,0,0,1,0,0,0.16421287,-1.8189894e-12,93531.25,0,0,0,0.0,0,0.0,-1,1,0,1,train
1,PAYMENT,7566.04,C564086167,56622.0,49055.96,M834562889,0.0,0.0,0,0,1,1,1,8.931558,0,0,0,1,0,0.13362132,0.0,,0,0,0,0.0,0,0.0,-1,1,0,1,train
1,PAYMENT,186.33,C773238925,11411.0,11224.67,M1536728519,0.0,0.0,0,0,1,1,1,5.2328715,0,0,0,1,0,0.01632755,0.0,,0,0,0,0.0,0,0.0,-1,1,0,1,train
1,PAYMENT,10425.95,C7395550,32602.0,22176.05,M1112940474,0.0,0.0,0,0,1,1,1,9.252149,0,0,0,1,0,0.319785,0.0,,0,0,0,0.0,0,0.0,-1,1,0,1,train
1,PAYMENT,4764.33,C1499418021,22176.05,17411.72,M1186371052,0.0,0.0,0,0,1,1,1,8.469122,0,0,0,1,0,0.21483155,0.0,,0,0,0,0.0,0,0.0,-1,1,0,1,train
1,PAYMENT,9632.45,C1082528716,513.0,0.0,M845119401,0.0,0.0,0,0,1,1,1,9.1729965,0,0,0,1,0,18.740175,-9119.45,,1,0,0,0.0,0,0.0,-1,1,0,1,train
1,PAYMENT,1573.42,C298724898,51582.0,50008.58,M1671811074,0.0,0.0,0,0,1,1,1,7.3616424,0,0,0,1,0,0.030502684,0.0,,0,0,0,0.0,0,0.0,-1,1,0,1,train
1,PAYMENT,9125.93,C332244937,9.0,0.0,M1520836654,0.0,0.0,0,0,1,1,1,9.118984,0,0,0,1,0,912.593,-9116.93,,1,0,0,0.0,0,0.0,-1,1,0,1,train
1,TRANSFER,119352.09,C989440614,23714.57,0.0,C1749186397,96602.93,277515.05,0,0,1,1,1,11.689841,0,0,0,0,1,5.032647,-95637.52,61560.03,1,0,0,0.0,0,0.0,-1,1,0,1,train
1,TRANSFER,221452.04,C1997625595,0.0,0.0,C22805895,277459.65,651524.92,0,0,1,1,1,12.307966,0,0,0,0,1,221452.05,-221452.05,152613.23,0,0,0,0.0,0,0.0,-1,1,0,1,train
1,TRANSFER,354832.51,C152848959,2805.0,0.0,C1100767002,13865.06,233370.36,0,0,1,1,1,12.779404,0,0,0,0,1,126.45492,-352027.5,-135327.2,1,0,0,0.0,0,0.0,-1,1,0,1,train
1,PAYMENT,3677.29,C1657842786,0.0,0.0,M353206468,0.0,0.0,0,0,1,1,1,8.210203,0,0,0,1,0,3677.29,-3677.29,,0,0,0,0.0,0,0.0,-1,1,0,1,train
1,PAYMENT,16749.98,C1747371038,292.0,0.0,M50345623,0.0,0.0,0,0,1,1,1,9.7262125,0,0,0,1,0,57.167168,-16457.98,,1,0,0,0.0,0,0.0,-1,1,0,1,train
1,PAYMENT,10142.56,C1691629865,45914.0,35771.44,M489070295,0.0,0.0,0,0,1,1,1,9.224594,0,0,0,1,0,0.22089861,0.0,,0,0,0,0.0,0,0.0,-1,1,0,1,train
1,TRANSFER,182385.22,C1132379993,303937.25,121552.02,C1498438472,0.0,199873.79,0,0,1,1,1,12.113882,0,0,0,0,1,0.6000733,0.01,17488.57,0,0,0,0.0,0,0.0,-1,1,0,1,train
1,PAYMENT,4448.53,C1103666479,121552.02,117103.5,M68217166,0.0,0.0,0,0,1,1,1,8.400554,0,0,0,1,0,0.036597446,-0.01,,0,0,0,0.0,0,0.0,-1,1,0,1,train
1,CASH_IN,58408.09,C761863997,36741.14,95149.22,C1961176822,7076.31,0.0,0,0,1,1,1,10.975226,1,0,0,0,0,1.5896758,-116816.17,-65484.4,0,0,0,0.0,0,0.0,-1,1,0,1,train
1,PAYMENT,141.87,C467401150,95149.22,95007.35,M511651343,0.0,0.0,0,0,1,1,1,4.961935,0,0,0,1,0,0.0014910108,0.0,,0,0,0,0.0,0,0.0,-1,1,0,1,train
1,PAYMENT,793.64,C497479191,499843.0,499049.36,M2027133545,0.0,0.0,0,0,1,1,1,6.6778893,0,0,0,1,0,0.0015877754,0.0,,0,0,0,0.0,0,0.0,-1,1,0,1,train
1,CASH_OUT,98247.27,C1015122628,107181.0,8933.73,C601893033,0.0,54985.05,0,0,1,1,1,11.495253,0,1,0,0,0,0.9166396,-3.637979e-12,-43262.22,0,0,0,0.0,0,0.0,-1,1,0,1,train
1,PAYMENT,7315.54,C1533662221,71224.0,63908.46,M1897221921,0.0,0.0,0,0,1,1,1,8.897893,0,0,0,1,0,0.102710284,0.0,,0,0,0,0.0,0,0.0,-1,1,0,1,train
1,PAYMENT,3599.77,C368153528,147145.0,143545.23,M622263400,0.0,0.0,0,0,1,1,1,8.188903,0,0,0,1,0,0.024463933,0.0,,0,0,0,0.0,0,0.0,-1,1,0,1,train
1,PAYMENT,6831.38,C810196347,1088.0,0.0,M1811787796,0.0,0.0,0,0,1,1,1,8.829429,0,0,0,1,0,6.273076,-5743.38,,1,0,0,0.0,0,0.0,-1,1,0,1,train
1,PAYMENT,2419.45,C1921553024,331099.74,328680.29,M1617937669,0.0,0.0,0,0,1,1,1,7.791709,0,0,0,1,0,0.0073072924,0.0,,0,0,0,0.0,0,0.0,-1,1,0,1,train
1,CASH_OUT,94740.26,C78265654,328680.29,233940.02,C1671179293,129814.74,58319.72,0,0,1,1,1,11.458905,0,1,0,0,0,0.28824353,0.01,-166235.28,0,0,0,0.0,0,0.0,-1,1,0,1,train
1,PAYMENT,6577.3,C47268007,8089.0,1511.7,M880533231,0.0,0.0,0,0,1,1,1,8.791532,0,0,0,1,0,0.81301606,-2.2737368e-13,,0,0,0,0.0,0,0.0,-1,1,0,1,train
1,PAYMENT,12429.59,C715289224,16231.0,3801.41,M2134157671,0.0,0.0,0,0,1,1,1,9.427916,0,0,0,1,0,0.76574606,0.0,,0,0,0,0.0,0,0.0,-1,1,0,1,train
1,DEBIT,6522.37,C2011695710,842.0,0.0,C736709391,40298.34,46820.71,0,0,1,1,1,8.783147,0,0,1,0,0,7.737094,-5680.37,2.728484e-12,1,0,0,0.0,0,0.0,-1,1,0,1,train
1,PAYMENT,12762.36,C495857386,15186.0,2423.64,M604060129,0.0,0.0,0,0,1,1,1,9.454334,0,0,0,1,0,0.84034765,-4.5474735e-13,,0,0,0,0.0,0,0.0,-1,1,0,1,train
1,PAYMENT,11287.39,C2124731287,335797.0,324509.61,M1227459815,0.0,0.0,0,0,1,1,1,9.33153,0,0,0,1,0,0.03361363,0.0,,0,0,0,0.0,0,0.0,-1,1,0,1,train
1,PAYMENT,10884.19,C624693846,36611.24,25727.05,M148891937,0.0,0.0,0,0,1,1,1,9.295158,0,0,0,1,0,0.29728281,-3.637979e-12,,0,0,0,0.0,0,0.0,-1,1,0,1,train
1,PAYMENT,1592.5,C1346354118,25727.05,24134.55,M1442077586,0.0,0.0,0,0,1,1,1,7.373688,0,0,0,1,0,0.061897423,0.0,,0,0,0,0.0,0,0.0,-1,1,0,1,train
1,PAYMENT,15751.26,C278879704,24134.55,8383.29,M1744713739,0.0,0.0,0,0,1,1,1,9.664739,0,0,0,1,0,0.65261656,-1.8189894e-12,,0,0,0,0.0,0,0.0,-1,1,0,1,train
1,PAYMENT,351.26,C1244815033,21120.0,20768.74,M1038988454,0.0,0.0,0,0,1,1,1,5.8643694,0,0,0,1,0,0.016630841,0.0,,0,0,0,0.0,0,0.0,-1,1,0,1,train
1,PAYMENT,3734.21,C1475759966,10421.48,6687.27,M1096682443,0.0,0.0,0,0,1,1,1,8.225559,0,0,0,1,0,0.3582842,-9.094947e-13,,0,0,0,0.0,0,0.0,-1,1,0,1,train
1,PAYMENT,8403.66,C423711439,6687.27,0.0,M1238994373,0.0,0.0,0,0,1,1,1,9.036542,0,0,0,1,0,1.2564774,-1716.39,,1,0,0,0.0,0,0.0,-1,1,0,1,train
1,PAYMENT,9945.01,C741390111,44.0,0.0,M495051009,0.0,0.0,0,0,1,1,1,9.2049265,0,0,0,1,0,221.00023,-9901.01,,1,0,0,0.0,0,0.0,-1,1,0,1,train
1,PAYMENT,12491.01,C247795540,0.0,0.0,M200744172,0.0,0.0,0,0,1,1,1,9.432844,0,0,0,1,0,12491.01,-12491.01,,0,0,0,0.0,0,0.0,-1,1,0,1,train
1,PAYMENT,7889.84,C584501954,31685.94,23796.11,M818785904,0.0,0.0,0,0,1,1,1,8.973458,0,0,0,1,0,0.24899343,-0.01,,0,0,0,0.0,0,0.0,-1,1,0,1,train
1,PAYMENT,5169.09,C374646930,23796.11,18627.02,M628610760,0.0,0.0,0,0,1,1,1,8.550646,0,0,0,1,0,0.21721503,0.0,,0,0,0,0.0,0,0.0,-1,1,0,1,train
1,PAYMENT,13496.51,C828610686,109956.0,96459.49,M1811942924,0.0,0.0,0,0,1,1,1,9.510261,0,0,0,1,0,0.122743525,0.0,,0,0,0,0.0,0,0.0,-1,1,0,1,train
1,DEBIT,3548.72,C1596144422,12427.0,8878.28,C564742142,13271.31,16820.03,0,0,1,1,1,8.174624,0,0,1,0,0,0.2855423,0.0,-4.5474735e-13,0,0,0,0.0,0,0.0,-1,1,0,1,train
1,PAYMENT,9273.52,C1157199772,495212.0,485938.48,M1769252629,0.0,0.0,0,0,1,1,1,9.135026,0,0,0,1,0,0.018726327,0.0,,0,0,0,0.0,0,0.0,-1,1,0,1,train
1,PAYMENT,4522.66,C99132505,765296.0,760773.34,M1137989065,0.0,0.0,0,0,1,1,1,8.417077,0,0,0,1,0,0.0059096795,0.0,,0,0,0,0.0,0,0.0,-1,1,0,1,train
1,PAYMENT,997.34,C1285463992,103876.0,102878.66,M10405169,0.0,0.0,0,0,1,1,1,6.906094,0,0,0,1,0,0.009601163,0.0,,0,0,0,0.0,0,0.0,-1,1,0,1,train
1,PAYMENT,3041.43,C1075082007,592.0,0.0,M554634433,0.0,0.0,0,0,1,1,1,8.0204115,0,0,0,1,0,5.128887,-2449.43,,1,0,0,0.0,0,0.0,-1,1,0,1,train
1,PAYMENT,698.41,C424944647,11382.0,10683.59,M1872088401,0.0,0.0,0,0,1,1,1,6.550237,0,0,0,1,0,0.06135553,0.0,,0,0,0,0.0,0,0.0,-1,1,0,1,train
1,PAYMENT,7269.74,C209360767,5546.0,0.0,M1439361845,0.0,0.0,0,0,1,1,1,8.891613,0,0,0,1,0,1.3105714,-1723.74,,1,0,0,0.0,0,0.0,-1,1,0,1,train
1,PAYMENT,8329.3,C1837533591,20583.0,12253.7,M741883443,0.0,0.0,0,0,1,1,1,9.027655,0,0,0,1,0,0.40464923,0.0,,0,0,0,0.0,0,0.0,-1,1,0,1,train
1,PAYMENT,2312.71,C1956746660,0.0,0.0,M1982876486,0.0,0.0,0,0,1,1,1,7.746608,0,0,0,1,0,2312.71,-2312.71,,0,0,0,0.0,0,0.0,-1,1,0,1,train
1,PAYMENT,7550.29,C799260198,0.0,0.0,M1116197959,0.0,0.0,0,0,1,1,1,8.929474,0,0,0,1,0,7550.29,-7550.29,,0,0,0,0.0,0,0.0,-1,1,0,1,train
1,PAYMENT,17396.31,C989033734,0.0,0.0,M1315795813,0.0,0.0,0,0,1,1,1,9.7640705,0,0,0,1,0,17396.31,-17396.31,,0,0,0,0.0,0,0.0,-1,1,0,1,train
1,PAYMENT,3876.42,C2081269248,19658.45,15782.02,M13918250,0.0,0.0,0,0,1,1,1,8.262925,0,0,0,1,0,0.19717845,0.01,,0,0,0,0.0,0,0.0,-1,1,0,1,train
1,PAYMENT,3835.42,C565079667,15782.02,11946.6,M75356024,0.0,0.0,0,0,1,1,1,8.252295,0,0,0,1,0,0.24300925,0.0,,0,0,0,0.0,0,0.0,-1,1,0,1,train
1,PAYMENT,18792.11,C357653585,11946.6,0.0,M916958177,0.0,0.0,0,0,1,1,1,9.841246,0,0,0,1,0,1.5728774,-6845.51,,1,0,0,0.0,0,0.0,-1,1,0,1,train
1,PAYMENT,27.55,C1688770224,6861.14,6833.58,M235162442,0.0,0.0,0,0,1,1,1,3.351657,0,0,0,1,0,0.0040147826,0.01,,0,0,0,0.0,0,0.0,-1,1,0,1,train
1,CASH_IN,218753.79,C296234255,6833.58,225587.37,C22805895,498911.69,651524.92,0,0,1,1,1,12.295707,1,0,0,0,0,32.006912,-437507.6,-66140.56,0,0,0,0.0,0,0.0,-1,1,0,1,train
1,CASH_IN,42963.87,C450589816,225587.37,268551.25,C33524623,1794312.45,1517262.16,0,0,1,1,1,10.6681385,1,0,0,0,0,0.1904525,-85927.75,-320014.16,0,0,0,0.0,0,0.0,-1,1,0,1,train
1,CASH_IN,92184.04,C988179589,268551.25,360735.28,C1359044626,108702.4,16518.36,0,0,1,1,1,11.431553,1,0,0,0,0,0.34326297,-184368.06,-184368.08,0,0,0,0.0,0,0.0,-1,1,0,1,train
1,CASH_IN,669936.4,C378814088,360735.28,1030671.68,C11003494,10246247.83,10588885.27,0,0,1,1,1,13.41494,1,0,0,0,0,1.8571361,-1.3398728e+06,-327298.97,0,0,0,0.0,0,0.0,-1,1,0,1,train
1,CASH_IN,43198.52,C1174714624,1030671.68,1073870.2,C977993101,812014.43,965870.05,0,0,1,1,1,10.673585,1,0,0,0,0,0.04191294,-86397.04,110657.1,0,0,0,0.0,0,0.0,-1,1,0,1,train
1,CASH_IN,171683.57,C121466124,1073870.2,1245553.78,C1526298704,203775.64,32092.07,0,0,1,1,1,12.053414,1,0,0,0,0,0.15987352,-343367.16,-343367.12,0,0,0,0.0,0,0.0,-1,1,0,1,train
1,CASH_IN,34784.78,C238467882,1245553.78,1280338.56,C2083562754,812330.95,1186556.81,0,0,1,1,1,10.456964,1,0,0,0,0,0.027927138,-69569.56,339441.1,0,0,0,0.0,0,0.0,-1,1,0,1,train
1,CASH_IN,521419.58,C962700314,1280338.56,1801758.14,C401424608,1950906.37,1178808.14,0,0,1,1,1,13.164312,1,0,0,0,0,0.407251,-1.0428392e+06,-1.2935178e+06,0,0,0,0.0,0,0.0,-1,1,0,1,train
1,CASH_IN,209859.04,C1515116175,1801758.14,2011617.19,C1068824137,769398.8,265092.36,0,0,1,1,1,12.254196,1,0,0,0,0,0.116474524,-419718.1,-714165.5,0,0,0,0.0,0,0.0,-1,1,0,1,train
1,CASH_IN,61650.32,C913806791,2011617.19,2073267.5,C838411509,84424.56,22774.25,0,0,1,1,1,11.02925,1,0,0,0,0,0.030647129,-123300.63,-123300.63,0,0,0,0.0,0,0.0,-1,1,0,1,train
1,CASH_IN,235362.23,C220432328,2073267.5,2308629.73,C997608398,1128757.61,157982.12,0,0,1,1,1,12.368885,1,0,0,0,0,0.11352231,-470724.47,-1.2061378e+06,0,0,0,0.0,0,0.0,-1,1,0,1,train
1,CASH_IN,327686.42,C961983234,2308629.73,2636316.14,C1789550256,4924784.73,4619798.56,0,0,1,1,1,12.699816,1,0,0,0,0,0.14193973,-655372.8,-632672.56,0,0,0,0.0,0,0.0,-1,1,0,1,train
1,CASH_IN,348463.93,C352378889,2636316.14,2984780.07,C1721246982,1531575.72,1114787.21,0,0,1,1,1,12.761292,1,0,0,0,0,0.1321783,-696927.9,-765252.44,0,0,0,0.0,0,0.0,-1,1,0,1,train
1,CASH_IN,137209.38,C533956291,2984780.07,3121989.46,C1671179293,224555.0,58319.72,0,0,1,1,1,11.82927,1,0,0,0,0,0.04596966,-274418.78,-303444.66,0,0,0,0.0,0,0.0,-1,1,0,1,train
1,CASH_IN,279846.24,C249515830,3121989.46,3401835.7,C1068824137,559539.76,265092.36,0,0,1,1,1,12.541999,1,0,0,0,0,0.08963712,-559692.5,-574293.6,0,0,0,0.0,0,0.0,-1,1,0,1,train
1,CASH_IN,159270.52,C43856716,3401835.7,3561106.22,C1750905143,842482.15,424250.45,0,0,1,1,1,11.978366,1,0,0,0,0,0.04681898,-318541.03,-577502.25,0,0,0,0.0,0,0.0,-1,1,0,1,train
1,CASH_IN,19872.97,C269458366,3561106.22,3580979.18,C832279283,168814.13,185389.8,0,0,1,1,1,9.897166,1,0,0,0,0,0.0055805594,-39745.93,-3297.3,0,0,0,0.0,0,0.0,-1,1,0,1,train
1,CASH_IN,203283.36,C334099170,3580979.18,3784262.55,C476800120,253147.73,49864.36,0,0,1,1,1,12.222361,1,0,0,0,0,0.05676752,-406566.72,-406566.72,0,0,0,0.0,0,0.0,-1,1,0,1,train
1,CASH_IN,37475.31,C1731967318,3784262.55,3821737.86,C1170794006,5375494.66,22190.99,0,0,1,1,1,10.531465,1,0,0,0,0,0.009902934,-74950.62,-5.390779e+06,0,0,0,0.0,0,0.0,-1,1,0,1,train
1,CASH_IN,151764.65,C215478702,3821737.86,3973502.51,C1335050193,531821.73,353532.56,0,0,1,1,1,11.930093,1,0,0,0,0,0.03971089,-303529.3,-330053.8,0,0,0,0.0,0,0.0,-1,1,0,1,train
1,CASH_IN,72311.62,C1625901537,3973502.51,4045814.13,C575335780,132019.96,52415.15,0,0,1,1,1,11.188754,1,0,0,0,0,0.018198453,-144623.23,-151916.44,0,0,0,0.0,0,0.0,-1,1,0,1,train
1,CASH_IN,198443.49,C1011599868,4045814.13,4244257.62,C2083117811,452950.35,290772.6,0,0,1,1,1,12.198265,1,0,0,0,0,0.049049076,-396886.97,-360621.25,0,0,0,0.0,0,0.0,-1,1,0,1,train
1,CASH_IN,532111.14,C109065770,4244257.62,4776368.76,C997608398,893395.39,157982.12,0,0,1,1,1,13.184609,1,0,0,0,0,0.125372,-1.0642222e+06,-1.2675244e+06,0,0,0,0.0,0,0.0,-1,1,0,1,train
1,CASH_IN,839300.36,C896134613,4776368.76,5615669.12,C1023714065,2383291.2,1412484.09,0,0,1,1,1,13.640326,1,0,0,0,0,0.1757193,-1.6786008e+06,-1.8101075e+06,0,0,0,0.0,0,0.0,-1,1,0,1,train
1,CASH_IN,11436.9,C526720216,5615669.12,5627106.02,C2100440237,26612.0,235238.66,0,0,1,1,1,9.344687,1,0,0,0,0,0.0020366046,-22873.8,197189.77,0,0,0,0.0,0,0.0,-1,1,0,1,train
1,CASH_IN,37554.62,C2097361633,5627106.02,5664660.65,C1234776885,2680742.79,2025098.66,0,0,1,1,1,10.533578,1,0,0,0,0,0.006673877,-75109.25,-693198.75,0,0,0,0.0,0,0.0,-1,1,0,1,train
1,CASH_IN,33499.16,C2050320909,5664660.65,5698159.8,C665576141,5656429.04,5515763.34,0,0,1,1,1,10.419306,1,0,0,0,0,0.005913709,-66998.31,-174164.86,0,0,0,0.0,0,0.0,-1,1,0,1,train
1,CASH_IN,283308.0,C13117403,5698159.8,5981467.81,C1286084959,2356797.53,2107778.11,0,0,1,1,1,12.554294,1,0,0,0,0,0.0497192,-566616.0,-532327.44,0,0,0,0.0,0,0.0,-1,1,0,1,train
1,CASH_IN,147844.59,C930900166,5981467.81,6129312.4,C1060830840,228843.79,130747.56,0,0,1,1,1,11.903924,1,0,0,0,0,0.024717104,-295689.2,-245940.81,0,0,0,0.0,0,0.0,-1,1,0,1,train
1,CASH_IN,65525.9,C1401737458,6129312.4,6194838.3,C812586739,129627.65,122027.28,0,0,1,1,1,11.090216,1,0,0,0,0,0.010690577,-131051.8,-73126.27,0,0,0,0.0,0,0.0,-1,1,0,1,train
1,CASH_IN,10844.67,C37268876,6194838.3,6205682.96,C510113906,16261.9,5417.23,0,0,1,1,1,9.291521,1,0,0,0,0,0.0017505975,-21689.33,-21689.34,0,0,0,0.0,0,0.0,-1,1,0,1,train
1,CASH_IN,455440.65,C1125098735,6205682.96,6661123.62,C248609774,5861124.98,6453430.91,0,0,1,1,1,13.029023,1,0,0,0,0,0.073390886,-910881.3,136865.28,0,0,0,0.0,0,0.0,-1,1,0,1,train
1,CASH_IN,135327.21,C392289808,6661123.62,6796450.83,C1100767002,368697.57,233370.36,0,0,1,1,1,11.815458,1,0,0,0,0,0.020315971,-270654.4,-270654.4,0,0,0,0.0,0,0.0,-1,1,0,1,train
1,CASH_IN,211094.41,C585074510,6796450.83,7007545.23,C1688019098,447894.4,97263.78,0,0,1,1,1,12.260065,1,0,0,0,0,0.031059502,-422188.8,-561725.0,0,0,0,0.0,0,0.0,-1,1,0,1,train
1,CASH_IN,189595.83,C1699486292,7007545.23,7197141.06,C662736689,254271.98,4891090.56,0,0,1,1,1,12.152656,1,0,0,0,0,0.02705595,-379191.66,4.4472225e+06,0,0,0,0.0,0,0.0,-1,1,0,1,train
1,CASH_IN,66413.56,C1541075662,7197141.06,7263554.62,C1590550415,19341041.88,19169204.93,0,0,1,1,1,11.103672,1,0,0,0,0,0.0092277685,-132827.12,-238250.52,0,0,0,0.0,0,0.0,-1,1,0,1,train
1,PAYMENT,4552.47,C1121072891,134533.0,129980.53,M485047320,0.0,0.0,0,0,1,1,1,8.423645,0,0,0,1,0,0.033838805,0.0,,0,0,0,0.0,0,0.0,-1,1,0,1,train
1,DEBIT,1285.04,C435297131,285362.0,284076.96,C461160828,20968.7,17860.54,0,0,1,1,1,7.159323,0,0,1,0,0,0.0045031765,0.0,-4393.2,0,0,0,0.0,0,0.0,-1,1,0,1,train
1,PAYMENT,7627.89,C355649049,5558.0,0.0,M1174687658,0.0,0.0,0,0,1,1,1,8.939697,0,0,0,1,0,1.3721695,-2069.89,,1,0,0,0.0,0,0.0,-1,1,0,1,train
1,PAYMENT,846.91,C324579982,20272.0,19425.09,M444127949,0.0,0.0,0,0,1,1,1,6.7427745,0,0,0,1,0,0.041775268,0.0,,0,0,0,0.0,0,0.0,-1,1,0,1,train
1,TRANSFER,206336.47,C435803541,89305.99,0.0,C812586739,64101.75,122027.28,0,0,1,1,1,12.237268,0,0,0,0,1,2.310418,-117030.48,-148410.94,1,0,0,0.0,0,0.0,-1,1,0,1,train
1,PAYMENT,689.85,C2112135199,0.0,0.0,M738111983,0.0,0.0,0,0,1,1,1,6.537923,0,0,0,1,0,689.85,-689.85,,0,0,0,0.0,0,0.0,-1,1,0,1,train
1,DEBIT,9837.13,C2005706991,1792.0,0.0,C35534346,318833.62,178120.16,0,0,1,1,1,9.194021,0,0,1,0,0,5.486408,-8045.13,-150550.6,1,0,0,0.0,0,0.0,-1,1,0,1,train
1,PAYMENT,9463.48,C546217718,0.0,0.0,M2024945312,0.0,0.0,0,0,1,1,1,9.155301,0,0,0,1,0,9463.48,-9463.48,,0,0,0,0.0,0,0.0,-1,1,0,1,train
1,PAYMENT,6456.26,C639467920,200344.82,193888.56,M876908140,0.0,0.0,0,0,1,1,1,8.772961,0,0,0,1,0,0.03222558,0.0,,0,0,0,0.0,0,0.0,-1,1,0,1,train
1,CASH_OUT,96833.52,C1625939772,193888.56,97055.04,C812586739,270438.22,122027.28,0,0,1,1,1,11.480759,0,1,0,0,0,0.49942616,0.0,-245244.45,0,0,0,0.0,0,0.0,-1,1,0,1,train
1,PAYMENT,1146.72,C151515831,10248.0,9101.28,M1130160902,0.0,0.0,0,0,1,1,1,7.0455327,0,0,0,1,0,0.11188604,0.0,,0,0,0,0.0,0,0.0,-1,1,0,1,train
1,PAYMENT,13812.23,C1400582895,10370.0,0.0,M2110068611,0.0,0.0,0,0,1,1,1,9.533382,0,0,0,1,0,1.3318127,-3442.23,,1,0,0,0.0,0,0.0,-1,1,0,1,train
1,CASH_OUT,332573.12,C1264701638,20426.0,0.0,C1060830840,80999.2,130747.56,0,0,1,1,1,12.714618,0,1,0,0,0,16.281055,-312147.12,-282824.75,1,0,0,0.0,0,0.0,-1,1,0,1,train
1,PAYMENT,13812.46,C1870749311,30933.0,17120.54,M1709700394,0.0,0.0,0,0,1,1,1,9.533399,0,0,0,1,0,0.44651386,0.0,,0,0,0,0.0,0,0.0,-1,1,0,1,train
1,DEBIT,6159.72,C810262298,24815.0,18655.28,C1321640594,12751.13,18910.85,0,0,1,1,1,8.725949,0,0,1,0,0,0.24821566,0.0,-9.094947e-13,0,0,0,0.0,0,0.0,-1,1,0,1,train
1,DEBIT,11711.1,C1969856053,20979.0,9267.9,C1123629720,39300.22,46393.85,0,0,1,1,1,9.368378,0,0,1,0,0,0.55820304,0.0,-4617.47,0,0,0,0.0,0,0.0,-1,1,0,1,train
1,PAYMENT,5881.78,C276714561,39847.0,33965.22,M1256893889,0.0,0.0,0,0,1,1,1,8.679785,0,0,0,1,0,0.1476054,0.0,,0,0,0,0.0,0,0.0,-1,1,0,1,train
1,PAYMENT,1461.06,C641030345,226.0,0.0,M521466380,0.0,0.0,0,0,1,1,1,7.2876015,0,0,0,1,0,6.4363875,-1235.06,,1,0,0,0.0,0,0.0,-1,1,0,1,train
1,DEBIT,4242.85,C2108318195,1040.0,0.0,C1435804085,6371.65,96.88,0,0,1,1,1,8.353226,0,0,1,0,0,4.0757446,-3202.85,-10517.62,1,0,0,0.0,0,0.0,-1,1,0,1,train
1,PAYMENT,2724.24,C1647402786,453534.0,450809.76,M1850646717,0.0,0.0,0,0,1,1,1,7.9103117,0,0,0,1,0,0.006006681,0.0,,0,0,0,0.0,0,0.0,-1,1,0,1,train
1,DEBIT,2344.79,C1458748394,1102.0,0.0,C998351292,1559836.0,1015132.48,0,0,1,1,1,7.7603774,0,0,1,0,0,2.1258295,-1242.79,-547048.3,1,0,0,0.0,0,0.0,-1,1,0,1,train
1,PAYMENT,8525.08,C2029645118,0.0,0.0,M274298188,0.0,0.0,0,0,1,1,1,9.050885,0,0,0,1,0,8525.08,-8525.08,,0,0,0,0.0,0,0.0,-1,1,0,1,train
1,PAYMENT,15640.06,C185164978,0.0,0.0,M1223144402,0.0,0.0,0,0,1,1,1,9.657655,0,0,0,1,0,15640.06,-15640.06,,0,0,0,0.0,0,0.0,-1,1,0,1,train
1,DEBIT,1533.55,C2134915053,45093.0,43559.45,C75457651,29936.24,31469.78,0,0,1,1,1,7.3359923,0,0,1,0,0,0.03400785,0.0,-0.01,0,0,0,0.0,0,0.0,-1,1,0,1,train
1,DEBIT,3256.43,C619241052,10935.0,7678.57,C1292838001,26222.91,29479.34,0,0,1,1,1,8.088694,0,0,1,0,0,0.29777157,0.0,4.5474735e-13,0,0,0,0.0,0,0.0,-1,1,0,1,train
1,PAYMENT,4591.98,C1677984391,52018.0,47426.02,M285754614,0.0,0.0,0,0,1,1,1,8.432284,0,0,0,1,0,0.08827505,7.275958e-12,,0,0,0,0.0,0,0.0,-1,1,0,1,train
1,PAYMENT,5567.55,C1871312485,870.0,0.0,M233951222,0.0,0.0,0,0,1,1,1,8.62489,0,0,0,1,0,6.3921356,-4697.55,,1,0,0,0.0,0,0.0,-1,1,0,1,train
1,PAYMENT,4213.36,C1227224309,233618.0,229404.64,M450438867,0.0,0.0,0,0,1,1,1,8.346253,0,0,0,1,0,0.018035177,0.0,,0,0,0,0.0,0,0.0,-1,1,0,1,train
1,PAYMENT,3970.45,C977522995,11349.0,7378.55,M969811954,0.0,0.0,0,0,1,1,1,8.286886,0,0,0,1,0,0.3498194,0.0,,0,0,0,0.0,0,0.0,-1,1,0,1,train
1,DEBIT,4497.03,C1596653154,45795.0,41297.97,C1321530272,24762.8,23174.68,0,0,1,1,1,8.411395,0,0,1,0,0,0.098197006,0.0,-6085.15,0,0,0,0.0,0,0.0,-1,1,0,1,train
1,TRANSFER,301706.01,C211199210,33251.0,0.0,C884457408,1594.8,502480.02,0,0,1,1,1,12.617211,0,0,0,0,1,9.073319,-268455.0,199179.2,1,0,0,0.0,0,0.0,-1,1,0,1,train
1,PAYMENT,3065.41,C678962690,27404.0,24338.59,M1623287112,0.0,0.0,0,0,1,1,1,8.028263,0,0,0,1,0,0.111855865,0.0,,0,0,0,0.0,0,0.0,-1,1,0,1,train
1,TRANSFER,229316.19,C1745903324,24338.59,0.0,C747464370,1395069.49,1567434.81,0,0,1,1,1,12.342861,0,0,0,0,1,9.421531,-204977.6,-56950.87,1,0,0,0.0,0,0.0,-1,1,0,1,train
1,DEBIT,1898.84,C1360533184,102280.0,100381.16,C515132998,11395.41,0.0,0,0,1,1,1,7.549525,0,0,1,0,0,0.018564934,0.0,-13294.25,0,0,0,0.0,0,0.0,-1,1,0,1,train
1,PAYMENT,652.67,C951677655,280.0,0.0,M1396292525,0.0,0.0,0,0,1,1,1,6.4826026,0,0,0,1,0,2.322669,-372.67,,1,0,0,0.0,0,0.0,-1,1,0,1,train
1,PAYMENT,1795.14,C959834536,35474.0,33678.86,M680150616,0.0,0.0,0,0,1,1,1,7.4933953,0,0,0,1,0,0.05060296,0.0,,0,0,0,0.0,0,0.0,-1,1,0,1,train
1,PAYMENT,5088.99,C1532409428,26760.0,21671.01,M1160546880,0.0,0.0,0,0,1,1,1,8.535031,0,0,0,1,0,0.19016442,3.637979e-12,,0,0,0,0.0,0,0.0,-1,1,0,1,train
1,PAYMENT,9305.93,C1396851684,20346.0,11040.07,M687892306,0.0,0.0,0,0,1,1,1,9.1385145,0,0,0,1,0,0.45736128,0.0,,0,0,0,0.0,0,0.0,-1,1,0,1,train
1,TRANSFER,498178.68,C1191874608,8708.0,0.0,C728885526,46204.7,897150.84,0,0,1,1,1,13.118716,0,0,0,0,1,57.202744,-489470.7,352767.47,1,0,0,0.0,0,0.0,-1,1,0,1,train
1,PAYMENT,1897.66,C1725266971,12038.0,10140.34,M659115590,0.0,0.0,0,0,1,1,1,7.5489035,0,0,0,1,0,0.15762605,0.0,,0,0,0,0.0,0,0.0,-1,1,0,1,train
1,PAYMENT,1033.44,C223975178,10043.0,9009.56,M507583873,0.0,0.0,0,0,1,1,1,6.9416156,0,0,0,1,0,0.10289128,0.0,,0,0,0,0.0,0,0.0,-1,1,0,1,train
1,PAYMENT,1252.27,C1404669942,31919.0,30666.73,M1047515321,0.0,0.0,0,0,1,1,1,7.1335115,0,0,0,1,0,0.039231516,0.0,,0,0,0,0.0,0,0.0,-1,1,0,1,train
1,PAYMENT,4911.89,C2144334265,6119.0,1207.11,M1769227988,0.0,0.0,0,0,1,1,1,8.499618,0,0,0,1,0,0.8025964,-2.2737368e-13,,0,0,0,0.0,0,0.0,-1,1,0,1,train
1,DEBIT,9755.38,C1991094835,102287.0,92531.62,C985934102,1174448.2,971418.91,0,0,1,1,1,9.185677,0,0,1,0,0,0.09537169,0.0,-212784.67,0,0,0,0.0,0,0.0,-1,1,0,1,train
1,TRANSFER,300932.58,C906448455,492.0,0.0,C1850180796,0.0,1268668.92,0,0,1,1,1,12.614645,0,0,0,0,1,610.4109,-300440.6,967736.3,1,0,0,0.0,0,0.0,-1,1,0,1,train
1,TRANSFER,47940.14,C910504711,0.0,0.0,C401424608,1429486.78,1178808.14,0,0,1,1,1,10.777729,0,0,0,0,1,47940.14,-47940.14,-298618.78,0,0,0,0.0,0,0.0,-1,1,0,1,train
1,TRANSFER,118365.47,C2110558717,0.0,0.0,C716083600,1771122.03,2444985.19,0,0,1,1,1,11.6815405,0,0,0,0,1,118365.47,-118365.47,555497.7,0,0,0,0.0,0,0.0,-1,1,0,1,train
1,TRANSFER,16626.81,C1726715997,0.0,0.0,C1286084959,2073489.52,2107778.11,0,0,1,1,1,9.718832,0,0,0,0,1,16626.81,-16626.81,17661.78,0,0,0,0.0,0,0.0,-1,1,0,1,train
1,TRANSFER,96757.4,C1787987889,0.0,0.0,C306206744,3117323.21,3554299.27,0,0,1,1,1,11.479973,0,0,0,0,1,96757.4,-96757.4,340218.66,0,0,0,0.0,0,0.0,-1,1,0,1,train
1,TRANSFER,297448.33,C1968196847,0.0,0.0,C1816757085,8563397.83,10681238.79,0,0,1,1,1,12.602999,0,0,0,0,1,297448.34,-297448.34,1.8203926e+06,0,0,0,0.0,0,0.0,-1,1,0,1,train
1,TRANSFER,287509.05,C1821010113,0.0,0.0,C1850180796,300932.58,1268668.92,0,0,1,1,1,12.569013,0,0,0,0,1,287509.06,-287509.06,680227.3,0,0,0,0.0,0,0.0,-1,1,0,1,train
1,TRANSFER,1212719.61,C1444494461,0.0,0.0,C1262822392,9615567.18,12494367.15,0,0,1,1,1,14.008377,0,0,0,0,1,1.2127196e+06,-1.2127196e+06,1.6660804e+06,0,0,0,0.0,0,0.0,-1,1,0,1,train
1,TRANSFER,210650.2,C684230144,0.0,0.0,C1740000325,217142.53,1363368.51,0,0,1,1,1,12.257959,0,0,0,0,1,210650.2,-210650.2,935575.75,0,0,0,0.0,0,0.0,-1,1,0,1,train
1,TRANSFER,1636507.63,C1602785474,0.0,0.0,C1262822392,10828286.78,12494367.15,0,0,1,1,1,14.308076,0,0,0,0,1,1.6365076e+06,-1.6365076e+06,29572.74,0,0,0,0.0,0,0.0,-1,1,0,1,train
1,TRANSFER,651387.84,C1618683794,0.0,0.0,C248609774,5405684.33,6453430.91,0,0,1,1,1,13.386862,0,0,0,0,1,651387.8,-651387.8,396358.75,0,0,0,0.0,0,0.0,-1,1,0,1,train
1,TRANSFER,548288.31,C2141066548,0.0,0.0,C1883840933,13888764.65,16874643.09,0,0,1,1,1,13.214559,0,0,0,0,1,548288.3,-548288.3,2.4375902e+06,0,0,0,0.0,0,0.0,-1,1,0,1,train
1,TRANSFER,2107293.71,C327840833,0.0,0.0,C1816757085,8860846.16,10681238.79,0,0,1,1,1,14.560916,0,0,0,0,1,2.1072938e+06,-2.1072938e+06,-286901.1,0,0,0,0.0,0,0.0,-1,1,0,1,train
1,TRANSFER,1918461.7,C136312946,0.0,0.0,C1782113663,2490204.7,3997768.55,0,0,1,1,1,14.467034,0,0,0,0,1,1.9184618e+06,-1.9184618e+06,-410897.84,0,0,0,0.0,0,0.0,-1,1,0,1,train
1,TRANSFER,291753.7,C828447060,0.0,0.0,C1816757085,10968139.88,10681238.79,0,0,1,1,1,12.583669,0,0,0,0,1,291753.7,-291753.7,-578654.8,0,0,0,0.0,0,0.0,-1,1,0,1,train
1,TRANSFER,556542.19,C1046056441,0.0,0.0,C1721246982,1183111.79,1114787.21,0,0,1,1,1,13.2295,0,0,0,0,1,556542.2,-556542.2,-624866.75,0,0,0,0.0,0,0.0,-1,1,0,1,train
1,DEBIT,588.33,C2117193231,15573.0,14984.67,C557041912,599617.53,557537.26,0,0,1,1,1,6.3789864,0,0,1,0,0,0.03777642,0.0,-42668.6,0,0,0,0.0,0,0.0,-1,1,0,1,train
1,PAYMENT,3559.49,C161113555,69159.81,65600.32,M814245389,0.0,0.0,0,0,1,1,1,8.177653,0,0,0,1,0,0.051466864,-1.4551915e-11,,0,0,0,0.0,0,0.0,-1,1,0,1,train
1,PAYMENT,2488.09,C1120670624,65600.32,63112.23,M855501888,0.0,0.0,0,0,1,1,1,7.8196726,0,0,0,1,0,0.037927438,7.275958e-12,,0,0,0,0.0,0,0.0,-1,1,0,1,train
1,PAYMENT,353.9,C1746117425,3.0,0.0,M467146800,0.0,0.0,0,0,1,1,1,5.871836,0,0,0,1,0,88.475,-350.9,,1,0,0,0.0,0,0.0,-1,1,0,1,train
1,PAYMENT,8440.86,C967531000,14189.75,5748.89,M1693003105,0.0,0.0,0,0,1,1,1,9.040958,0,0,0,1,0,0.59481424,-9.094947e-13,,0,0,0,0.0,0,0.0,-1,1,0,1,train
1,PAYMENT,9160.94,C286658790,5748.89,0.0,M1255445356,0.0,0.0,0,0,1,1,1,9.122813,0,0,0,1,0,1.5932374,-3412.05,,1,0,0,0.0,0,0.0,-1,1,0,1,train
1,PAYMENT,11063.08,C701724503,342818.0,331754.92,M83674409,0.0,0.0,0,0,1,1,1,9.31146,0,0,0,1,0,0.03227091,0.0,,0,0,0,0.0,0,0.0,-1,1,0,1,train
1,PAYMENT,18392.23,C634156144,297085.0,278692.77,M1273879638,0.0,0.0,0,0,1,1,1,9.819738,0,0,0,1,0,0.061908774,0.0,,0,0,0,0.0,0,0.0,-1,1,0,1,train
1,PAYMENT,2357.63,C2041996211,887.0,0.0,M461448225,0.0,0.0,0,0,1,1,1,7.7658362,0,0,0,1,0,2.6549888,-1470.63,,1,0,0,0.0,0,0.0,-1,1,0,1,train
1,PAYMENT,5157.05,C1562950869,1667.92,0.0,M2021835850,0.0,0.0,0,0,1,1,1,8.548314,0,0,0,1,0,3.0900524,-3489.13,,1,0,0,0.0,0,0.0,-1,1,0,1,train
1,PAYMENT,5746.44,C845388562,0.0,0.0,M550572371,0.0,0.0,0,0,1,1,1,8.656509,0,0,0,1,0,5746.44,-5746.44,,0,0,0,0.0,0,0.0,-1,1,0,1,train
1,PAYMENT,5607.36,C948424584,5202.0,0.0,M1447685190,0.0,0.0,0,0,1,1,1,8.632013,0,0,0,1,0,1.0777167,-405.36,,1,0,0,0.0,0,0.0,-1,1,0,1,train
1,PAYMENT,6360.79,C2027701910,3731.0,0.0,M1345293143,0.0,0.0,0,0,1,1,1,8.758065,0,0,0,1,0,1.7043917,-2629.79,,1,0,0,0.0,0,0.0,-1,1,0,1,train
1,CASH_IN,67200.07,C1448277333,108912.0,176112.07,C243745864,0.0,0.0,0,0,1,1,1,11.115444,1,0,0,0,0,0.6170069,-134400.14,-67200.07,0,1,0,0.0,0,0.0,-1,1,0,1,train
1,PAYMENT,2453.34,C1340086277,35411.0,32957.66,M1427247001,0.0,0.0,0,0,1,1,1,7.805613,0,0,0,1,0,0.0692799,0.0,,0,0,0,0.0,0,0.0,-1,1,0,1,train
1,PAYMENT,79.26,C2034975583,4597098.32,4597019.06,M955443582,0.0,0.0,0,0,1,1,1,4.3852715,0,0,0,1,0,1.7241307e-05,9.313226e-10,,0,0,0,0.0,0,0.0,-1,1,0,1,train
1,PAYMENT,3758.16,C2006842965,4597019.06,4593260.9,M842422776,0.0,0.0,0,0,1,1,1,8.231951,0,0,0,1,0,0.0008175209,-9.313226e-10,,0,0,0,0.0,0,0.0,-1,1,0,1,train
1,PAYMENT,24495.45,C289711450,4593260.9,4568765.44,M1045567253,0.0,0.0,0,0,1,1,1,10.106283,0,0,0,1,0,0.0053329095,0.01,,0,0,0,0.0,0,0.0,-1,1,0,1,train
1,PAYMENT,1284.49,C648358364,42110.0,40825.51,M643587433,0.0,0.0,0,0,1,1,1,7.158895,0,0,0,1,0,0.030502481,0.0,,0,0,0,0.0,0,0.0,-1,1,0,1,train
1,PAYMENT,3283.87,C310792845,5338019.35,5334735.48,M1019348343,0.0,0.0,0,0,1,1,1,8.097082,0,0,0,1,0,0.000615185,-9.313226e-10,,0,0,0,0.0,0,0.0,-1,1,0,1,train
1,TRANSFER,42136.28,C866529530,5334735.48,5292599.2,C837659261,46303.0,57472.15,0,0,1,1,1,10.648688,0,0,0,0,1,0.007898474,0.0,-30967.13,0,0,0,0.0,0,0.0,-1,1,0,1,train
1,TRANSFER,27008.84,C2002097394,5292599.2,5265590.36,C824009085,37097.33,64106.18,0,0,1,1,1,10.203957,0,0,0,0,1,0.0051031327,0.0,0.01,0,0,0,0.0,0,0.0,-1,1,0,1,train
1,TRANSFER,331545.25,C1466413743,5265590.36,4934045.11,C1023714065,1543990.84,1412484.09,0,0,1,1,1,12.711523,0,0,0,0,1,0.062964484,0.0,-463052.0,0,0,0,0.0,0,0.0,-1,1,0,1,train
1,TRANSFER,42529.28,C2065886345,4934045.11,4891515.83,C1568059495,87913.35,122750.49,0,0,1,1,1,10.657971,0,0,0,0,1,0.008619554,0.0,-7692.14,0,0,0,0.0,0,0.0,-1,1,0,1,train
1,TRANSFER,252129.73,C2030121719,4891515.83,4639386.1,C1899073220,844104.14,420946.86,0,0,1,1,1,12.437703,0,0,0,0,1,0.051544283,0.0,-675287.0,0,0,0,0.0,0,0.0,-1,1,0,1,train
1,TRANSFER,473469.94,C573102881,4639386.1,4165916.16,C392292416,2743237.78,3420103.09,0,0,1,1,1,13.067845,0,0,0,0,1,0.10205442,-4.656613e-10,203395.38,0,0,0,0.0,0,0.0,-1,1,0,1,train
1,TRANSFER,2317408.88,C1219553025,4165916.16,1848507.28,C1883840933,14437052.95,16874643.09,0,0,1,1,1,14.655961,0,0,0,0,1,0.55627817,2.3283064e-10,120181.26,0,0,0,0.0,0,0.0,-1,1,0,1,train
1,TRANSFER,864389.49,C605686842,1848507.28,984117.79,C33524623,1751348.58,1517262.16,0,0,1,1,1,13.66978,0,0,0,0,1,0.46761462,0.0,-1.0984759e+06,0,0,0,0.0,0,0.0,-1,1,0,1,train
1,TRANSFER,276094.92,C1417413828,984117.79,708022.87,C22805895,280157.9,651524.92,0,0,1,1,1,12.528503,0,0,0,0,1,0.2805504,1.1641532e-10,95272.1,0,0,0,0.0,0,0.0,-1,1,0,1,train
1,TRANSFER,132355.33,C820587705,708022.87,575667.54,C1782113663,4408666.39,3997768.55,0,0,1,1,1,11.793253,0,0,0,0,1,0.18693626,0.0,-543253.2,0,0,0,0.0,0,0.0,-1,1,0,1,train
1,TRANSFER,169106.97,C2142129482,575667.54,575667.54,C1170794006,575667.54,22190.99,0,0,1,1,1,12.038293,0,0,0,0,1,0.29375753,-169106.97,-722583.5,0,0,0,0.0,0,0.0,-1,1,0,1,train
1,TRANSFER,2604219.11,C195163481,575667.54,0.0,C97730845,7263554.62,9940339.29,0,0,1,1,1,14.772644,0,0,0,0,1,4.523817,-2.0285516e+06,72565.56,1,0,0,0.0,0,0.0,-1,1,0,1,train
1,TRANSFER,249740.75,C1062181581,2748.22,0.0,C968113504,6072.0,241220.25,0,0,1,1,1,12.428183,0,0,0,0,1,90.84058,-246992.53,-14592.5,1,0,0,0.0,0,0.0,-1,1,0,1,train
1,PAYMENT,7977.96,C1186657657,0.0,0.0,M1274225913,0.0,0.0,0,0,1,1,1,8.984564,0,0,0,1,0,7977.96,-7977.96,,0,0,0,0.0,0,0.0,-1,1,0,1,train
1,PAYMENT,7848.22,C1333529571,402672.0,394823.78,M212232499,0.0,0.0,0,0,1,1,1,8.968169,0,0,0,1,0,0.019490305,0.0,,0,0,0,0.0,0,0.0,-1,1,0,1,train
1,PAYMENT,7625.73,C489047267,248677.0,241051.27,M1335914322,0.0,0.0,0,0,1,1,1,8.939414,0,0,0,1,0,0.030665077,0.0,,0,0,0,0.0,0,0.0,-1,1,0,1,train
1,PAYMENT,3499.43,C1613514326,31242.0,27742.57,M1610372241,0.0,0.0,0,0,1,1,1,8.160641,0,0,0,1,0,0.11200685,0.0,,0,0,0,0.0,0,0.0,-1,1,0,1,train
1,DEBIT,642.26,C1884422865,21363.0,20720.74,C1509514333,1772.9,2415.16,0,0,1,1,1,6.466549,0,0,1,0,0,0.030062722,0.0,-2.2737368e-13,0,0,0,0.0,0,0.0,-1,1,0,1,train
1,CASH_OUT,41295.56,C1011104118,20720.74,0.0,C932583850,2614230.5,2719172.89,0,0,1,1,1,10.628534,0,1,0,0,0,1.9928616,-20574.82,63646.83,1,0,0,0.0,0,0.0,-1,1,0,1,train
1,CASH_OUT,13576.03,C1046009438,0.0,0.0,C812586739,367271.74,122027.28,0,0,1,1,1,9.516134,0,1,0,0,0,13576.03,-13576.03,-258820.48,0,0,0,0.0,0,0.0,-1,1,0,1,train
1,CASH_OUT,29572.74,C62739928,0.0,0.0,C1262822392,12464794.41,12494367.15,0,0,1,1,1,10.294642,0,1,0,0,0,29572.74,-29572.74,2.2191671e-10,0,0,0,0.0,0,0.0,-1,1,0,1,train
1,CASH_OUT,53569.21,C1671007220,0.0,0.0,C1750905143,683211.62,424250.45,0,0,1,1,1,10.888748,0,1,0,0,0,53569.21,-53569.21,-312530.38,0,0,0,0.0,0,0.0,-1,1,0,1,train
1,CASH_OUT,139247.62,C2114687352,0.0,0.0,C1401316767,232039.71,407298.23,0,0,1,1,1,11.844016,0,1,0,0,0,139247.62,-139247.62,36010.9,0,0,0,0.0,0,0.0,-1,1,0,1,train
1,CASH_OUT,60360.45,C102318785,0.0,0.0,C1256728724,94056.3,69756.86,0,0,1,1,1,11.008106,0,1,0,0,0,60360.45,-60360.45,-84659.89,0,0,0,0.0,0,0.0,-1,1,0,1,train
1,CASH_OUT,161795.9,C1868809295,0.0,0.0,C97730845,9867773.73,9940339.29,0,0,1,1,1,11.994097,0,1,0,0,0,161795.9,-161795.9,-89230.34,0,0,0,0.0,0,0.0,-1,1,0,1,train
1,CASH_OUT,607537.17,C1082795132,0.0,0.0,C1286084959,2090116.34,2107778.11,0,0,1,1,1,13.31717,0,1,0,0,0,607537.2,-607537.2,-589875.4,0,0,0,0.0,0,0.0,-1,1,0,1,train
1,CASH_OUT,254399.35,C1655242052,0.0,0.0,C1810132623,455863.64,97128.19,0,0,1,1,1,12.446665,0,1,0,0,0,254399.34,-254399.34,-613134.8,0,0,0,0.0,0,0.0,-1,1,0,1,train
1,CASH_OUT,427823.47,C778806426,0.0,0.0,C2083562754,777546.17,1186556.81,0,0,1,1,1,12.966468,0,1,0,0,0,427823.47,-427823.47,-18812.83,0,0,0,0.0,0,0.0,-1,1,0,1,train
1,CASH_OUT,16662.21,C1599823012,0.0,0.0,C97730845,10029569.63,9940339.29,0,0,1,1,1,9.720959,0,1,0,0,0,16662.21,-16662.21,-105892.55,0,0,0,0.0,0,0.0,-1,1,0,1,train
1,CASH_OUT,173570.67,C1323514615,0.0,0.0,C1850180796,588441.63,1268668.92,0,0,1,1,1,12.064346,0,1,0,0,0,173570.67,-173570.67,506656.62,0,0,0,0.0,0,0.0,-1,1,0,1,train
1,CASH_OUT,54684.17,C1795468466,0.0,0.0,C1330400026,71672.0,817.21,0,0,1,1,1,10.909348,0,1,0,0,0,54684.17,-54684.17,-125538.96,0,0,0,0.0,0,0.0,-1,1,0,1,train
1,CASH_OUT,87963.9,C406358588,0.0,0.0,C1740000325,427792.72,1363368.51,0,0,1,1,1,11.384693,0,1,0,0,0,87963.9,-87963.9,847611.9,0,0,0,0.0,0,0.0,-1,1,0,1,train
1,CASH_OUT,565349.9,C486759395,0.0,0.0,C665576141,5622929.89,5515763.34,0,0,1,1,1,13.245202,0,1,0,0,0,565349.9,-565349.9,-672516.44,0,0,0,0.0,0,0.0,-1,1,0,1,train
1,CASH_OUT,94527.39,C1247866422,0.0,0.0,C655381473,95007.35,189534.74,0,0,1,1,1,11.4566555,0,1,0,0,0,94527.39,-94527.39,-1.4551915e-11,0,0,0,0.0,0,0.0,-1,1,0,1,train
1,CASH_OUT,315552.62,C80722676,0.0,0.0,C97730845,10046231.84,9940339.29,0,0,1,1,1,12.662084,0,1,0,0,0,315552.62,-315552.62,-421445.16,0,0,0,0.0,0,0.0,-1,1,0,1,train
1,CASH_OUT,48169.69,C1492822331,0.0,0.0,C2083562754,1205369.63,1186556.81,0,0,1,1,1,10.782506,0,1,0,0,0,48169.69,-48169.69,-66982.51,0,0,0,0.0,0,0.0,-1,1,0,1,train
1,CASH_OUT,118753.07,C1596009860,0.0,0.0,C1256728724,154416.74,69756.86,0,0,1,1,1,11.68481,0,1,0,0,0,118753.07,-118753.07,-203412.95,0,0,0,0.0,0,0.0,-1,1,0,1,train
1,CASH_OUT,106705.8,C310212872,0.0,0.0,C1629911510,210697.58,15375.37,0,0,1,1,1,11.57784,0,1,0,0,0,106705.8,-106705.8,-302028.0,0,0,0,0.0,0,0.0,-1,1,0,1,train
1,CASH_OUT,328967.35,C1805412777,0.0,0.0,C716083600,1889487.5,2444985.19,0,0,1,1,1,12.703717,0,1,0,0,0,328967.34,-328967.34,226530.34,0,0,0,0.0,0,0.0,-1,1,0,1,train
1,CASH_OUT,55855.58,C1713546896,0.0,0.0,C20671747,68283.63,43691.09,0,0,1,1,1,10.930543,0,1,0,0,0,55855.58,-55855.58,-80448.12,0,0,0,0.0,0,0.0,-1,1,0,1,train
1,CASH_OUT,370751.08,C817490653,0.0,0.0,C2083562754,1253539.33,1186556.81,0,0,1,1,1,12.823289,0,1,0,0,0,370751.1,-370751.1,-437733.6,0,0,0,0.0,0,0.0,-1,1,0,1,train
1,CASH_OUT,49177.38,C1232433403,0.0,0.0,C1568059495,130442.64,122750.49,0,0,1,1,1,10.803209,0,1,0,0,0,49177.38,-49177.38,-56869.53,0,0,0,0.0,0,0.0,-1,1,0,1,train
1,CASH_OUT,63557.19,C1093441885,0.0,0.0,C997608398,361284.25,157982.12,0,0,1,1,1,11.059711,0,1,0,0,0,63557.19,-63557.19,-266859.3,0,0,0,0.0,0,0.0,-1,1,0,1,train
1,CASH_OUT,33663.22,C843686350,0.0,0.0,C721748895,168225.59,0.0,0,0,1,1,1,10.4241905,0,1,0,0,0,33663.22,-33663.22,-201888.81,0,0,0,0.0,0,0.0,-1,1,0,1,train
1,CASH_OUT,20986.8,C1306085976,0.0,0.0,C1870252780,25475.43,46462.23,0,0,1,1,1,9.951696,0,1,0,0,0,20986.8,-20986.8,3.637979e-12,0,0,0,0.0,0,0.0,-1,1,0,1,train
1,CASH_OUT,301680.88,C793319856,0.0,0.0,C665576141,6188279.79,5515763.34,0,0,1,1,1,12.617128,0,1,0,0,0,301680.88,-301680.88,-974197.3,0,0,0,0.0,0,0.0,-1,1,0,1,train
1,CASH_OUT,9320.15,C176851829,0.0,0.0,C1330400026,126356.17,817.21,0,0,1,1,1,9.140041,0,1,0,0,0,9320.15,-9320.15,-134859.11,0,0,0,0.0,0,0.0,-1,1,0,1,train
1,CASH_OUT,241488.05,C1974606907,0.0,0.0,C1590550415,19274628.33,19169204.93,0,0,1,1,1,12.394579,0,1,0,0,0,241488.05,-241488.05,-346911.44,0,0,0,0.0,0,0.0,-1,1,0,1,train
1,CASH_OUT,60850.8,C1925059423,0.0,0.0,C1831477404,230396.43,247063.16,0,0,1,1,1,11.016196,0,1,0,0,0,60850.8,-60850.8,-44184.07,0,0,0,0.0,0,0.0,-1,1,0,1,train
1,CASH_OUT,476934.35,C358420513,0.0,0.0,C22805895,556252.82,651524.92,0,0,1,1,1,13.075136,0,1,0,0,0,476934.34,-476934.34,-381662.25,0,0,0,0.0,0,0.0,-1,1,0,1,train
1,CASH_OUT,598674.03,C1272115420,0.0,0.0,C985934102,1184203.57,971418.91,0,0,1,1,1,13.302474,0,1,0,0,0,598674.0,-598674.0,-811458.7,0,0,0,0.0,0,0.0,-1,1,0,1,train
1,CASH_OUT,135357.16,C778337881,0.0,0.0,C1816757085,11259893.58,10681238.79,0,0,1,1,1,11.81568,0,1,0,0,0,135357.16,-135357.16,-714011.94,0,0,0,0.0,0,0.0,-1,1,0,1,train
1,CASH_OUT,422125.99,C742568993,0.0,0.0,C716083600,2218454.85,2444985.19,0,0,1,1,1,12.953061,0,1,0,0,0,422126.0,-422126.0,-195595.66,0,0,0,0.0,0,0.0,-1,1,0,1,train
1,CASH_OUT,57643.24,C1373861264,0.0,0.0,C1096283470,66948.88,0.0,0,0,1,1,1,10.962046,0,1,0,0,0,57643.24,-57643.24,-124592.12,0,0,0,0.0,0,0.0,-1,1,0,1,train
1,PAYMENT,11261.67,C233519968,7004.0,0.0,M7346738,0.0,0.0,0,0,1,1,1,9.329249,0,0,0,1,0,1.6076617,-4257.67,,1,0,0,0.0,0,0.0,-1,1,0,1,train
1,TRANSFER,416106.78,C967460257,12283.0,0.0,C1831477404,291247.23,247063.16,0,0,1,1,1,12.9387,0,0,0,0,1,33.873882,-403823.78,-460290.84,1,0,0,0.0,0,0.0,-1,1,0,1,train
1,PAYMENT,4447.55,C1940912369,50268.0,45820.45,M667680223,0.0,0.0,0,0,1,1,1,8.400333,0,0,0,1,0,0.088475004,0.0,,0,0,0,0.0,0,0.0,-1,1,0,1,train
1,TRANSFER,25071.46,C669700766,25071.46,0.0,C1384210339,0.0,0.0,1,0,1,1,1,10.129525,0,0,0,0,1,0.9999601,0.0,-25071.46,1,1,0,0.0,0,0.0,-1,1,0,1,train
1,CASH_OUT,25071.46,C1275464847,25071.46,0.0,C1364913072,9083.76,34155.22,1,0,1,1,1,10.129525,0,1,0,0,0,0.9999601,0.0,0.0,1,0,0,0.0,0,0.0,-1,1,0,1,train
1,PAYMENT,3239.95,C1080167822,120792.0,117552.05,M943666520,0.0,0.0,0,0,1,1,1,8.083622,0,0,0,1,0,0.026822332,0.0,,0,0,0,0.0,0,0.0,-1,1,0,1,train
1,PAYMENT,10286.48,C1236303587,147166.0,136879.52,M892231982,0.0,0.0,0,0,1,1,1,9.238683,0,0,0,1,0,0.069896646,0.0,,0,0,0,0.0,0,0.0,-1,1,0,1,train
1,PAYMENT,2011.81,C1710228600,34672.0,32660.19,M606365803,0.0,0.0,0,0,1,1,1,7.607287,0,0,0,1,0,0.05802238,0.0,,0,0,0,0.0,0,0.0,-1,1,0,1,train
1,PAYMENT,9520.02,C1856589162,21099.0,11578.98,M675833472,0.0,0.0,0,0,1,1,1,9.161257,0,0,0,1,0,0.4511858,0.0,,0,0,0,0.0,0,0.0,-1,1,0,1,train
1,PAYMENT,4273.56,C1300132917,6489960.66,6485687.1,M1243495105,0.0,0.0,0,0,1,1,1,8.360436,0,0,0,1,0,0.0006584877,9.313226e-10,,0,0,0,0.0,0,0.0,-1,1,0,1,train
1,CASH_OUT,26844.84,C1853422837,6485687.1,6458842.26,C2083117811,254506.86,290772.6,0,0,1,1,1,10.197866,0,1,0,0,0,0.004139089,0.0,9420.9,0,0,0,0.0,0,0.0,-1,1,0,1,train
1,PAYMENT,634.41,C91220956,18396.16,17761.75,M999221400,0.0,0.0,0,0,1,1,1,6.4542704,0,0,0,1,0,0.034484126,0.0,,0,0,0,0.0,0,0.0,-1,1,0,1,train
1,CASH_OUT,58516.68,C8197402,17761.75,0.0,C932583850,2655526.06,2719172.89,0,0,1,1,1,10.977084,0,1,0,0,0,3.294348,-40754.93,5130.15,1,0,0,0.0,0,0.0,-1,1,0,1,train
1,PAYMENT,5077.6,C692838068,21987.0,16909.4,M1392570698,0.0,0.0,0,0,1,1,1,8.532791,0,0,0,1,0,0.23092596,0.0,,0,0,0,0.0,0,0.0,-1,1,0,1,train
1,PAYMENT,4471.34,C528877978,22161.0,17689.66,M2008746677,0.0,0.0,0,0,1,1,1,8.405667,0,0,0,1,0,0.20175706,0.0,,0,0,0,0.0,0,0.0,-1,1,0,1,train
1,PAYMENT,6525.58,C15910024,337514.0,330988.42,M1420623741,0.0,0.0,0,0,1,1,1,8.783638,0,0,0,1,0,0.019334193,0.0,,0,0,0,0.0,0,0.0,-1,1,0,1,train
1,PAYMENT,12749.19,C2076829355,27552.0,14802.81,M1418245573,0.0,0.0,0,0,1,1,1,9.453301,0,0,0,1,0,0.46271512,0.0,,0,0,0,0.0,0,0.0,-1,1,0,1,train
1,PAYMENT,7652.07,C1112075608,26253.43,18601.35,M1898751355,0.0,0.0,0,0,1,1,1,8.9428625,0,0,0,1,0,0.29145825,0.01,,0,0,0,0.0,0,0.0,-1,1,0,1,train
1,CASH_OUT,450465.15,C1164241227,18601.35,0.0,C1504109395,500206.13,593737.38,0,0,1,1,1,13.018038,0,1,0,0,0,24.215496,-431863.8,-356933.9,1,0,0,0.0,0,0.0,-1,1,0,1,train
1,PAYMENT,17540.66,C1414744767,160564.0,143023.34,M1366581056,0.0,0.0,0,0,1,1,1,9.772334,0,0,0,1,0,0.109243356,0.0,,0,0,0,0.0,0,0.0,-1,1,0,1,train
1,CASH_IN,2673.64,C1164394344,768815.91,771489.55,C1330400026,135676.32,817.21,0,0,1,1,1,7.89157,1,0,0,0,0,0.003477603,-5347.28,-137532.75,0,0,0,0.0,0,0.0,-1,1,0,1,train
1,PAYMENT,4215.08,C665565246,771489.55,767274.47,M1776486598,0.0,0.0,0,0,1,1,1,8.346661,0,0,0,1,0,0.0054635536,1.1641532e-10,,0,0,0,0.0,0,0.0,-1,1,0,1,train
1,PAYMENT,3468.74,C438228197,13310.0,9841.26,M1719547057,0.0,0.0,0,0,1,1,1,8.1518345,0,0,0,1,0,0.26059198,0.0,,0,0,0,0.0,0,0.0,-1,1,0,1,train
1,PAYMENT,244.09,C476973576,195601.0,195356.91,M1840940155,0.0,0.0,0,0,1,1,1,5.5016255,0,0,0,1,0,0.0012478911,0.0,,0,0,0,0.0,0,0.0,-1,1,0,1,train
1,PAYMENT,137.88,C32496853,59708.34,59570.46,M371440613,0.0,0.0,0,0,1,1,1,4.9336104,0,0,0,1,0,0.0023091864,0.0,,0,0,0,0.0,0,0.0,-1,1,0,1,train
1,PAYMENT,7155.31,C2062667107,59570.46,52415.15,M1129387802,0.0,0.0,0,0,1,1,1,8.87575,0,0,0,1,0,0.12011305,0.0,,0,0,0,0.0,0,0.0,-1,1,0,1,train
1,PAYMENT,2432.88,C1009218257,12946.0,10513.12,M936380963,0.0,0.0,0,0,1,1,1,7.797242,0,0,0,1,0,0.1879107,-1.8189894e-12,,0,0,0,0.0,0,0.0,-1,1,0,1,train
1,PAYMENT,9021.44,C1128158063,1536.0,0.0,M144467413,0.0,0.0,0,0,1,1,1,9.1074705,0,0,0,1,0,5.869512,-7485.44,,1,0,0,0.0,0,0.0,-1,1,0,1,train
1,PAYMENT,4476.2,C262815725,0.0,0.0,M941403433,0.0,0.0,0,0,1,1,1,8.406754,0,0,0,1,0,4476.2,-4476.2,,0,0,0,0.0,0,0.0,-1,1,0,1,train
1,PAYMENT,14546.65,C159917166,6120.0,0.0,M1649498695,0.0,0.0,0,0,1,1,1,9.585185,0,0,0,1,0,2.3765154,-8426.65,,1,0,0,0.0,0,0.0,-1,1,0,1,train
1,TRANSFER,272709.33,C1012552887,76067.0,0.0,C1935365522,0.0,158433.78,0,0,1,1,1,12.516166,0,0,0,0,1,3.585073,-196642.33,-114275.55,1,0,0,0.0,0,0.0,-1,1,0,1,train
1,PAYMENT,7669.42,C1643299824,29659.0,21989.58,M688988404,0.0,0.0,0,0,1,1,1,8.945127,0,0,0,1,0,0.25857788,0.0,,0,0,0,0.0,0,0.0,-1,1,0,1,train
1,CASH_OUT,14750.26,C1098568947,21989.58,7239.33,C1899073220,1096233.87,420946.86,0,0,1,1,1,9.599084,0,1,0,0,0,0.67075354,-0.01,-690037.25,0,0,0,0.0,0,0.0,-1,1,0,1,train
1,CASH_OUT,107421.26,C795594631,7239.33,0.0,C1983747920,226328.33,95508.95,0,0,1,1,1,11.584522,0,1,0,0,0,14.836514,-100181.93,-238240.64,1,0,0,0.0,0,0.0,-1,1,0,1,train
1,CASH_OUT,36448.64,C1492219097,0.0,0.0,C832279283,148941.17,185389.8,0,0,1,1,1,10.503687,0,1,0,0,0,36448.64,-36448.64,-0.01,0,0,0,0.0,0,0.0,-1,1,0,1,train
1,CASH_OUT,12939.66,C2026371507,0.0,0.0,C837659261,88439.28,57472.15,0,0,1,1,1,9.468129,0,1,0,0,0,12939.66,-12939.66,-43906.79,0,0,0,0.0,0,0.0,-1,1,0,1,train
1,CASH_OUT,198137.4,C1871542036,0.0,0.0,C747464370,1624385.68,1567434.81,0,0,1,1,1,12.196721,0,1,0,0,0,198137.4,-198137.4,-255088.27,0,0,0,0.0,0,0.0,-1,1,0,1,train
1,CASH_OUT,112193.65,C510368405,0.0,0.0,C977993101,767274.47,965870.05,0,0,1,1,1,11.627991,0,1,0,0,0,112193.65,-112193.65,86401.93,0,0,0,0.0,0,0.0,-1,1,0,1,train
1,CASH_OUT,40030.78,C1299145277,0.0,0.0,C665576141,6458842.26,5515763.34,0,0,1,1,1,10.597429,0,1,0,0,0,40030.78,-40030.78,-983109.7,0,0,0,0.0,0,0.0,-1,1,0,1,train
1,CASH_OUT,207283.84,C178393154,0.0,0.0,C1749186397,215955.02,277515.05,0,0,1,1,1,12.241849,0,1,0,0,0,207283.84,-207283.84,-145723.81,0,0,0,0.0,0,0.0,-1,1,0,1,train
1,CASH_OUT,141648.13,C244577237,0.0,0.0,C1060830840,413572.32,130747.56,0,0,1,1,1,11.861109,0,1,0,0,0,141648.12,-141648.12,-424472.88,0,0,0,0.0,0,0.0,-1,1,0,1,train
1,CASH_OUT,361980.67,C1290698656,0.0,0.0,C248609774,6057072.17,6453430.91,0,0,1,1,1,12.799349,0,1,0,0,0,361980.66,-361980.66,34378.07,0,0,0,0.0,0,0.0,-1,1,0,1,train
1,CASH_OUT,614317.64,C2049348234,0.0,0.0,C1782113663,4541021.72,3997768.55,0,0,1,1,1,13.328269,0,1,0,0,0,614317.6,-614317.6,-1.1575708e+06,0,0,0,0.0,0,0.0,-1,1,0,1,train
1,CASH_OUT,233255.73,C1612496268,0.0,0.0,C306206744,3214080.61,3554299.27,0,0,1,1,1,12.359895,0,1,0,0,0,233255.73,-233255.73,106962.93,0,0,0,0.0,0,0.0,-1,1,0,1,train
1,PAYMENT,1420.96,C1904273153,21593.0,20172.04,M1311544814,0.0,0.0,0,0,1,1,1,7.2597914,0,0,0,1,0,0.06580346,0.0,,0,0,0,0.0,0,0.0,-1,1,0,1,train
1,CASH_OUT,132842.64,C13692003,4499.08,0.0,C297927961,0.0,132842.64,1,0,1,1,1,11.796928,0,1,0,0,0,29.520061,-128343.56,0.0,1,0,0,0.0,0,0.0,-1,1,0,1,train
1,PAYMENT,4881.52,C94748968,0.0,0.0,M1944815218,0.0,0.0,0,0,1,1,1,8.493417,0,0,0,1,0,4881.52,-4881.52,,0,0,0,0.0,0,0.0,-1,1,0,1,train
1,PAYMENT,14403.17,C1497558532,0.0,0.0,M1584833211,0.0,0.0,0,0,1,1,1,9.575273,0,0,0,1,0,14403.17,-14403.17,,0,0,0,0.0,0,0.0,-1,1,0,1,train
1,PAYMENT,4843.76,C1970377948,0.0,0.0,M1518752790,0.0,0.0,0,0,1,1,1,8.485653,0,0,0,1,0,4843.76,-4843.76,,0,0,0,0.0,0,0.0,-1,1,0,1,train
1,PAYMENT,7143.2,C351970188,0.0,0.0,M2146613458,0.0,0.0,0,0,1,1,1,8.874056,0,0,0,1,0,7143.2,-7143.2,,0,0,0,0.0,0,0.0,-1,1,0,1,train
1,PAYMENT,2279.65,C115086468,0.0,0.0,M1855112877,0.0,0.0,0,0,1,1,1,7.732216,0,0,0,1,0,2279.65,-2279.65,,0,0,0,0.0,0,0.0,-1,1,0,1,train
1,PAYMENT,2571.49,C800456240,0.0,0.0,M1164699452,0.0,0.0,0,0,1,1,1,7.8526297,0,0,0,1,0,2571.49,-2571.49,,0,0,0,0.0,0,0.0,-1,1,0,1,train
1,PAYMENT,2873.37,C594916129,0.0,0.0,M1537912396,0.0,0.0,0,0,1,1,1,7.9635887,0,0,0,1,0,2873.37,-2873.37,,0,0,0,0.0,0,0.0,-1,1,0,1,train
1,PAYMENT,7394.33,C1533972343,0.0,0.0,M1101451553,0.0,0.0,0,0,1,1,1,8.908604,0,0,0,1,0,7394.33,-7394.33,,0,0,0,0.0,0,0.0,-1,1,0,1,train
1,PAYMENT,21902.51,C1329897103,0.0,0.0,M1091736037,0.0,0.0,0,0,1,1,1,9.994402,0,0,0,1,0,21902.51,-21902.51,,0,0,0,0.0,0,0.0,-1,1,0,1,train
1,PAYMENT,1730.16,C1848163207,0.0,0.0,M435175610,0.0,0.0,0,0,1,1,1,7.456547,0,0,0,1,0,1730.16,-1730.16,,0,0,0,0.0,0,0.0,-1,1,0,1,train
1,PAYMENT,11491.76,C1923810797,0.0,0.0,M669200356,0.0,0.0,0,0,1,1,1,9.349473,0,0,0,1,0,11491.76,-11491.76,,0,0,0,0.0,0,0.0,-1,1,0,1,train
1,PAYMENT,14204.94,C205278236,0.0,0.0,M399653041,0.0,0.0,0,0,1,1,1,9.561416,0,0,0,1,0,14204.94,-14204.94,,0,0,0,0.0,0,0.0,-1,1,0,1,train
1,PAYMENT,14432.6,C1031586763,0.0,0.0,M56510351,0.0,0.0,0,0,1,1,1,9.577314,0,0,0,1,0,14432.6,-14432.6,,0,0,0,0.0,0,0.0,-1,1,0,1,train
1,PAYMENT,2501.21,C1835841364,0.0,0.0,M1803361784,0.0,0.0,0,0,1,1,1,7.8249297,0,0,0,1,0,2501.21,-2501.21,,0,0,0,0.0,0,0.0,-1,1,0,1,train
1,PAYMENT,27845.63,C809822663,0.0,0.0,M1104654975,0.0,0.0,0,0,1,1,1,10.2344675,0,0,0,1,0,27845.63,-27845.63,,0,0,0,0.0,0,0.0,-1,1,0,1,train
1,PAYMENT,900.37,C1225353990,0.0,0.0,M1243102466,0.0,0.0,0,0,1,1,1,6.803916,0,0,0,1,0,900.37,-900.37,,0,0,0,0.0,0,0.0,-1,1,0,1,train
1,PAYMENT,28147.47,C1560670039,0.0,0.0,M557705922,0.0,0.0,0,0,1,1,1,10.245248,0,0,0,1,0,28147.47,-28147.47,,0,0,0,0.0,0,0.0,-1,1,0,1,train
1,PAYMENT,3782.98,C602858680,0.0,0.0,M680865258,0.0,0.0,0,0,1,1,1,8.238532,0,0,0,1,0,3782.98,-3782.98,,0,0,0,0.0,0,0.0,-1,1,0,1,train
1,PAYMENT,4828.64,C1519911160,0.0,0.0,M339581587,0.0,0.0,0,0,1,1,1,8.482527,0,0,0,1,0,4828.64,-4828.64,,0,0,0,0.0,0,0.0,-1,1,0,1,train
1,PAYMENT,6540.9,C1075996552,0.0,0.0,M1096411163,0.0,0.0,0,0,1,1,1,8.785983,0,0,0,1,0,6540.9,-6540.9,,0,0,0,0.0,0,0.0,-1,1,0,1,train
1,PAYMENT,21840.26,C1532800776,0.0,0.0,M600657906,0.0,0.0,0,0,1,1,1,9.991556,0,0,0,1,0,21840.26,-21840.26,,0,0,0,0.0,0,0.0,-1,1,0,1,train
1,PAYMENT,5805.93,C1887466020,2158.0,0.0,M2123846943,0.0,0.0,0,0,1,1,1,8.666807,0,0,0,1,0,2.6891756,-3647.93,,1,0,0,0.0,0,0.0,-1,1,0,1,train
1,PAYMENT,5018.24,C1074630954,29259.83,24241.59,M167175174,0.0,0.0,0,0,1,1,1,8.521034,0,0,0,1,0,0.17150027,3.637979e-12,,0,0,0,0.0,0,0.0,-1,1,0,1,train
1,PAYMENT,1066.91,C2056566350,24241.59,23174.68,M1047477166,0.0,0.0,0,0,1,1,1,6.973459,0,0,0,1,0,0.044009738,0.0,,0,0,0,0.0,0,0.0,-1,1,0,1,train
1,PAYMENT,1902.02,C306674056,176112.0,174209.98,M749693202,0.0,0.0,0,0,1,1,1,7.5511975,0,0,0,1,0,0.0107999975,0.0,,0,0,0,0.0,0,0.0,-1,1,0,1,train
1,PAYMENT,1982.04,C1943444495,534.0,0.0,M874740624,0.0,0.0,0,0,1,1,1,7.5923862,0,0,0,1,0,3.7047477,-1448.04,,1,0,0,0.0,0,0.0,-1,1,0,1,train
1,PAYMENT,7020.05,C486662053,106102.0,99081.95,M1244775150,0.0,0.0,0,0,1,1,1,8.856668,0,0,0,1,0,0.06616259,0.0,,0,0,0,0.0,0,0.0,-1,1,0,1,train
1,PAYMENT,11488.23,C222300483,20243.0,8754.77,M571481216,0.0,0.0,0,0,1,1,1,9.349165,0,0,0,1,0,0.56748813,0.0,,0,0,0,0.0,0,0.0,-1,1,0,1,train
1,PAYMENT,1253.6,C838800272,10861.0,9607.4,M1973256691,0.0,0.0,0,0,1,1,1,7.134572,0,0,0,1,0,0.11541153,0.0,,0,0,0,0.0,0,0.0,-1,1,0,1,train
1,PAYMENT,10183.1,C2015007762,99731.0,89547.9,M1514955661,0.0,0.0,0,0,1,1,1,9.228583,0,0,0,1,0,0.10210464,0.0,,0,0,0,0.0,0,0.0,-1,1,0,1,train
1,CASH_OUT,146534.96,C333879495,21114.0,0.0,C1112414583,0.0,67762.92,0,0,1,1,1,11.895026,0,1,0,0,0,6.9398513,-125420.96,-78772.04,1,0,0,0.0,0,0.0,-1,1,0,1,train
1,PAYMENT,5616.1,C183304529,0.0,0.0,M645643802,0.0,0.0,0,0,1,1,1,8.633571,0,0,0,1,0,5616.1,-5616.1,,0,0,0,0.0,0,0.0,-1,1,0,1,train
1,PAYMENT,5272.81,C521331027,30072.0,24799.19,M949314262,0.0,0.0,0,0,1,1,1,8.570508,0,0,0,1,0,0.1753337,0.0,,0,0,0,0.0,0,0.0,-1,1,0,1,train
1,TRANSFER,236343.99,C1511004956,43010.81,0.0,C1826334428,8061.0,33316.54,0,0,1,1,1,12.373048,0,0,0,0,1,5.4948626,-193333.19,-211088.45,1,0,0,0.0,0,0.0,-1,1,0,1,train
1,TRANSFER,86401.93,C559998250,0.0,0.0,C977993101,879468.12,965870.05,0,0,1,1,1,11.366776,0,0,0,0,1,86401.93,-86401.93,5.820766e-11,0,0,0,0.0,0,0.0,-1,1,0,1,train
1,PAYMENT,3923.32,C703627308,291.0,0.0,M979420182,0.0,0.0,0,0,1,1,1,8.274948,0,0,0,1,0,13.436028,-3632.32,,1,0,0,0.0,0,0.0,-1,1,0,1,train
1,CASH_OUT,289326.88,C1626529981,39689.0,0.0,C1076835071,20919.34,318637.36,0,0,1,1,1,12.575315,0,1,0,0,0,7.289667,-249637.88,8391.14,1,0,0,0.0,0,0.0,-1,1,0,1,train
1,DEBIT,4444.35,C1184694332,10229.0,5784.65,C611572016,26112.94,2608.64,0,0,1,1,1,8.399614,0,0,1,0,0,0.43444282,0.0,-27948.65,0,0,0,0.0,0,0.0,-1,1,0,1,train
1,PAYMENT,5323.28,C1799424291,22141.0,16817.72,M1472012329,0.0,0.0,0,0,1,1,1,8.580032,0,0,0,1,0,0.2404155,0.0,,0,0,0,0.0,0,0.0,-1,1,0,1,train
1,PAYMENT,2141.82,C540923243,41643.0,39501.18,M244297136,0.0,0.0,0,0,1,1,1,7.669878,0,0,0,1,0,0.05143166,0.0,,0,0,0,0.0,0,0.0,-1,1,0,1,train
1,PAYMENT,328.07,C1835316563,31485.0,31156.93,M1399225534,0.0,0.0,0,0,1,1,1,5.7962704,0,0,0,1,0,0.010419551,0.0,,0,0,0,0.0,0,0.0,-1,1,0,1,train
1,PAYMENT,1439.72,C490630452,2102.0,662.28,M1857007886,0.0,0.0,0,0,1,1,1,7.272898,0,0,0,1,0,0.684603,0.0,,0,0,0,0.0,0,0.0,-1,1,0,1,train
1,PAYMENT,4416.74,C648630181,3215.18,0.0,M1179272258,0.0,0.0,0,0,1,1,1,8.393384,0,0,0,1,0,1.3732876,-1201.56,,1,0,0,0.0,0,0.0,-1,1,0,1,train
1,CASH_OUT,84051.0,C678680178,0.0,0.0,C1529115495,89583.69,67268.02,0,0,1,1,1,11.3391905,0,1,0,0,0,84051.0,-84051.0,-106366.67,0,0,0,0.0,0,0.0,-1,1,0,1,train
1,PAYMENT,1246.74,C1002911155,1468.0,221.26,M1467977993,0.0,0.0,0,0,1,1,1,7.1290894,0,0,0,1,0,0.8486998,0.0,,0,0,0,0.0,0,0.0,-1,1,0,1,train
1,PAYMENT,1527.08,C1124317168,710262.99,708735.91,M1970612644,0.0,0.0,0,0,1,1,1,7.3317676,0,0,0,1,0,0.0021500175,0.0,,0,0,0,0.0,0,0.0,-1,1,0,1,train
1,TRANSFER,38829.9,C2006835220,708735.91,669906.01,C747464370,1822523.08,1567434.81,0,0,1,1,1,10.566972,0,0,0,0,1,0.05478747,0.0,-293918.16,0,0,0,0.0,0,0.0,-1,1,0,1,train
1,PAYMENT,749.26,C1547817015,724.0,0.0,M35864696,0.0,0.0,0,0,1,1,1,6.62042,0,0,0,1,0,1.033462,-25.26,,1,0,0,0.0,0,0.0,-1,1,0,1,train
1,PAYMENT,2560.3,C1590129041,7257.0,4696.7,M1178777373,0.0,0.0,0,0,1,1,1,7.8482704,0,0,0,1,0,0.35275558,0.0,,0,0,0,0.0,0,0.0,-1,1,0,1,train
1,TRANSFER,383736.31,C340789130,11294.0,0.0,C1259769769,21835.74,252055.24,0,0,1,1,1,12.857714,0,0,0,0,1,33.974,-372442.3,-153516.81,1,0,0,0.0,0,0.0,-1,1,0,1,train
1,DEBIT,917.38,C208184824,200895.0,199977.62,C1219273867,10122.73,18474.7,0,0,1,1,1,6.8226113,0,0,1,0,0,0.004566442,0.0,7434.59,0,0,0,0.0,0,0.0,-1,1,0,1,train
1,PAYMENT,6905.9,C1774589469,10614.5,3708.6,M988786279,0.0,0.0,0,0,1,1,1,8.840276,0,0,0,1,0,0.6505487,4.5474735e-13,,0,0,0,0.0,0,0.0,-1,1,0,1,train
1,PAYMENT,3611.72,C773296871,3708.6,96.88,M1729734072,0.0,0.0,0,0,1,1,1,8.192216,0,0,0,1,0,0.9736144,1.1368684e-13,,0,0,0,0.0,0,0.0,-1,1,0,1,train
1,PAYMENT,8949.54,C1052127672,44131.37,35181.82,M2037202079,0.0,0.0,0,0,1,1,1,9.099469,0,0,0,1,0,0.20278856,0.01,,0,0,0,0.0,0,0.0,-1,1,0,1,train
1,PAYMENT,2193.94,C1811880447,35181.82,32987.88,M1105282397,0.0,0.0,0,0,1,1,1,7.69391,0,0,0,1,0,0.062358275,0.0,,0,0,0,0.0,0,0.0,-1,1,0,1,train
1,PAYMENT,9479.66,C1314228008,32987.88,23508.22,M1590481849,0.0,0.0,0,0,1,1,1,9.157009,0,0,0,1,0,0.28735927,-3.637979e-12,,0,0,0,0.0,0,0.0,-1,1,0,1,train
1,PAYMENT,10757.7,C1299126654,666.0,0.0,M116356643,0.0,0.0,0,0,1,1,1,9.28347,0,0,0,1,0,16.128487,-10091.7,,1,0,0,0.0,0,0.0,-1,1,0,1,train
1,PAYMENT,6259.18,C1692523793,156636.0,150376.82,M1544067887,0.0,0.0,0,0,1,1,1,8.741964,0,0,0,1,0,0.03995978,0.0,,0,0,0,0.0,0,0.0,-1,1,0,1,train
1,PAYMENT,7003.44,C1771687225,5777.0,0.0,M347791431,0.0,0.0,0,0,1,1,1,8.8543,0,0,0,1,0,1.2120873,-1226.44,,1,0,0,0.0,0,0.0,-1,1,0,1,train
1,PAYMENT,6872.19,C2128195220,32561.0,25688.81,M1720746883,0.0,0.0,0,0,1,1,1,8.835383,0,0,0,1,0,0.21104938,0.0,,0,0,0,0.0,0,0.0,-1,1,0,1,train
1,PAYMENT,911.27,C1095203437,25688.81,24777.54,M45880026,0.0,0.0,0,0,1,1,1,6.815936,0,0,0,1,0,0.035472043,0.0,,0,0,0,0.0,0,0.0,-1,1,0,1,train
1,PAYMENT,7694.63,C824357143,24777.54,17082.91,M1397530667,0.0,0.0,0,0,1,1,1,8.948408,0,0,0,1,0,0.31053606,0.0,,0,0,0,0.0,0,0.0,-1,1,0,1,train
1,PAYMENT,11353.99,C698498109,55825.0,44471.01,M1265287441,0.0,0.0,0,0,1,1,1,9.337413,0,0,0,1,0,0.20338176,0.0,,0,0,0,0.0,0,0.0,-1,1,0,1,train
1,PAYMENT,6683.73,C1877240674,484579.0,477895.27,M1495257933,0.0,0.0,0,0,1,1,1,8.807581,0,0,0,1,0,0.0137928305,0.0,,0,0,0,0.0,0,0.0,-1,1,0,1,train
1,PAYMENT,4261.17,C1642356615,4558.0,296.83,M2090563811,0.0,0.0,0,0,1,1,1,8.357533,0,0,0,1,0,0.93467206,-5.684342e-14,,0,0,0,0.0,0,0.0,-1,1,0,1,train
1,PAYMENT,6146.81,C812168041,123877.0,117730.19,M399149970,0.0,0.0,0,0,1,1,1,8.723851,0,0,0,1,0,0.04961987,0.0,,0,0,0,0.0,0,0.0,-1,1,0,1,train
1,DEBIT,4479.63,C1418851979,154215.6,149735.97,C339924917,7666.22,12145.85,0,0,1,1,1,8.407519,0,0,1,0,0,0.029047651,0.0,0.0,0,0,0,0.0,0,0.0,-1,1,0,1,train
1,CASH_OUT,144659.77,C1936375962,149735.97,149735.97,C757108857,149735.97,0.0,0,0,1,1,1,11.882147,0,1,0,0,0,0.9660925,-144659.77,-294395.75,0,0,0,0.0,0,0.0,-1,1,0,1,train
1,CASH_OUT,53094.17,C116184677,149735.97,96641.81,C1068824137,279693.52,265092.36,0,0,1,1,1,10.879841,0,1,0,0,0,0.3545829,-0.01,-67695.33,0,0,0,0.0,0,0.0,-1,1,0,1,train
1,CASH_OUT,43721.1,C1161382705,96641.81,52920.71,C1529115495,173634.69,67268.02,0,0,1,1,1,10.685609,0,1,0,0,0,0.4523989,0.0,-150087.77,0,0,0,0.0,0,0.0,-1,1,0,1,train
1,CASH_OUT,119537.32,C516413619,52920.71,0.0,C1826334428,244404.99,33316.54,0,0,1,1,1,11.691392,0,1,0,0,0,2.2587576,-66616.61,-330625.78,1,0,0,0.0,0,0.0,-1,1,0,1,train
1,CASH_OUT,33349.84,C990684641,0.0,0.0,C721748895,201888.82,0.0,0,0,1,1,1,10.414838,0,1,0,0,0,33349.84,-33349.84,-235238.66,0,0,0,0.0,0,0.0,-1,1,0,1,train
1,CASH_OUT,335979.26,C1538462491,0.0,0.0,C1883840933,16754461.83,16874643.09,0,0,1,1,1,12.724808,0,1,0,0,0,335979.25,-335979.25,-215798.0,0,0,0,0.0,0,0.0,-1,1,0,1,train
1,CASH_OUT,183842.53,C1423752095,0.0,0.0,C557041912,600205.85,557537.26,0,0,1,1,1,12.1218405,0,1,0,0,0,183842.53,-183842.53,-226511.12,0,0,0,0.0,0,0.0,-1,1,0,1,train
1,CASH_OUT,286737.98,C1962865655,0.0,0.0,C97730845,10361784.46,9940339.29,0,0,1,1,1,12.566328,0,1,0,0,0,286737.97,-286737.97,-708183.1,0,0,0,0.0,0,0.0,-1,1,0,1,train
1,CASH_OUT,472609.82,C704869156,0.0,0.0,C1740000325,515756.62,1363368.51,0,0,1,1,1,13.066028,0,1,0,0,0,472609.8,-472609.8,375002.06,0,0,0,0.0,0,0.0,-1,1,0,1,train
1,CASH_OUT,271982.1,C1777043124,0.0,0.0,C1076835071,310246.22,318637.36,0,0,1,1,1,12.513495,0,1,0,0,0,271982.1,-271982.1,-263590.97,0,0,0,0.0,0,0.0,-1,1,0,1,train
1,CASH_OUT,154611.64,C1482344533,0.0,0.0,C728885526,544383.38,897150.84,0,0,1,1,1,11.948678,0,1,0,0,0,154611.64,-154611.64,198155.81,0,0,0,0.0,0,0.0,-1,1,0,1,train
1,CASH_OUT,125275.0,C1538849250,0.0,0.0,C401424608,1477426.93,1178808.14,0,0,1,1,1,11.738275,0,1,0,0,0,125275.0,-125275.0,-423893.78,0,0,0,0.0,0,0.0,-1,1,0,1,train
1,CASH_OUT,443200.31,C1788034018,0.0,0.0,C306206744,3447336.33,3554299.27,0,0,1,1,1,13.00178,0,1,0,0,0,443200.3,-443200.3,-336237.38,0,0,0,0.0,0,0.0,-1,1,0,1,train
1,CASH_OUT,256481.43,C1601756706,0.0,0.0,C728885526,698995.02,897150.84,0,0,1,1,1,12.454816,0,1,0,0,0,256481.44,-256481.44,-58325.61,0,0,0,0.0,0,0.0,-1,1,0,1,train
1,CASH_OUT,236277.01,C1366212088,0.0,0.0,C453211571,3324684.82,3461666.05,0,0,1,1,1,12.372765,0,1,0,0,0,236277.02,-236277.02,-99295.78,0,0,0,0.0,0,0.0,-1,1,0,1,train
1,PAYMENT,7071.77,C1300576734,159939.0,152867.23,M1052399527,0.0,0.0,0,0,1,1,1,8.864008,0,0,0,1,0,0.044215143,0.0,,0,0,0,0.0,0,0.0,-1,1,0,1,train
1,PAYMENT,6511.48,C657069980,3216707.72,3210196.24,M51376124,0.0,0.0,0,0,1,1,1,8.781476,0,0,0,1,0,0.0020242678,0.0,,0,0,0,0.0,0,0.0,-1,1,0,1,train
1,PAYMENT,8592.89,C1730182538,3210196.24,3201603.35,M197855654,0.0,0.0,0,0,1,1,1,9.058806,0,0,0,1,0,0.0026767482,0.0,,0,0,0,0.0,0,0.0,-1,1,0,1,train
1,DEBIT,2356.99,C2083154356,34681.0,32324.01,C1234776885,2643188.16,2025098.66,0,0,1,1,1,7.765565,0,0,1,0,0,0.06796004,3.637979e-12,-620446.5,0,0,0,0.0,0,0.0,-1,1,0,1,train
1,CASH_OUT,287126.39,C10885570,1861352.98,1574226.59,C793315160,29078.22,139915.18,0,0,1,1,1,12.567681,0,1,0,0,0,0.15425673,-2.3283064e-10,-176289.44,0,0,0,0.0,0,0.0,-1,1,0,1,train
1,PAYMENT,7363.65,C1687087217,1574226.59,1566862.94,M928734079,0.0,0.0,0,0,1,1,1,8.904447,0,0,0,1,0,0.0046776272,2.3283064e-10,,0,0,0,0.0,0,0.0,-1,1,0,1,train
